{"timestamp": "2026-09-01T17:44:26.495859+00:00", "event": "BATCH_START", "status": "OK", "rule": "engine", "confidence": null, "params": {"gateway": 100, "bank": 100, "ledger": 100}}
{"timestamp": "2026-09-01T17:44:26.594779+00:00", "event": "ROWS_MATCHED", "status": "OK", "rule": "PASS1_EXACT", "confidence": 1.0, "params": {"txn_id": "TXN000001", "order_id": "ORD0001", "amount_paise": 1062600}}
{"timestamp": "2026-09-01T17:44:26.595663+00:00", "event": "ROWS_MATCHED", "status": "OK", "rule": "PASS1_EXACT", "confidence": 1.0, "params": {"txn_id": "TXN000002", "order_id": "ORD0002", "amount_paise": 55900}}
{"timestamp": "2026-09-01T17:44:26.596396+00:00", "event": "ROWS_MATCHED", "status": "OK", "rule": "PASS1_EXACT", "confidence": 1.0, "params": {"txn_id": "TXN000003", "order_id": "ORD0003", "amount_paise": 465600}}
{"timestamp": "2026-09-01T17:44:26.597190+00:00", "event": "ROWS_MATCHED", "status": "OK", "rule": "PASS1_EXACT", "confidence": 1.0, "params": {"txn_id": "TXN000004", "order_id": "ORD0004", "amount_paise": 380700}}
{"timestamp": "2026-09-01T17:44:26.597803+00:00", "event": "ROWS_MATCHED", "status": "OK", "rule": "PASS1_EXACT", "confidence": 1.0, "params": {"txn_id": "TXN000005", "order_id": "ORD0005", "amount_paise": 1221600}}
{"timestamp": "2026-09-01T17:44:26.598452+00:00", "event": "ROWS_MATCHED", "status": "OK", "rule": "PASS1_EXACT", "confidence": 1.0, "params": {"txn_id": "TXN000006", "order_id": "ORD0006", "amount_paise": 1123700}}
{"timestamp": "2026-09-01T17:44:26.599025+00:00", "event": "ROWS_MATCHED", "status": "OK", "rule": "PASS1_EXACT", "confidence": 1.0, "params": {"txn_id": "TXN000007", "order_id": "ORD0007", "amount_paise": 1476700}}
{"timestamp": "2026-09-01T17:44:26.599786+00:00", "event": "ROWS_MATCHED", "status": "OK", "rule": "PASS1_EXACT", "confidence": 1.0, "params": {"txn_id": "TXN000008", "order_id": "ORD0008", "amount_paise": 157400}}
{"timestamp": "2026-09-01T17:44:26.601120+00:00", "event": "ROWS_MATCHED", "status": "OK", "rule": "PASS1_EXACT", "confidence": 1.0, "params": {"txn_id": "TXN000009", "order_id": "ORD0009", "amount_paise": 706200}}
{"timestamp": "2026-09-01T17:44:26.602669+00:00", "event": "ROWS_MATCHED", "status": "OK", "rule": "PASS1_EXACT", "confidence": 1.0, "params": {"txn_id": "TXN000010", "order_id": "ORD0010", "amount_paise": 63800}}
{"timestamp": "2026-09-01T17:44:26.604117+00:00", "event": "ROWS_MATCHED", "status": "OK", "rule": "PASS1_EXACT", "confidence": 1.0, "params": {"txn_id": "TXN000011", "order_id": "ORD0011", "amount_paise": 373200}}
{"timestamp": "2026-09-01T17:44:26.605342+00:00", "event": "ROWS_MATCHED", "status": "OK", "rule": "PASS1_EXACT", "confidence": 1.0, "params": {"txn_id": "TXN000012", "order_id": "ORD0012", "amount_paise": 842900}}
{"timestamp": "2026-09-01T17:44:26.606495+00:00", "event": "ROWS_MATCHED", "status": "OK", "rule": "PASS1_EXACT", "confidence": 1.0, "params": {"txn_id": "TXN000013", "order_id": "ORD0013", "amount_paise": 58400}}
{"timestamp": "2026-09-01T17:44:26.607592+00:00", "event": "ROWS_MATCHED", "status": "OK", "rule": "PASS1_EXACT", "confidence": 1.0, "params": {"txn_id": "TXN000014", "order_id": "ORD0014", "amount_paise": 340700}}
{"timestamp": "2026-09-01T17:44:26.608537+00:00", "event": "ROWS_MATCHED", "status": "OK", "rule": "PASS1_EXACT", "confidence": 1.0, "params": {"txn_id": "TXN000015", "order_id": "ORD0015", "amount_paise": 1079700}}
{"timestamp": "2026-09-01T17:44:26.609443+00:00", "event": "ROWS_MATCHED", "status": "OK", "rule": "PASS1_EXACT", "confidence": 1.0, "params": {"txn_id": "TXN000016", "order_id": "ORD0016", "amount_paise": 907800}}
{"timestamp": "2026-09-01T17:44:26.611040+00:00", "event": "ROWS_MATCHED", "status": "OK", "rule": "PASS1_EXACT", "confidence": 1.0, "params": {"txn_id": "TXN000017", "order_id": "ORD0017", "amount_paise": 376100}}
{"timestamp": "2026-09-01T17:44:26.612784+00:00", "event": "ROWS_MATCHED", "status": "OK", "rule": "PASS1_EXACT", "confidence": 1.0, "params": {"txn_id": "TXN000018", "order_id": "ORD0018", "amount_paise": 980400}}
{"timestamp": "2026-09-01T17:44:26.614849+00:00", "event": "ROWS_MATCHED", "status": "OK", "rule": "PASS1_EXACT", "confidence": 1.0, "params": {"txn_id": "TXN000019", "order_id": "ORD0019", "amount_paise": 1341100}}
{"timestamp": "2026-09-01T17:44:26.616671+00:00", "event": "ROWS_MATCHED", "status": "OK", "rule": "PASS1_EXACT", "confidence": 1.0, "params": {"txn_id": "TXN000020", "order_id": "ORD0020", "amount_paise": 25600}}
{"timestamp": "2026-09-01T17:44:26.618581+00:00", "event": "ROWS_MATCHED", "status": "OK", "rule": "PASS1_EXACT", "confidence": 1.0, "params": {"txn_id": "TXN000021", "order_id": "ORD0021", "amount_paise": 1335200}}
{"timestamp": "2026-09-01T17:44:26.620072+00:00", "event": "ROWS_MATCHED", "status": "OK", "rule": "PASS1_EXACT", "confidence": 1.0, "params": {"txn_id": "TXN000022", "order_id": "ORD0022", "amount_paise": 1158800}}
{"timestamp": "2026-09-01T17:44:26.621804+00:00", "event": "ROWS_MATCHED", "status": "OK", "rule": "PASS1_EXACT", "confidence": 1.0, "params": {"txn_id": "TXN000023", "order_id": "ORD0023", "amount_paise": 572400}}
{"timestamp": "2026-09-01T17:44:26.622653+00:00", "event": "ROWS_MATCHED", "status": "OK", "rule": "PASS1_EXACT", "confidence": 1.0, "params": {"txn_id": "TXN000024", "order_id": "ORD0024", "amount_paise": 269700}}
{"timestamp": "2026-09-01T17:44:26.623295+00:00", "event": "ROWS_MATCHED", "status": "OK", "rule": "PASS1_EXACT", "confidence": 1.0, "params": {"txn_id": "TXN000025", "order_id": "ORD0025", "amount_paise": 1265900}}
{"timestamp": "2026-09-01T17:44:26.623825+00:00", "event": "ROWS_MATCHED", "status": "OK", "rule": "PASS1_EXACT", "confidence": 1.0, "params": {"txn_id": "TXN000026", "order_id": "ORD0026", "amount_paise": 182400}}
{"timestamp": "2026-09-01T17:44:26.624240+00:00", "event": "ROWS_MATCHED", "status": "OK", "rule": "PASS1_EXACT", "confidence": 1.0, "params": {"txn_id": "TXN000027", "order_id": "ORD0027", "amount_paise": 637400}}
{"timestamp": "2026-09-01T17:44:26.625178+00:00", "event": "ROWS_MATCHED", "status": "OK", "rule": "PASS1_EXACT", "confidence": 1.0, "params": {"txn_id": "TXN000028", "order_id": "ORD0028", "amount_paise": 603100}}
{"timestamp": "2026-09-01T17:44:26.626796+00:00", "event": "ROWS_MATCHED", "status": "OK", "rule": "PASS1_EXACT", "confidence": 1.0, "params": {"txn_id": "TXN000029", "order_id": "ORD0029", "amount_paise": 578500}}
{"timestamp": "2026-09-01T17:44:26.628097+00:00", "event": "ROWS_MATCHED", "status": "OK", "rule": "PASS1_EXACT", "confidence": 1.0, "params": {"txn_id": "TXN000030", "order_id": "ORD0030", "amount_paise": 448300}}
{"timestamp": "2026-09-01T17:44:26.628715+00:00", "event": "ROWS_MATCHED", "status": "OK", "rule": "PASS1_EXACT", "confidence": 1.0, "params": {"txn_id": "TXN000031", "order_id": "ORD0031", "amount_paise": 86100}}
{"timestamp": "2026-09-01T17:44:26.629383+00:00", "event": "ROWS_MATCHED", "status": "OK", "rule": "PASS1_EXACT", "confidence": 1.0, "params": {"txn_id": "TXN000032", "order_id": "ORD0032", "amount_paise": 767700}}
{"timestamp": "2026-09-01T17:44:26.630036+00:00", "event": "ROWS_MATCHED", "status": "OK", "rule": "PASS1_EXACT", "confidence": 1.0, "params": {"txn_id": "TXN000033", "order_id": "ORD0033", "amount_paise": 219500}}
{"timestamp": "2026-09-01T17:44:26.630793+00:00", "event": "ROWS_MATCHED", "status": "OK", "rule": "PASS1_EXACT", "confidence": 1.0, "params": {"txn_id": "TXN000034", "order_id": "ORD0034", "amount_paise": 635100}}
{"timestamp": "2026-09-01T17:44:26.631358+00:00", "event": "ROWS_MATCHED", "status": "OK", "rule": "PASS1_EXACT", "confidence": 1.0, "params": {"txn_id": "TXN000035", "order_id": "ORD0035", "amount_paise": 919400}}
{"timestamp": "2026-09-01T17:44:26.633054+00:00", "event": "ROWS_MATCHED", "status": "OK", "rule": "PASS1_EXACT", "confidence": 1.0, "params": {"txn_id": "TXN000036", "order_id": "ORD0036", "amount_paise": 1373800}}
{"timestamp": "2026-09-01T17:44:26.634447+00:00", "event": "ROWS_MATCHED", "status": "OK", "rule": "PASS1_EXACT", "confidence": 1.0, "params": {"txn_id": "TXN000037", "order_id": "ORD0037", "amount_paise": 1028300}}
{"timestamp": "2026-09-01T17:44:26.635965+00:00", "event": "ROWS_MATCHED", "status": "OK", "rule": "PASS1_EXACT", "confidence": 1.0, "params": {"txn_id": "TXN000038", "order_id": "ORD0038", "amount_paise": 1426800}}
{"timestamp": "2026-09-01T17:44:26.637859+00:00", "event": "ROWS_MATCHED", "status": "OK", "rule": "PASS1_EXACT", "confidence": 1.0, "params": {"txn_id": "TXN000039", "order_id": "ORD0039", "amount_paise": 960900}}
{"timestamp": "2026-09-01T17:44:26.639428+00:00", "event": "ROWS_MATCHED", "status": "OK", "rule": "PASS1_EXACT", "confidence": 1.0, "params": {"txn_id": "TXN000040", "order_id": "ORD0040", "amount_paise": 1169300}}
{"timestamp": "2026-09-01T17:44:26.640650+00:00", "event": "ROWS_MATCHED", "status": "OK", "rule": "PASS1_EXACT", "confidence": 1.0, "params": {"txn_id": "TXN000041", "order_id": "ORD0041", "amount_paise": 90000}}
{"timestamp": "2026-09-01T17:44:26.641782+00:00", "event": "ROWS_MATCHED", "status": "OK", "rule": "PASS1_EXACT", "confidence": 1.0, "params": {"txn_id": "TXN000042", "order_id": "ORD0042", "amount_paise": 388300}}
{"timestamp": "2026-09-01T17:44:26.642863+00:00", "event": "ROWS_MATCHED", "status": "OK", "rule": "PASS1_EXACT", "confidence": 1.0, "params": {"txn_id": "TXN000043", "order_id": "ORD0043", "amount_paise": 489100}}
{"timestamp": "2026-09-01T17:44:26.644479+00:00", "event": "ROWS_MATCHED", "status": "OK", "rule": "PASS1_EXACT", "confidence": 1.0, "params": {"txn_id": "TXN000044", "order_id": "ORD0044", "amount_paise": 1416300}}
{"timestamp": "2026-09-01T17:44:26.646006+00:00", "event": "ROWS_MATCHED", "status": "OK", "rule": "PASS1_EXACT", "confidence": 1.0, "params": {"txn_id": "TXN000045", "order_id": "ORD0045", "amount_paise": 1434600}}
{"timestamp": "2026-09-01T17:44:26.647287+00:00", "event": "ROWS_MATCHED", "status": "OK", "rule": "PASS1_EXACT", "confidence": 1.0, "params": {"txn_id": "TXN000046", "order_id": "ORD0046", "amount_paise": 637700}}
{"timestamp": "2026-09-01T17:44:26.648440+00:00", "event": "ROWS_MATCHED", "status": "OK", "rule": "PASS1_EXACT", "confidence": 1.0, "params": {"txn_id": "TXN000047", "order_id": "ORD0047", "amount_paise": 757800}}
{"timestamp": "2026-09-01T17:44:26.649565+00:00", "event": "ROWS_MATCHED", "status": "OK", "rule": "PASS1_EXACT", "confidence": 1.0, "params": {"txn_id": "TXN000048", "order_id": "ORD0048", "amount_paise": 1381600}}
{"timestamp": "2026-09-01T17:44:26.651126+00:00", "event": "ROWS_MATCHED", "status": "OK", "rule": "PASS1_EXACT", "confidence": 1.0, "params": {"txn_id": "TXN000049", "order_id": "ORD0049", "amount_paise": 281400}}
{"timestamp": "2026-09-01T17:44:26.652212+00:00", "event": "ROWS_MATCHED", "status": "OK", "rule": "PASS1_EXACT", "confidence": 1.0, "params": {"txn_id": "TXN000050", "order_id": "ORD0050", "amount_paise": 597000}}
{"timestamp": "2026-09-01T17:44:26.652845+00:00", "event": "ROWS_MATCHED", "status": "OK", "rule": "PASS1_EXACT", "confidence": 1.0, "params": {"txn_id": "TXN000051", "order_id": "ORD0051", "amount_paise": 1113000}}
{"timestamp": "2026-09-01T17:44:26.653399+00:00", "event": "ROWS_MATCHED", "status": "OK", "rule": "PASS1_EXACT", "confidence": 1.0, "params": {"txn_id": "TXN000052", "order_id": "ORD0052", "amount_paise": 1164800}}
{"timestamp": "2026-09-01T17:44:26.653856+00:00", "event": "ROWS_MATCHED", "status": "OK", "rule": "PASS1_EXACT", "confidence": 1.0, "params": {"txn_id": "TXN000053", "order_id": "ORD0053", "amount_paise": 1076700}}
{"timestamp": "2026-09-01T17:44:26.654432+00:00", "event": "ROWS_MATCHED", "status": "OK", "rule": "PASS1_EXACT", "confidence": 1.0, "params": {"txn_id": "TXN000054", "order_id": "ORD0054", "amount_paise": 1013000}}
{"timestamp": "2026-09-01T17:44:26.656046+00:00", "event": "ROWS_MATCHED", "status": "OK", "rule": "PASS1_EXACT", "confidence": 1.0, "params": {"txn_id": "TXN000055", "order_id": "ORD0055", "amount_paise": 295300}}
{"timestamp": "2026-09-01T17:44:26.657219+00:00", "event": "ROWS_MATCHED", "status": "OK", "rule": "PASS1_EXACT", "confidence": 1.0, "params": {"txn_id": "TXN000056", "order_id": "ORD0056", "amount_paise": 1209600}}
{"timestamp": "2026-09-01T17:44:26.658753+00:00", "event": "ROWS_MATCHED", "status": "OK", "rule": "PASS1_EXACT", "confidence": 1.0, "params": {"txn_id": "TXN000057", "order_id": "ORD0057", "amount_paise": 282700}}
{"timestamp": "2026-09-01T17:44:26.660417+00:00", "event": "ROWS_MATCHED", "status": "OK", "rule": "PASS1_EXACT", "confidence": 1.0, "params": {"txn_id": "TXN000058", "order_id": "ORD0058", "amount_paise": 636600}}
{"timestamp": "2026-09-01T17:44:26.661499+00:00", "event": "ROWS_MATCHED", "status": "OK", "rule": "PASS1_EXACT", "confidence": 1.0, "params": {"txn_id": "TXN000059", "order_id": "ORD0059", "amount_paise": 1063500}}
{"timestamp": "2026-09-01T17:44:26.663092+00:00", "event": "ROWS_MATCHED", "status": "OK", "rule": "PASS1_EXACT", "confidence": 1.0, "params": {"txn_id": "TXN000060", "order_id": "ORD0060", "amount_paise": 927500}}
{"timestamp": "2026-09-01T17:44:26.664624+00:00", "event": "ROWS_MATCHED", "status": "OK", "rule": "PASS1_EXACT", "confidence": 1.0, "params": {"txn_id": "TXN000061", "order_id": "ORD0061", "amount_paise": 1136600}}
{"timestamp": "2026-09-01T17:44:26.666427+00:00", "event": "ROWS_MATCHED", "status": "OK", "rule": "PASS1_EXACT", "confidence": 1.0, "params": {"txn_id": "TXN000062", "order_id": "ORD0062", "amount_paise": 1395900}}
{"timestamp": "2026-09-01T17:44:26.668225+00:00", "event": "ROWS_MATCHED", "status": "OK", "rule": "PASS1_EXACT", "confidence": 1.0, "params": {"txn_id": "TXN000063", "order_id": "ORD0063", "amount_paise": 1286300}}
{"timestamp": "2026-09-01T17:44:26.668974+00:00", "event": "ROWS_MATCHED", "status": "OK", "rule": "PASS1_EXACT", "confidence": 1.0, "params": {"txn_id": "TXN000064", "order_id": "ORD0064", "amount_paise": 390200}}
{"timestamp": "2026-09-01T17:44:26.670490+00:00", "event": "ROWS_MATCHED", "status": "OK", "rule": "PASS1_EXACT", "confidence": 1.0, "params": {"txn_id": "TXN000065", "order_id": "ORD0065", "amount_paise": 67500}}
{"timestamp": "2026-09-01T17:44:26.671069+00:00", "event": "ROWS_MATCHED", "status": "OK", "rule": "PASS1_EXACT", "confidence": 1.0, "params": {"txn_id": "TXN000083", "order_id": "ORD0083", "amount_paise": 1464600}}
{"timestamp": "2026-09-01T17:44:26.671673+00:00", "event": "ROWS_MATCHED", "status": "OK", "rule": "PASS1_EXACT", "confidence": 1.0, "params": {"txn_id": "TXN000084", "order_id": "ORD0084", "amount_paise": 1245200}}
{"timestamp": "2026-09-01T17:44:26.672189+00:00", "event": "ROWS_MATCHED", "status": "OK", "rule": "PASS1_EXACT", "confidence": 1.0, "params": {"txn_id": "TXN000085", "order_id": "ORD0085", "amount_paise": 1274200}}
{"timestamp": "2026-09-01T17:44:26.672913+00:00", "event": "ROWS_MATCHED", "status": "OK", "rule": "PASS1_EXACT", "confidence": 1.0, "params": {"txn_id": "TXN000086", "order_id": "ORD0086", "amount_paise": 572300}}
{"timestamp": "2026-09-01T17:44:26.673643+00:00", "event": "ROWS_MATCHED", "status": "OK", "rule": "PASS1_EXACT", "confidence": 1.0, "params": {"txn_id": "TXN000087", "order_id": "ORD0087", "amount_paise": 495800}}
{"timestamp": "2026-09-01T17:44:26.674168+00:00", "event": "ROWS_MATCHED", "status": "OK", "rule": "PASS1_EXACT", "confidence": 1.0, "params": {"txn_id": "TXN000088", "order_id": "ORD0088", "amount_paise": 274100}}
{"timestamp": "2026-09-01T17:44:26.675055+00:00", "event": "ROWS_MATCHED", "status": "OK", "rule": "PASS1_EXACT", "confidence": 1.0, "params": {"txn_id": "TXN000089", "order_id": "ORD0089", "amount_paise": 20300}}
{"timestamp": "2026-09-01T17:44:26.675734+00:00", "event": "ROWS_MATCHED", "status": "OK", "rule": "PASS1_EXACT", "confidence": 1.0, "params": {"txn_id": "TXN000090", "order_id": "ORD0090", "amount_paise": 1449900}}
{"timestamp": "2026-09-01T17:44:26.676364+00:00", "event": "ROWS_MATCHED", "status": "OK", "rule": "PASS1_EXACT", "confidence": 1.0, "params": {"txn_id": "TXN000091", "order_id": "ORD0091", "amount_paise": 446500}}
{"timestamp": "2026-09-01T17:44:26.677391+00:00", "event": "ROWS_MATCHED", "status": "OK", "rule": "PASS1_EXACT", "confidence": 1.0, "params": {"txn_id": "TXN000092", "order_id": "ORD0092", "amount_paise": 1263300}}
{"timestamp": "2026-09-01T17:44:26.678928+00:00", "event": "ROWS_MATCHED", "status": "OK", "rule": "PASS1_EXACT", "confidence": 1.0, "params": {"txn_id": "TXN000093", "order_id": "ORD0093", "amount_paise": 846700}}
{"timestamp": "2026-09-01T17:44:26.680448+00:00", "event": "ROWS_MATCHED", "status": "OK", "rule": "PASS1_EXACT", "confidence": 1.0, "params": {"txn_id": "TXN000095", "order_id": "ORD0095", "amount_paise": 846700}}
{"timestamp": "2026-09-01T17:44:26.682027+00:00", "event": "ROWS_MATCHED", "status": "OK", "rule": "PASS1_EXACT", "confidence": 1.0, "params": {"txn_id": "TXN000096", "order_id": "ORD0096", "amount_paise": 627600}}
{"timestamp": "2026-09-01T17:44:26.683244+00:00", "event": "ROWS_MATCHED", "status": "OK", "rule": "PASS1_EXACT", "confidence": 1.0, "params": {"txn_id": "TXN000098", "order_id": "ORD0098", "amount_paise": 15900}}
{"timestamp": "2026-09-01T17:44:26.684245+00:00", "event": "PASS1_COMPLETE", "status": "OK", "rule": "exact", "confidence": null, "params": {"matched": 79, "remaining_gateway": 21}}
{"timestamp": "2026-09-01T17:44:26.736731+00:00", "event": "ROWS_MATCHED", "status": "OK", "rule": "PASS2_FEE_TOLERANT", "confidence": 0.95, "params": {"txn_id": "TXN000066", "order_id": "ORD0066", "amount_paise": 531800}}
{"timestamp": "2026-09-01T17:44:26.737371+00:00", "event": "ROWS_MATCHED", "status": "OK", "rule": "PASS2_FEE_TOLERANT", "confidence": 0.95, "params": {"txn_id": "TXN000067", "order_id": "ORD0067", "amount_paise": 360600}}
{"timestamp": "2026-09-01T17:44:26.737894+00:00", "event": "ROWS_MATCHED", "status": "OK", "rule": "PASS2_FEE_TOLERANT", "confidence": 0.95, "params": {"txn_id": "TXN000068", "order_id": "ORD0068", "amount_paise": 1450800}}
{"timestamp": "2026-09-01T17:44:26.738365+00:00", "event": "ROWS_MATCHED", "status": "OK", "rule": "PASS2_FEE_TOLERANT", "confidence": 0.95, "params": {"txn_id": "TXN000069", "order_id": "ORD0069", "amount_paise": 1088800}}
{"timestamp": "2026-09-01T17:44:26.738789+00:00", "event": "ROWS_MATCHED", "status": "OK", "rule": "PASS2_FEE_TOLERANT", "confidence": 0.95, "params": {"txn_id": "TXN000070", "order_id": "ORD0070", "amount_paise": 1068200}}
{"timestamp": "2026-09-01T17:44:26.739662+00:00", "event": "ROWS_MATCHED", "status": "OK", "rule": "PASS2_FEE_TOLERANT", "confidence": 0.95, "params": {"txn_id": "TXN000071", "order_id": "ORD0071", "amount_paise": 243700}}
{"timestamp": "2026-09-01T17:44:26.740389+00:00", "event": "ROWS_MATCHED", "status": "OK", "rule": "PASS2_FEE_TOLERANT", "confidence": 0.95, "params": {"txn_id": "TXN000072", "order_id": "ORD0072", "amount_paise": 898000}}
{"timestamp": "2026-09-01T17:44:26.740855+00:00", "event": "ROWS_MATCHED", "status": "OK", "rule": "PASS2_FEE_TOLERANT", "confidence": 0.95, "params": {"txn_id": "TXN000073", "order_id": "ORD0073", "amount_paise": 716900}}
{"timestamp": "2026-09-01T17:44:26.741764+00:00", "event": "ROWS_MATCHED", "status": "OK", "rule": "PASS2_FEE_TOLERANT", "confidence": 0.95, "params": {"txn_id": "TXN000074", "order_id": "ORD0074", "amount_paise": 608000}}
{"timestamp": "2026-09-01T17:44:26.743230+00:00", "event": "ROWS_MATCHED", "status": "OK", "rule": "PASS2_FEE_TOLERANT", "confidence": 0.95, "params": {"txn_id": "TXN000075", "order_id": "ORD0075", "amount_paise": 241600}}
{"timestamp": "2026-09-01T17:44:26.744411+00:00", "event": "ROWS_MATCHED", "status": "OK", "rule": "PASS2_FEE_TOLERANT", "confidence": 0.95, "params": {"txn_id": "TXN000076", "order_id": "ORD0076", "amount_paise": 1253200}}
{"timestamp": "2026-09-01T17:44:26.745465+00:00", "event": "ROWS_MATCHED", "status": "OK", "rule": "PASS2_FEE_TOLERANT", "confidence": 0.95, "params": {"txn_id": "TXN000077", "order_id": "ORD0077", "amount_paise": 265400}}
{"timestamp": "2026-09-01T17:44:26.745930+00:00", "event": "ROWS_MATCHED", "status": "OK", "rule": "PASS2_FEE_TOLERANT", "confidence": 0.95, "params": {"txn_id": "TXN000078", "order_id": "ORD0078", "amount_paise": 1129900}}
{"timestamp": "2026-09-01T17:44:26.746598+00:00", "event": "ROWS_MATCHED", "status": "OK", "rule": "PASS2_FEE_TOLERANT", "confidence": 0.95, "params": {"txn_id": "TXN000079", "order_id": "ORD0079", "amount_paise": 645400}}
{"timestamp": "2026-09-01T17:44:26.747276+00:00", "event": "ROWS_MATCHED", "status": "OK", "rule": "PASS2_FEE_TOLERANT", "confidence": 0.95, "params": {"txn_id": "TXN000080", "order_id": "ORD0080", "amount_paise": 781800}}
{"timestamp": "2026-09-01T17:44:26.748213+00:00", "event": "ROWS_MATCHED", "status": "OK", "rule": "PASS2_FEE_TOLERANT", "confidence": 0.95, "params": {"txn_id": "TXN000081", "order_id": "ORD0081", "amount_paise": 921400}}
{"timestamp": "2026-09-01T17:44:26.748748+00:00", "event": "ROWS_MATCHED", "status": "OK", "rule": "PASS2_FEE_TOLERANT", "confidence": 0.95, "params": {"txn_id": "TXN000082", "order_id": "ORD0082", "amount_paise": 1129500}}
{"timestamp": "2026-09-01T17:44:26.749132+00:00", "event": "PASS2_COMPLETE", "status": "OK", "rule": "fee_tolerant", "confidence": null, "params": {"matched": 17, "remaining_gateway": 4}}
{"timestamp": "2026-09-01T17:44:26.749512+00:00", "event": "PASS3_START", "status": "OK", "rule": "ai", "confidence": null, "params": {"residual": 4}}
{"timestamp": "2026-09-01T17:44:26.751953+00:00", "event": "DECISION_ESCALATED", "status": "ESCALATED_TO_HUMAN", "rule": "heuristic", "confidence": 0.2, "params": {"txn_id": "TXN000094", "order_id": "ORD0094", "gateway_paise": 1039400, "bank_paise": 994400, "ledger_paise": 1039400, "gateway_rupees": 10394.0, "bank_rupees": 9944.0}}
{"timestamp": "2026-09-01T17:44:26.754240+00:00", "event": "DECISION_ESCALATED", "status": "ESCALATED_TO_HUMAN", "rule": "heuristic", "confidence": 0.2, "params": {"txn_id": "TXN000097", "order_id": "ORD0097", "gateway_paise": 1290700, "bank_paise": 1245700, "ledger_paise": 1290700, "gateway_rupees": 12907.0, "bank_rupees": 12457.0}}
{"timestamp": "2026-09-01T17:44:26.758339+00:00", "event": "DECISION_ESCALATED", "status": "ESCALATED_TO_HUMAN", "rule": "heuristic", "confidence": 0.2, "params": {"txn_id": "TXN000099", "order_id": "ORD0099", "gateway_paise": 46900, "bank_paise": 1900, "ledger_paise": 46900, "gateway_rupees": 469.0, "bank_rupees": 19.0}}
{"timestamp": "2026-09-01T17:44:26.760533+00:00", "event": "DECISION_ESCALATED", "status": "ESCALATED_TO_HUMAN", "rule": "heuristic", "confidence": 0.2, "params": {"txn_id": "TXN000100", "order_id": "ORD0100", "gateway_paise": 1454600, "bank_paise": 1409600, "ledger_paise": 1454600, "gateway_rupees": 14546.0, "bank_rupees": 14096.0}}
{"timestamp": "2026-09-01T17:44:26.764229+00:00", "event": "BATCH_COMPLETE", "status": "OK", "rule": "engine", "confidence": null, "params": {"total_gateway": 100, "total_bank": 100, "total_ledger": 100, "matched_exact_pass1": 79, "matched_fee_pass2": 17, "matched_ai_pass3": 0, "total_matched": 96, "unresolved_count": 4, "match_rate_pct": 96.0, "elapsed_sec": 0.3627, "throughput_rec_sec": 264.65, "precision_pct": 100.0, "ai_settled": 0, "ai_escalated": 4}}
{"timestamp": "2026-09-02T01:04:55.271084+00:00", "event": "BATCH_START", "status": "OK", "rule": "engine", "confidence": null, "params": {"gateway": 100, "bank": 100, "ledger": 100}}
{"timestamp": "2026-09-02T01:04:55.358971+00:00", "event": "ROWS_MATCHED", "status": "OK", "rule": "PASS1_EXACT", "confidence": 1.0, "params": {"txn_id": "TXN000001", "order_id": "ORD0001", "amount_paise": 1062600}}
{"timestamp": "2026-09-02T01:04:55.359714+00:00", "event": "ROWS_MATCHED", "status": "OK", "rule": "PASS1_EXACT", "confidence": 1.0, "params": {"txn_id": "TXN000002", "order_id": "ORD0002", "amount_paise": 55900}}
{"timestamp": "2026-09-02T01:04:55.360228+00:00", "event": "ROWS_MATCHED", "status": "OK", "rule": "PASS1_EXACT", "confidence": 1.0, "params": {"txn_id": "TXN000003", "order_id": "ORD0003", "amount_paise": 465600}}
{"timestamp": "2026-09-02T01:04:55.360633+00:00", "event": "ROWS_MATCHED", "status": "OK", "rule": "PASS1_EXACT", "confidence": 1.0, "params": {"txn_id": "TXN000004", "order_id": "ORD0004", "amount_paise": 380700}}
{"timestamp": "2026-09-02T01:04:55.360983+00:00", "event": "ROWS_MATCHED", "status": "OK", "rule": "PASS1_EXACT", "confidence": 1.0, "params": {"txn_id": "TXN000005", "order_id": "ORD0005", "amount_paise": 1221600}}
{"timestamp": "2026-09-02T01:04:55.361410+00:00", "event": "ROWS_MATCHED", "status": "OK", "rule": "PASS1_EXACT", "confidence": 1.0, "params": {"txn_id": "TXN000006", "order_id": "ORD0006", "amount_paise": 1123700}}
{"timestamp": "2026-09-02T01:04:55.361776+00:00", "event": "ROWS_MATCHED", "status": "OK", "rule": "PASS1_EXACT", "confidence": 1.0, "params": {"txn_id": "TXN000007", "order_id": "ORD0007", "amount_paise": 1476700}}
{"timestamp": "2026-09-02T01:04:55.362117+00:00", "event": "ROWS_MATCHED", "status": "OK", "rule": "PASS1_EXACT", "confidence": 1.0, "params": {"txn_id": "TXN000008", "order_id": "ORD0008", "amount_paise": 157400}}
{"timestamp": "2026-09-02T01:04:55.362422+00:00", "event": "ROWS_MATCHED", "status": "OK", "rule": "PASS1_EXACT", "confidence": 1.0, "params": {"txn_id": "TXN000009", "order_id": "ORD0009", "amount_paise": 706200}}
{"timestamp": "2026-09-02T01:04:55.362707+00:00", "event": "ROWS_MATCHED", "status": "OK", "rule": "PASS1_EXACT", "confidence": 1.0, "params": {"txn_id": "TXN000010", "order_id": "ORD0010", "amount_paise": 63800}}
{"timestamp": "2026-09-02T01:04:55.362974+00:00", "event": "ROWS_MATCHED", "status": "OK", "rule": "PASS1_EXACT", "confidence": 1.0, "params": {"txn_id": "TXN000011", "order_id": "ORD0011", "amount_paise": 373200}}
{"timestamp": "2026-09-02T01:04:55.363258+00:00", "event": "ROWS_MATCHED", "status": "OK", "rule": "PASS1_EXACT", "confidence": 1.0, "params": {"txn_id": "TXN000012", "order_id": "ORD0012", "amount_paise": 842900}}
{"timestamp": "2026-09-02T01:04:55.363525+00:00", "event": "ROWS_MATCHED", "status": "OK", "rule": "PASS1_EXACT", "confidence": 1.0, "params": {"txn_id": "TXN000013", "order_id": "ORD0013", "amount_paise": 58400}}
{"timestamp": "2026-09-02T01:04:55.363986+00:00", "event": "ROWS_MATCHED", "status": "OK", "rule": "PASS1_EXACT", "confidence": 1.0, "params": {"txn_id": "TXN000014", "order_id": "ORD0014", "amount_paise": 340700}}
{"timestamp": "2026-09-02T01:04:55.365066+00:00", "event": "ROWS_MATCHED", "status": "OK", "rule": "PASS1_EXACT", "confidence": 1.0, "params": {"txn_id": "TXN000015", "order_id": "ORD0015", "amount_paise": 1079700}}
{"timestamp": "2026-09-02T01:04:55.365459+00:00", "event": "ROWS_MATCHED", "status": "OK", "rule": "PASS1_EXACT", "confidence": 1.0, "params": {"txn_id": "TXN000016", "order_id": "ORD0016", "amount_paise": 907800}}
{"timestamp": "2026-09-02T01:04:55.365811+00:00", "event": "ROWS_MATCHED", "status": "OK", "rule": "PASS1_EXACT", "confidence": 1.0, "params": {"txn_id": "TXN000017", "order_id": "ORD0017", "amount_paise": 376100}}
{"timestamp": "2026-09-02T01:04:55.366121+00:00", "event": "ROWS_MATCHED", "status": "OK", "rule": "PASS1_EXACT", "confidence": 1.0, "params": {"txn_id": "TXN000018", "order_id": "ORD0018", "amount_paise": 980400}}
{"timestamp": "2026-09-02T01:04:55.366409+00:00", "event": "ROWS_MATCHED", "status": "OK", "rule": "PASS1_EXACT", "confidence": 1.0, "params": {"txn_id": "TXN000019", "order_id": "ORD0019", "amount_paise": 1341100}}
{"timestamp": "2026-09-02T01:04:55.366677+00:00", "event": "ROWS_MATCHED", "status": "OK", "rule": "PASS1_EXACT", "confidence": 1.0, "params": {"txn_id": "TXN000020", "order_id": "ORD0020", "amount_paise": 25600}}
{"timestamp": "2026-09-02T01:04:55.366977+00:00", "event": "ROWS_MATCHED", "status": "OK", "rule": "PASS1_EXACT", "confidence": 1.0, "params": {"txn_id": "TXN000021", "order_id": "ORD0021", "amount_paise": 1335200}}
{"timestamp": "2026-09-02T01:04:55.367335+00:00", "event": "ROWS_MATCHED", "status": "OK", "rule": "PASS1_EXACT", "confidence": 1.0, "params": {"txn_id": "TXN000022", "order_id": "ORD0022", "amount_paise": 1158800}}
{"timestamp": "2026-09-02T01:04:55.367713+00:00", "event": "ROWS_MATCHED", "status": "OK", "rule": "PASS1_EXACT", "confidence": 1.0, "params": {"txn_id": "TXN000023", "order_id": "ORD0023", "amount_paise": 572400}}
{"timestamp": "2026-09-02T01:04:55.368045+00:00", "event": "ROWS_MATCHED", "status": "OK", "rule": "PASS1_EXACT", "confidence": 1.0, "params": {"txn_id": "TXN000024", "order_id": "ORD0024", "amount_paise": 269700}}
{"timestamp": "2026-09-02T01:04:55.368382+00:00", "event": "ROWS_MATCHED", "status": "OK", "rule": "PASS1_EXACT", "confidence": 1.0, "params": {"txn_id": "TXN000025", "order_id": "ORD0025", "amount_paise": 1265900}}
{"timestamp": "2026-09-02T01:04:55.368684+00:00", "event": "ROWS_MATCHED", "status": "OK", "rule": "PASS1_EXACT", "confidence": 1.0, "params": {"txn_id": "TXN000026", "order_id": "ORD0026", "amount_paise": 182400}}
{"timestamp": "2026-09-02T01:04:55.368964+00:00", "event": "ROWS_MATCHED", "status": "OK", "rule": "PASS1_EXACT", "confidence": 1.0, "params": {"txn_id": "TXN000027", "order_id": "ORD0027", "amount_paise": 637400}}
{"timestamp": "2026-09-02T01:04:55.369292+00:00", "event": "ROWS_MATCHED", "status": "OK", "rule": "PASS1_EXACT", "confidence": 1.0, "params": {"txn_id": "TXN000028", "order_id": "ORD0028", "amount_paise": 603100}}
{"timestamp": "2026-09-02T01:04:55.369634+00:00", "event": "ROWS_MATCHED", "status": "OK", "rule": "PASS1_EXACT", "confidence": 1.0, "params": {"txn_id": "TXN000029", "order_id": "ORD0029", "amount_paise": 578500}}
{"timestamp": "2026-09-02T01:04:55.369997+00:00", "event": "ROWS_MATCHED", "status": "OK", "rule": "PASS1_EXACT", "confidence": 1.0, "params": {"txn_id": "TXN000030", "order_id": "ORD0030", "amount_paise": 448300}}
{"timestamp": "2026-09-02T01:04:55.370361+00:00", "event": "ROWS_MATCHED", "status": "OK", "rule": "PASS1_EXACT", "confidence": 1.0, "params": {"txn_id": "TXN000031", "order_id": "ORD0031", "amount_paise": 86100}}
{"timestamp": "2026-09-02T01:04:55.370726+00:00", "event": "ROWS_MATCHED", "status": "OK", "rule": "PASS1_EXACT", "confidence": 1.0, "params": {"txn_id": "TXN000032", "order_id": "ORD0032", "amount_paise": 767700}}
{"timestamp": "2026-09-02T01:04:55.371025+00:00", "event": "ROWS_MATCHED", "status": "OK", "rule": "PASS1_EXACT", "confidence": 1.0, "params": {"txn_id": "TXN000033", "order_id": "ORD0033", "amount_paise": 219500}}
{"timestamp": "2026-09-02T01:04:55.371305+00:00", "event": "ROWS_MATCHED", "status": "OK", "rule": "PASS1_EXACT", "confidence": 1.0, "params": {"txn_id": "TXN000034", "order_id": "ORD0034", "amount_paise": 635100}}
{"timestamp": "2026-09-02T01:04:55.371652+00:00", "event": "ROWS_MATCHED", "status": "OK", "rule": "PASS1_EXACT", "confidence": 1.0, "params": {"txn_id": "TXN000035", "order_id": "ORD0035", "amount_paise": 919400}}
{"timestamp": "2026-09-02T01:04:55.371993+00:00", "event": "ROWS_MATCHED", "status": "OK", "rule": "PASS1_EXACT", "confidence": 1.0, "params": {"txn_id": "TXN000036", "order_id": "ORD0036", "amount_paise": 1373800}}
{"timestamp": "2026-09-02T01:04:55.372303+00:00", "event": "ROWS_MATCHED", "status": "OK", "rule": "PASS1_EXACT", "confidence": 1.0, "params": {"txn_id": "TXN000037", "order_id": "ORD0037", "amount_paise": 1028300}}
{"timestamp": "2026-09-02T01:04:55.372649+00:00", "event": "ROWS_MATCHED", "status": "OK", "rule": "PASS1_EXACT", "confidence": 1.0, "params": {"txn_id": "TXN000038", "order_id": "ORD0038", "amount_paise": 1426800}}
{"timestamp": "2026-09-02T01:04:55.372985+00:00", "event": "ROWS_MATCHED", "status": "OK", "rule": "PASS1_EXACT", "confidence": 1.0, "params": {"txn_id": "TXN000039", "order_id": "ORD0039", "amount_paise": 960900}}
{"timestamp": "2026-09-02T01:04:55.373283+00:00", "event": "ROWS_MATCHED", "status": "OK", "rule": "PASS1_EXACT", "confidence": 1.0, "params": {"txn_id": "TXN000040", "order_id": "ORD0040", "amount_paise": 1169300}}
{"timestamp": "2026-09-02T01:04:55.373627+00:00", "event": "ROWS_MATCHED", "status": "OK", "rule": "PASS1_EXACT", "confidence": 1.0, "params": {"txn_id": "TXN000041", "order_id": "ORD0041", "amount_paise": 90000}}
{"timestamp": "2026-09-02T01:04:55.373973+00:00", "event": "ROWS_MATCHED", "status": "OK", "rule": "PASS1_EXACT", "confidence": 1.0, "params": {"txn_id": "TXN000042", "order_id": "ORD0042", "amount_paise": 388300}}
{"timestamp": "2026-09-02T01:04:55.374342+00:00", "event": "ROWS_MATCHED", "status": "OK", "rule": "PASS1_EXACT", "confidence": 1.0, "params": {"txn_id": "TXN000043", "order_id": "ORD0043", "amount_paise": 489100}}
{"timestamp": "2026-09-02T01:04:55.374686+00:00", "event": "ROWS_MATCHED", "status": "OK", "rule": "PASS1_EXACT", "confidence": 1.0, "params": {"txn_id": "TXN000044", "order_id": "ORD0044", "amount_paise": 1416300}}
{"timestamp": "2026-09-02T01:04:55.374995+00:00", "event": "ROWS_MATCHED", "status": "OK", "rule": "PASS1_EXACT", "confidence": 1.0, "params": {"txn_id": "TXN000045", "order_id": "ORD0045", "amount_paise": 1434600}}
{"timestamp": "2026-09-02T01:04:55.375331+00:00", "event": "ROWS_MATCHED", "status": "OK", "rule": "PASS1_EXACT", "confidence": 1.0, "params": {"txn_id": "TXN000046", "order_id": "ORD0046", "amount_paise": 637700}}
{"timestamp": "2026-09-02T01:04:55.375655+00:00", "event": "ROWS_MATCHED", "status": "OK", "rule": "PASS1_EXACT", "confidence": 1.0, "params": {"txn_id": "TXN000047", "order_id": "ORD0047", "amount_paise": 757800}}
{"timestamp": "2026-09-02T01:04:55.378597+00:00", "event": "ROWS_MATCHED", "status": "OK", "rule": "PASS1_EXACT", "confidence": 1.0, "params": {"txn_id": "TXN000048", "order_id": "ORD0048", "amount_paise": 1381600}}
{"timestamp": "2026-09-02T01:04:55.379015+00:00", "event": "ROWS_MATCHED", "status": "OK", "rule": "PASS1_EXACT", "confidence": 1.0, "params": {"txn_id": "TXN000049", "order_id": "ORD0049", "amount_paise": 281400}}
{"timestamp": "2026-09-02T01:04:55.379346+00:00", "event": "ROWS_MATCHED", "status": "OK", "rule": "PASS1_EXACT", "confidence": 1.0, "params": {"txn_id": "TXN000050", "order_id": "ORD0050", "amount_paise": 597000}}
{"timestamp": "2026-09-02T01:04:55.379642+00:00", "event": "ROWS_MATCHED", "status": "OK", "rule": "PASS1_EXACT", "confidence": 1.0, "params": {"txn_id": "TXN000051", "order_id": "ORD0051", "amount_paise": 1113000}}
{"timestamp": "2026-09-02T01:04:55.379919+00:00", "event": "ROWS_MATCHED", "status": "OK", "rule": "PASS1_EXACT", "confidence": 1.0, "params": {"txn_id": "TXN000052", "order_id": "ORD0052", "amount_paise": 1164800}}
{"timestamp": "2026-09-02T01:04:55.380172+00:00", "event": "ROWS_MATCHED", "status": "OK", "rule": "PASS1_EXACT", "confidence": 1.0, "params": {"txn_id": "TXN000053", "order_id": "ORD0053", "amount_paise": 1076700}}
{"timestamp": "2026-09-02T01:04:55.380613+00:00", "event": "ROWS_MATCHED", "status": "OK", "rule": "PASS1_EXACT", "confidence": 1.0, "params": {"txn_id": "TXN000054", "order_id": "ORD0054", "amount_paise": 1013000}}
{"timestamp": "2026-09-02T01:04:55.381028+00:00", "event": "ROWS_MATCHED", "status": "OK", "rule": "PASS1_EXACT", "confidence": 1.0, "params": {"txn_id": "TXN000055", "order_id": "ORD0055", "amount_paise": 295300}}
{"timestamp": "2026-09-02T01:04:55.381391+00:00", "event": "ROWS_MATCHED", "status": "OK", "rule": "PASS1_EXACT", "confidence": 1.0, "params": {"txn_id": "TXN000056", "order_id": "ORD0056", "amount_paise": 1209600}}
{"timestamp": "2026-09-02T01:04:55.381699+00:00", "event": "ROWS_MATCHED", "status": "OK", "rule": "PASS1_EXACT", "confidence": 1.0, "params": {"txn_id": "TXN000057", "order_id": "ORD0057", "amount_paise": 282700}}
{"timestamp": "2026-09-02T01:04:55.382057+00:00", "event": "ROWS_MATCHED", "status": "OK", "rule": "PASS1_EXACT", "confidence": 1.0, "params": {"txn_id": "TXN000058", "order_id": "ORD0058", "amount_paise": 636600}}
{"timestamp": "2026-09-02T01:04:55.382421+00:00", "event": "ROWS_MATCHED", "status": "OK", "rule": "PASS1_EXACT", "confidence": 1.0, "params": {"txn_id": "TXN000059", "order_id": "ORD0059", "amount_paise": 1063500}}
{"timestamp": "2026-09-02T01:04:55.382759+00:00", "event": "ROWS_MATCHED", "status": "OK", "rule": "PASS1_EXACT", "confidence": 1.0, "params": {"txn_id": "TXN000060", "order_id": "ORD0060", "amount_paise": 927500}}
{"timestamp": "2026-09-02T01:04:55.383077+00:00", "event": "ROWS_MATCHED", "status": "OK", "rule": "PASS1_EXACT", "confidence": 1.0, "params": {"txn_id": "TXN000061", "order_id": "ORD0061", "amount_paise": 1136600}}
{"timestamp": "2026-09-02T01:04:55.383387+00:00", "event": "ROWS_MATCHED", "status": "OK", "rule": "PASS1_EXACT", "confidence": 1.0, "params": {"txn_id": "TXN000062", "order_id": "ORD0062", "amount_paise": 1395900}}
{"timestamp": "2026-09-02T01:04:55.383725+00:00", "event": "ROWS_MATCHED", "status": "OK", "rule": "PASS1_EXACT", "confidence": 1.0, "params": {"txn_id": "TXN000063", "order_id": "ORD0063", "amount_paise": 1286300}}
{"timestamp": "2026-09-02T01:04:55.384007+00:00", "event": "ROWS_MATCHED", "status": "OK", "rule": "PASS1_EXACT", "confidence": 1.0, "params": {"txn_id": "TXN000064", "order_id": "ORD0064", "amount_paise": 390200}}
{"timestamp": "2026-09-02T01:04:55.384283+00:00", "event": "ROWS_MATCHED", "status": "OK", "rule": "PASS1_EXACT", "confidence": 1.0, "params": {"txn_id": "TXN000065", "order_id": "ORD0065", "amount_paise": 67500}}
{"timestamp": "2026-09-02T01:04:55.384701+00:00", "event": "ROWS_MATCHED", "status": "OK", "rule": "PASS1_EXACT", "confidence": 1.0, "params": {"txn_id": "TXN000083", "order_id": "ORD0083", "amount_paise": 1464600}}
{"timestamp": "2026-09-02T01:04:55.385098+00:00", "event": "ROWS_MATCHED", "status": "OK", "rule": "PASS1_EXACT", "confidence": 1.0, "params": {"txn_id": "TXN000084", "order_id": "ORD0084", "amount_paise": 1245200}}
{"timestamp": "2026-09-02T01:04:55.385431+00:00", "event": "ROWS_MATCHED", "status": "OK", "rule": "PASS1_EXACT", "confidence": 1.0, "params": {"txn_id": "TXN000085", "order_id": "ORD0085", "amount_paise": 1274200}}
{"timestamp": "2026-09-02T01:04:55.385744+00:00", "event": "ROWS_MATCHED", "status": "OK", "rule": "PASS1_EXACT", "confidence": 1.0, "params": {"txn_id": "TXN000086", "order_id": "ORD0086", "amount_paise": 572300}}
{"timestamp": "2026-09-02T01:04:55.386027+00:00", "event": "ROWS_MATCHED", "status": "OK", "rule": "PASS1_EXACT", "confidence": 1.0, "params": {"txn_id": "TXN000087", "order_id": "ORD0087", "amount_paise": 495800}}
{"timestamp": "2026-09-02T01:04:55.386322+00:00", "event": "ROWS_MATCHED", "status": "OK", "rule": "PASS1_EXACT", "confidence": 1.0, "params": {"txn_id": "TXN000088", "order_id": "ORD0088", "amount_paise": 274100}}
{"timestamp": "2026-09-02T01:04:55.386583+00:00", "event": "ROWS_MATCHED", "status": "OK", "rule": "PASS1_EXACT", "confidence": 1.0, "params": {"txn_id": "TXN000089", "order_id": "ORD0089", "amount_paise": 20300}}
{"timestamp": "2026-09-02T01:04:55.386837+00:00", "event": "ROWS_MATCHED", "status": "OK", "rule": "PASS1_EXACT", "confidence": 1.0, "params": {"txn_id": "TXN000090", "order_id": "ORD0090", "amount_paise": 1449900}}
{"timestamp": "2026-09-02T01:04:55.387137+00:00", "event": "ROWS_MATCHED", "status": "OK", "rule": "PASS1_EXACT", "confidence": 1.0, "params": {"txn_id": "TXN000091", "order_id": "ORD0091", "amount_paise": 446500}}
{"timestamp": "2026-09-02T01:04:55.387416+00:00", "event": "ROWS_MATCHED", "status": "OK", "rule": "PASS1_EXACT", "confidence": 1.0, "params": {"txn_id": "TXN000092", "order_id": "ORD0092", "amount_paise": 1263300}}
{"timestamp": "2026-09-02T01:04:55.387674+00:00", "event": "ROWS_MATCHED", "status": "OK", "rule": "PASS1_EXACT", "confidence": 1.0, "params": {"txn_id": "TXN000093", "order_id": "ORD0093", "amount_paise": 846700}}
{"timestamp": "2026-09-02T01:04:55.387941+00:00", "event": "ROWS_MATCHED", "status": "OK", "rule": "PASS1_EXACT", "confidence": 1.0, "params": {"txn_id": "TXN000095", "order_id": "ORD0095", "amount_paise": 846700}}
{"timestamp": "2026-09-02T01:04:55.388228+00:00", "event": "ROWS_MATCHED", "status": "OK", "rule": "PASS1_EXACT", "confidence": 1.0, "params": {"txn_id": "TXN000096", "order_id": "ORD0096", "amount_paise": 627600}}
{"timestamp": "2026-09-02T01:04:55.388495+00:00", "event": "ROWS_MATCHED", "status": "OK", "rule": "PASS1_EXACT", "confidence": 1.0, "params": {"txn_id": "TXN000098", "order_id": "ORD0098", "amount_paise": 15900}}
{"timestamp": "2026-09-02T01:04:55.388726+00:00", "event": "PASS1_COMPLETE", "status": "OK", "rule": "exact", "confidence": null, "params": {"matched": 79, "remaining_gateway": 21}}
{"timestamp": "2026-09-02T01:04:55.440492+00:00", "event": "ROWS_MATCHED", "status": "OK", "rule": "PASS2_FEE_TOLERANT", "confidence": 0.95, "params": {"txn_id": "TXN000066", "order_id": "ORD0066", "amount_paise": 531800}}
{"timestamp": "2026-09-02T01:04:55.441361+00:00", "event": "ROWS_MATCHED", "status": "OK", "rule": "PASS2_FEE_TOLERANT", "confidence": 0.95, "params": {"txn_id": "TXN000067", "order_id": "ORD0067", "amount_paise": 360600}}
{"timestamp": "2026-09-02T01:04:55.441885+00:00", "event": "ROWS_MATCHED", "status": "OK", "rule": "PASS2_FEE_TOLERANT", "confidence": 0.95, "params": {"txn_id": "TXN000068", "order_id": "ORD0068", "amount_paise": 1450800}}
{"timestamp": "2026-09-02T01:04:55.442362+00:00", "event": "ROWS_MATCHED", "status": "OK", "rule": "PASS2_FEE_TOLERANT", "confidence": 0.95, "params": {"txn_id": "TXN000069", "order_id": "ORD0069", "amount_paise": 1088800}}
{"timestamp": "2026-09-02T01:04:55.442794+00:00", "event": "ROWS_MATCHED", "status": "OK", "rule": "PASS2_FEE_TOLERANT", "confidence": 0.95, "params": {"txn_id": "TXN000070", "order_id": "ORD0070", "amount_paise": 1068200}}
{"timestamp": "2026-09-02T01:04:55.443223+00:00", "event": "ROWS_MATCHED", "status": "OK", "rule": "PASS2_FEE_TOLERANT", "confidence": 0.95, "params": {"txn_id": "TXN000071", "order_id": "ORD0071", "amount_paise": 243700}}
{"timestamp": "2026-09-02T01:04:55.443671+00:00", "event": "ROWS_MATCHED", "status": "OK", "rule": "PASS2_FEE_TOLERANT", "confidence": 0.95, "params": {"txn_id": "TXN000072", "order_id": "ORD0072", "amount_paise": 898000}}
{"timestamp": "2026-09-02T01:04:55.444177+00:00", "event": "ROWS_MATCHED", "status": "OK", "rule": "PASS2_FEE_TOLERANT", "confidence": 0.95, "params": {"txn_id": "TXN000073", "order_id": "ORD0073", "amount_paise": 716900}}
{"timestamp": "2026-09-02T01:04:55.444641+00:00", "event": "ROWS_MATCHED", "status": "OK", "rule": "PASS2_FEE_TOLERANT", "confidence": 0.95, "params": {"txn_id": "TXN000074", "order_id": "ORD0074", "amount_paise": 608000}}
{"timestamp": "2026-09-02T01:04:55.445098+00:00", "event": "ROWS_MATCHED", "status": "OK", "rule": "PASS2_FEE_TOLERANT", "confidence": 0.95, "params": {"txn_id": "TXN000075", "order_id": "ORD0075", "amount_paise": 241600}}
{"timestamp": "2026-09-02T01:04:55.445634+00:00", "event": "ROWS_MATCHED", "status": "OK", "rule": "PASS2_FEE_TOLERANT", "confidence": 0.95, "params": {"txn_id": "TXN000076", "order_id": "ORD0076", "amount_paise": 1253200}}
{"timestamp": "2026-09-02T01:04:55.446088+00:00", "event": "ROWS_MATCHED", "status": "OK", "rule": "PASS2_FEE_TOLERANT", "confidence": 0.95, "params": {"txn_id": "TXN000077", "order_id": "ORD0077", "amount_paise": 265400}}
{"timestamp": "2026-09-02T01:04:55.446640+00:00", "event": "ROWS_MATCHED", "status": "OK", "rule": "PASS2_FEE_TOLERANT", "confidence": 0.95, "params": {"txn_id": "TXN000078", "order_id": "ORD0078", "amount_paise": 1129900}}
{"timestamp": "2026-09-02T01:04:55.447415+00:00", "event": "ROWS_MATCHED", "status": "OK", "rule": "PASS2_FEE_TOLERANT", "confidence": 0.95, "params": {"txn_id": "TXN000079", "order_id": "ORD0079", "amount_paise": 645400}}
{"timestamp": "2026-09-02T01:04:55.448098+00:00", "event": "ROWS_MATCHED", "status": "OK", "rule": "PASS2_FEE_TOLERANT", "confidence": 0.95, "params": {"txn_id": "TXN000080", "order_id": "ORD0080", "amount_paise": 781800}}
{"timestamp": "2026-09-02T01:04:55.448676+00:00", "event": "ROWS_MATCHED", "status": "OK", "rule": "PASS2_FEE_TOLERANT", "confidence": 0.95, "params": {"txn_id": "TXN000081", "order_id": "ORD0081", "amount_paise": 921400}}
{"timestamp": "2026-09-02T01:04:55.449271+00:00", "event": "ROWS_MATCHED", "status": "OK", "rule": "PASS2_FEE_TOLERANT", "confidence": 0.95, "params": {"txn_id": "TXN000082", "order_id": "ORD0082", "amount_paise": 1129500}}
{"timestamp": "2026-09-02T01:04:55.449661+00:00", "event": "PASS2_COMPLETE", "status": "OK", "rule": "fee_tolerant", "confidence": null, "params": {"matched": 17, "remaining_gateway": 4}}
{"timestamp": "2026-09-02T01:04:55.450003+00:00", "event": "PASS3_START", "status": "OK", "rule": "ai", "confidence": null, "params": {"residual": 4}}
{"timestamp": "2026-09-02T01:04:55.452941+00:00", "event": "DECISION_ESCALATED", "status": "ESCALATED_TO_HUMAN", "rule": "heuristic", "confidence": 0.2, "params": {"txn_id": "TXN000094", "order_id": "ORD0094", "gateway_paise": 1039400, "bank_paise": 994400, "ledger_paise": 1039400, "gateway_rupees": 10394.0, "bank_rupees": 9944.0}}
{"timestamp": "2026-09-02T01:04:55.454930+00:00", "event": "DECISION_ESCALATED", "status": "ESCALATED_TO_HUMAN", "rule": "heuristic", "confidence": 0.2, "params": {"txn_id": "TXN000097", "order_id": "ORD0097", "gateway_paise": 1290700, "bank_paise": 1245700, "ledger_paise": 1290700, "gateway_rupees": 12907.0, "bank_rupees": 12457.0}}
{"timestamp": "2026-09-02T01:04:55.456557+00:00", "event": "DECISION_ESCALATED", "status": "ESCALATED_TO_HUMAN", "rule": "heuristic", "confidence": 0.2, "params": {"txn_id": "TXN000099", "order_id": "ORD0099", "gateway_paise": 46900, "bank_paise": 1900, "ledger_paise": 46900, "gateway_rupees": 469.0, "bank_rupees": 19.0}}
{"timestamp": "2026-09-02T01:04:55.458047+00:00", "event": "DECISION_ESCALATED", "status": "ESCALATED_TO_HUMAN", "rule": "heuristic", "confidence": 0.2, "params": {"txn_id": "TXN000100", "order_id": "ORD0100", "gateway_paise": 1454600, "bank_paise": 1409600, "ledger_paise": 1454600, "gateway_rupees": 14546.0, "bank_rupees": 14096.0}}
{"timestamp": "2026-09-02T01:04:55.463700+00:00", "event": "BATCH_COMPLETE", "status": "OK", "rule": "engine", "confidence": null, "params": {"total_gateway": 100, "total_bank": 100, "total_ledger": 100, "matched_exact_pass1": 79, "matched_fee_pass2": 17, "matched_ai_pass3": 0, "total_matched": 96, "unresolved_count": 4, "match_rate_pct": 96.0, "elapsed_sec": 0.2058, "throughput_rec_sec": 466.46, "precision_pct": 100.0, "ai_settled": 0, "ai_escalated": 4}}
{"timestamp": "2026-09-02T01:05:16.342694+00:00", "event": "BATCH_START", "status": "OK", "rule": "engine", "confidence": null, "params": {"gateway": 100, "bank": 100, "ledger": 100}}
{"timestamp": "2026-09-02T01:05:16.428716+00:00", "event": "ROWS_MATCHED", "status": "OK", "rule": "PASS1_EXACT", "confidence": 1.0, "params": {"txn_id": "TXN000001", "order_id": "ORD0001", "amount_paise": 1062600}}
{"timestamp": "2026-09-02T01:05:16.429312+00:00", "event": "ROWS_MATCHED", "status": "OK", "rule": "PASS1_EXACT", "confidence": 1.0, "params": {"txn_id": "TXN000002", "order_id": "ORD0002", "amount_paise": 55900}}
{"timestamp": "2026-09-02T01:05:16.430045+00:00", "event": "ROWS_MATCHED", "status": "OK", "rule": "PASS1_EXACT", "confidence": 1.0, "params": {"txn_id": "TXN000003", "order_id": "ORD0003", "amount_paise": 465600}}
{"timestamp": "2026-09-02T01:05:16.430398+00:00", "event": "ROWS_MATCHED", "status": "OK", "rule": "PASS1_EXACT", "confidence": 1.0, "params": {"txn_id": "TXN000004", "order_id": "ORD0004", "amount_paise": 380700}}
{"timestamp": "2026-09-02T01:05:16.430708+00:00", "event": "ROWS_MATCHED", "status": "OK", "rule": "PASS1_EXACT", "confidence": 1.0, "params": {"txn_id": "TXN000005", "order_id": "ORD0005", "amount_paise": 1221600}}
{"timestamp": "2026-09-02T01:05:16.430998+00:00", "event": "ROWS_MATCHED", "status": "OK", "rule": "PASS1_EXACT", "confidence": 1.0, "params": {"txn_id": "TXN000006", "order_id": "ORD0006", "amount_paise": 1123700}}
{"timestamp": "2026-09-02T01:05:16.431277+00:00", "event": "ROWS_MATCHED", "status": "OK", "rule": "PASS1_EXACT", "confidence": 1.0, "params": {"txn_id": "TXN000007", "order_id": "ORD0007", "amount_paise": 1476700}}
{"timestamp": "2026-09-02T01:05:16.431554+00:00", "event": "ROWS_MATCHED", "status": "OK", "rule": "PASS1_EXACT", "confidence": 1.0, "params": {"txn_id": "TXN000008", "order_id": "ORD0008", "amount_paise": 157400}}
{"timestamp": "2026-09-02T01:05:16.431839+00:00", "event": "ROWS_MATCHED", "status": "OK", "rule": "PASS1_EXACT", "confidence": 1.0, "params": {"txn_id": "TXN000009", "order_id": "ORD0009", "amount_paise": 706200}}
{"timestamp": "2026-09-02T01:05:16.432103+00:00", "event": "ROWS_MATCHED", "status": "OK", "rule": "PASS1_EXACT", "confidence": 1.0, "params": {"txn_id": "TXN000010", "order_id": "ORD0010", "amount_paise": 63800}}
{"timestamp": "2026-09-02T01:05:16.432393+00:00", "event": "ROWS_MATCHED", "status": "OK", "rule": "PASS1_EXACT", "confidence": 1.0, "params": {"txn_id": "TXN000011", "order_id": "ORD0011", "amount_paise": 373200}}
{"timestamp": "2026-09-02T01:05:16.432643+00:00", "event": "ROWS_MATCHED", "status": "OK", "rule": "PASS1_EXACT", "confidence": 1.0, "params": {"txn_id": "TXN000012", "order_id": "ORD0012", "amount_paise": 842900}}
{"timestamp": "2026-09-02T01:05:16.432895+00:00", "event": "ROWS_MATCHED", "status": "OK", "rule": "PASS1_EXACT", "confidence": 1.0, "params": {"txn_id": "TXN000013", "order_id": "ORD0013", "amount_paise": 58400}}
{"timestamp": "2026-09-02T01:05:16.433179+00:00", "event": "ROWS_MATCHED", "status": "OK", "rule": "PASS1_EXACT", "confidence": 1.0, "params": {"txn_id": "TXN000014", "order_id": "ORD0014", "amount_paise": 340700}}
{"timestamp": "2026-09-02T01:05:16.433432+00:00", "event": "ROWS_MATCHED", "status": "OK", "rule": "PASS1_EXACT", "confidence": 1.0, "params": {"txn_id": "TXN000015", "order_id": "ORD0015", "amount_paise": 1079700}}
{"timestamp": "2026-09-02T01:05:16.433736+00:00", "event": "ROWS_MATCHED", "status": "OK", "rule": "PASS1_EXACT", "confidence": 1.0, "params": {"txn_id": "TXN000016", "order_id": "ORD0016", "amount_paise": 907800}}
{"timestamp": "2026-09-02T01:05:16.434014+00:00", "event": "ROWS_MATCHED", "status": "OK", "rule": "PASS1_EXACT", "confidence": 1.0, "params": {"txn_id": "TXN000017", "order_id": "ORD0017", "amount_paise": 376100}}
{"timestamp": "2026-09-02T01:05:16.434276+00:00", "event": "ROWS_MATCHED", "status": "OK", "rule": "PASS1_EXACT", "confidence": 1.0, "params": {"txn_id": "TXN000018", "order_id": "ORD0018", "amount_paise": 980400}}
{"timestamp": "2026-09-02T01:05:16.434530+00:00", "event": "ROWS_MATCHED", "status": "OK", "rule": "PASS1_EXACT", "confidence": 1.0, "params": {"txn_id": "TXN000019", "order_id": "ORD0019", "amount_paise": 1341100}}
{"timestamp": "2026-09-02T01:05:16.434831+00:00", "event": "ROWS_MATCHED", "status": "OK", "rule": "PASS1_EXACT", "confidence": 1.0, "params": {"txn_id": "TXN000020", "order_id": "ORD0020", "amount_paise": 25600}}
{"timestamp": "2026-09-02T01:05:16.435119+00:00", "event": "ROWS_MATCHED", "status": "OK", "rule": "PASS1_EXACT", "confidence": 1.0, "params": {"txn_id": "TXN000021", "order_id": "ORD0021", "amount_paise": 1335200}}
{"timestamp": "2026-09-02T01:05:16.435388+00:00", "event": "ROWS_MATCHED", "status": "OK", "rule": "PASS1_EXACT", "confidence": 1.0, "params": {"txn_id": "TXN000022", "order_id": "ORD0022", "amount_paise": 1158800}}
{"timestamp": "2026-09-02T01:05:16.435655+00:00", "event": "ROWS_MATCHED", "status": "OK", "rule": "PASS1_EXACT", "confidence": 1.0, "params": {"txn_id": "TXN000023", "order_id": "ORD0023", "amount_paise": 572400}}
{"timestamp": "2026-09-02T01:05:16.435902+00:00", "event": "ROWS_MATCHED", "status": "OK", "rule": "PASS1_EXACT", "confidence": 1.0, "params": {"txn_id": "TXN000024", "order_id": "ORD0024", "amount_paise": 269700}}
{"timestamp": "2026-09-02T01:05:16.436165+00:00", "event": "ROWS_MATCHED", "status": "OK", "rule": "PASS1_EXACT", "confidence": 1.0, "params": {"txn_id": "TXN000025", "order_id": "ORD0025", "amount_paise": 1265900}}
{"timestamp": "2026-09-02T01:05:16.436428+00:00", "event": "ROWS_MATCHED", "status": "OK", "rule": "PASS1_EXACT", "confidence": 1.0, "params": {"txn_id": "TXN000026", "order_id": "ORD0026", "amount_paise": 182400}}
{"timestamp": "2026-09-02T01:05:16.436680+00:00", "event": "ROWS_MATCHED", "status": "OK", "rule": "PASS1_EXACT", "confidence": 1.0, "params": {"txn_id": "TXN000027", "order_id": "ORD0027", "amount_paise": 637400}}
{"timestamp": "2026-09-02T01:05:16.436941+00:00", "event": "ROWS_MATCHED", "status": "OK", "rule": "PASS1_EXACT", "confidence": 1.0, "params": {"txn_id": "TXN000028", "order_id": "ORD0028", "amount_paise": 603100}}
{"timestamp": "2026-09-02T01:05:16.437219+00:00", "event": "ROWS_MATCHED", "status": "OK", "rule": "PASS1_EXACT", "confidence": 1.0, "params": {"txn_id": "TXN000029", "order_id": "ORD0029", "amount_paise": 578500}}
{"timestamp": "2026-09-02T01:05:16.437523+00:00", "event": "ROWS_MATCHED", "status": "OK", "rule": "PASS1_EXACT", "confidence": 1.0, "params": {"txn_id": "TXN000030", "order_id": "ORD0030", "amount_paise": 448300}}
{"timestamp": "2026-09-02T01:05:16.437798+00:00", "event": "ROWS_MATCHED", "status": "OK", "rule": "PASS1_EXACT", "confidence": 1.0, "params": {"txn_id": "TXN000031", "order_id": "ORD0031", "amount_paise": 86100}}
{"timestamp": "2026-09-02T01:05:16.438040+00:00", "event": "ROWS_MATCHED", "status": "OK", "rule": "PASS1_EXACT", "confidence": 1.0, "params": {"txn_id": "TXN000032", "order_id": "ORD0032", "amount_paise": 767700}}
{"timestamp": "2026-09-02T01:05:16.438316+00:00", "event": "ROWS_MATCHED", "status": "OK", "rule": "PASS1_EXACT", "confidence": 1.0, "params": {"txn_id": "TXN000033", "order_id": "ORD0033", "amount_paise": 219500}}
{"timestamp": "2026-09-02T01:05:16.438569+00:00", "event": "ROWS_MATCHED", "status": "OK", "rule": "PASS1_EXACT", "confidence": 1.0, "params": {"txn_id": "TXN000034", "order_id": "ORD0034", "amount_paise": 635100}}
{"timestamp": "2026-09-02T01:05:16.438810+00:00", "event": "ROWS_MATCHED", "status": "OK", "rule": "PASS1_EXACT", "confidence": 1.0, "params": {"txn_id": "TXN000035", "order_id": "ORD0035", "amount_paise": 919400}}
{"timestamp": "2026-09-02T01:05:16.439097+00:00", "event": "ROWS_MATCHED", "status": "OK", "rule": "PASS1_EXACT", "confidence": 1.0, "params": {"txn_id": "TXN000036", "order_id": "ORD0036", "amount_paise": 1373800}}
{"timestamp": "2026-09-02T01:05:16.439352+00:00", "event": "ROWS_MATCHED", "status": "OK", "rule": "PASS1_EXACT", "confidence": 1.0, "params": {"txn_id": "TXN000037", "order_id": "ORD0037", "amount_paise": 1028300}}
{"timestamp": "2026-09-02T01:05:16.439618+00:00", "event": "ROWS_MATCHED", "status": "OK", "rule": "PASS1_EXACT", "confidence": 1.0, "params": {"txn_id": "TXN000038", "order_id": "ORD0038", "amount_paise": 1426800}}
{"timestamp": "2026-09-02T01:05:16.439885+00:00", "event": "ROWS_MATCHED", "status": "OK", "rule": "PASS1_EXACT", "confidence": 1.0, "params": {"txn_id": "TXN000039", "order_id": "ORD0039", "amount_paise": 960900}}
{"timestamp": "2026-09-02T01:05:16.440169+00:00", "event": "ROWS_MATCHED", "status": "OK", "rule": "PASS1_EXACT", "confidence": 1.0, "params": {"txn_id": "TXN000040", "order_id": "ORD0040", "amount_paise": 1169300}}
{"timestamp": "2026-09-02T01:05:16.441182+00:00", "event": "ROWS_MATCHED", "status": "OK", "rule": "PASS1_EXACT", "confidence": 1.0, "params": {"txn_id": "TXN000041", "order_id": "ORD0041", "amount_paise": 90000}}
{"timestamp": "2026-09-02T01:05:16.441547+00:00", "event": "ROWS_MATCHED", "status": "OK", "rule": "PASS1_EXACT", "confidence": 1.0, "params": {"txn_id": "TXN000042", "order_id": "ORD0042", "amount_paise": 388300}}
{"timestamp": "2026-09-02T01:05:16.441878+00:00", "event": "ROWS_MATCHED", "status": "OK", "rule": "PASS1_EXACT", "confidence": 1.0, "params": {"txn_id": "TXN000043", "order_id": "ORD0043", "amount_paise": 489100}}
{"timestamp": "2026-09-02T01:05:16.442240+00:00", "event": "ROWS_MATCHED", "status": "OK", "rule": "PASS1_EXACT", "confidence": 1.0, "params": {"txn_id": "TXN000044", "order_id": "ORD0044", "amount_paise": 1416300}}
{"timestamp": "2026-09-02T01:05:16.442599+00:00", "event": "ROWS_MATCHED", "status": "OK", "rule": "PASS1_EXACT", "confidence": 1.0, "params": {"txn_id": "TXN000045", "order_id": "ORD0045", "amount_paise": 1434600}}
{"timestamp": "2026-09-02T01:05:16.442946+00:00", "event": "ROWS_MATCHED", "status": "OK", "rule": "PASS1_EXACT", "confidence": 1.0, "params": {"txn_id": "TXN000046", "order_id": "ORD0046", "amount_paise": 637700}}
{"timestamp": "2026-09-02T01:05:16.443255+00:00", "event": "ROWS_MATCHED", "status": "OK", "rule": "PASS1_EXACT", "confidence": 1.0, "params": {"txn_id": "TXN000047", "order_id": "ORD0047", "amount_paise": 757800}}
{"timestamp": "2026-09-02T01:05:16.443568+00:00", "event": "ROWS_MATCHED", "status": "OK", "rule": "PASS1_EXACT", "confidence": 1.0, "params": {"txn_id": "TXN000048", "order_id": "ORD0048", "amount_paise": 1381600}}
{"timestamp": "2026-09-02T01:05:16.443954+00:00", "event": "ROWS_MATCHED", "status": "OK", "rule": "PASS1_EXACT", "confidence": 1.0, "params": {"txn_id": "TXN000049", "order_id": "ORD0049", "amount_paise": 281400}}
{"timestamp": "2026-09-02T01:05:16.444344+00:00", "event": "ROWS_MATCHED", "status": "OK", "rule": "PASS1_EXACT", "confidence": 1.0, "params": {"txn_id": "TXN000050", "order_id": "ORD0050", "amount_paise": 597000}}
{"timestamp": "2026-09-02T01:05:16.444664+00:00", "event": "ROWS_MATCHED", "status": "OK", "rule": "PASS1_EXACT", "confidence": 1.0, "params": {"txn_id": "TXN000051", "order_id": "ORD0051", "amount_paise": 1113000}}
{"timestamp": "2026-09-02T01:05:16.444951+00:00", "event": "ROWS_MATCHED", "status": "OK", "rule": "PASS1_EXACT", "confidence": 1.0, "params": {"txn_id": "TXN000052", "order_id": "ORD0052", "amount_paise": 1164800}}
{"timestamp": "2026-09-02T01:05:16.445324+00:00", "event": "ROWS_MATCHED", "status": "OK", "rule": "PASS1_EXACT", "confidence": 1.0, "params": {"txn_id": "TXN000053", "order_id": "ORD0053", "amount_paise": 1076700}}
{"timestamp": "2026-09-02T01:05:16.445657+00:00", "event": "ROWS_MATCHED", "status": "OK", "rule": "PASS1_EXACT", "confidence": 1.0, "params": {"txn_id": "TXN000054", "order_id": "ORD0054", "amount_paise": 1013000}}
{"timestamp": "2026-09-02T01:05:16.445982+00:00", "event": "ROWS_MATCHED", "status": "OK", "rule": "PASS1_EXACT", "confidence": 1.0, "params": {"txn_id": "TXN000055", "order_id": "ORD0055", "amount_paise": 295300}}
{"timestamp": "2026-09-02T01:05:16.446294+00:00", "event": "ROWS_MATCHED", "status": "OK", "rule": "PASS1_EXACT", "confidence": 1.0, "params": {"txn_id": "TXN000056", "order_id": "ORD0056", "amount_paise": 1209600}}
{"timestamp": "2026-09-02T01:05:16.446586+00:00", "event": "ROWS_MATCHED", "status": "OK", "rule": "PASS1_EXACT", "confidence": 1.0, "params": {"txn_id": "TXN000057", "order_id": "ORD0057", "amount_paise": 282700}}
{"timestamp": "2026-09-02T01:05:16.446885+00:00", "event": "ROWS_MATCHED", "status": "OK", "rule": "PASS1_EXACT", "confidence": 1.0, "params": {"txn_id": "TXN000058", "order_id": "ORD0058", "amount_paise": 636600}}
{"timestamp": "2026-09-02T01:05:16.447178+00:00", "event": "ROWS_MATCHED", "status": "OK", "rule": "PASS1_EXACT", "confidence": 1.0, "params": {"txn_id": "TXN000059", "order_id": "ORD0059", "amount_paise": 1063500}}
{"timestamp": "2026-09-02T01:05:16.447442+00:00", "event": "ROWS_MATCHED", "status": "OK", "rule": "PASS1_EXACT", "confidence": 1.0, "params": {"txn_id": "TXN000060", "order_id": "ORD0060", "amount_paise": 927500}}
{"timestamp": "2026-09-02T01:05:16.447716+00:00", "event": "ROWS_MATCHED", "status": "OK", "rule": "PASS1_EXACT", "confidence": 1.0, "params": {"txn_id": "TXN000061", "order_id": "ORD0061", "amount_paise": 1136600}}
{"timestamp": "2026-09-02T01:05:16.447986+00:00", "event": "ROWS_MATCHED", "status": "OK", "rule": "PASS1_EXACT", "confidence": 1.0, "params": {"txn_id": "TXN000062", "order_id": "ORD0062", "amount_paise": 1395900}}
{"timestamp": "2026-09-02T01:05:16.448241+00:00", "event": "ROWS_MATCHED", "status": "OK", "rule": "PASS1_EXACT", "confidence": 1.0, "params": {"txn_id": "TXN000063", "order_id": "ORD0063", "amount_paise": 1286300}}
{"timestamp": "2026-09-02T01:05:16.448492+00:00", "event": "ROWS_MATCHED", "status": "OK", "rule": "PASS1_EXACT", "confidence": 1.0, "params": {"txn_id": "TXN000064", "order_id": "ORD0064", "amount_paise": 390200}}
{"timestamp": "2026-09-02T01:05:16.448745+00:00", "event": "ROWS_MATCHED", "status": "OK", "rule": "PASS1_EXACT", "confidence": 1.0, "params": {"txn_id": "TXN000065", "order_id": "ORD0065", "amount_paise": 67500}}
{"timestamp": "2026-09-02T01:05:16.449050+00:00", "event": "ROWS_MATCHED", "status": "OK", "rule": "PASS1_EXACT", "confidence": 1.0, "params": {"txn_id": "TXN000083", "order_id": "ORD0083", "amount_paise": 1464600}}
{"timestamp": "2026-09-02T01:05:16.449324+00:00", "event": "ROWS_MATCHED", "status": "OK", "rule": "PASS1_EXACT", "confidence": 1.0, "params": {"txn_id": "TXN000084", "order_id": "ORD0084", "amount_paise": 1245200}}
{"timestamp": "2026-09-02T01:05:16.449627+00:00", "event": "ROWS_MATCHED", "status": "OK", "rule": "PASS1_EXACT", "confidence": 1.0, "params": {"txn_id": "TXN000085", "order_id": "ORD0085", "amount_paise": 1274200}}
{"timestamp": "2026-09-02T01:05:16.449922+00:00", "event": "ROWS_MATCHED", "status": "OK", "rule": "PASS1_EXACT", "confidence": 1.0, "params": {"txn_id": "TXN000086", "order_id": "ORD0086", "amount_paise": 572300}}
{"timestamp": "2026-09-02T01:05:16.450257+00:00", "event": "ROWS_MATCHED", "status": "OK", "rule": "PASS1_EXACT", "confidence": 1.0, "params": {"txn_id": "TXN000087", "order_id": "ORD0087", "amount_paise": 495800}}
{"timestamp": "2026-09-02T01:05:16.450551+00:00", "event": "ROWS_MATCHED", "status": "OK", "rule": "PASS1_EXACT", "confidence": 1.0, "params": {"txn_id": "TXN000088", "order_id": "ORD0088", "amount_paise": 274100}}
{"timestamp": "2026-09-02T01:05:16.450924+00:00", "event": "ROWS_MATCHED", "status": "OK", "rule": "PASS1_EXACT", "confidence": 1.0, "params": {"txn_id": "TXN000089", "order_id": "ORD0089", "amount_paise": 20300}}
{"timestamp": "2026-09-02T01:05:16.451255+00:00", "event": "ROWS_MATCHED", "status": "OK", "rule": "PASS1_EXACT", "confidence": 1.0, "params": {"txn_id": "TXN000090", "order_id": "ORD0090", "amount_paise": 1449900}}
{"timestamp": "2026-09-02T01:05:16.451550+00:00", "event": "ROWS_MATCHED", "status": "OK", "rule": "PASS1_EXACT", "confidence": 1.0, "params": {"txn_id": "TXN000091", "order_id": "ORD0091", "amount_paise": 446500}}
{"timestamp": "2026-09-02T01:05:16.451830+00:00", "event": "ROWS_MATCHED", "status": "OK", "rule": "PASS1_EXACT", "confidence": 1.0, "params": {"txn_id": "TXN000092", "order_id": "ORD0092", "amount_paise": 1263300}}
{"timestamp": "2026-09-02T01:05:16.452099+00:00", "event": "ROWS_MATCHED", "status": "OK", "rule": "PASS1_EXACT", "confidence": 1.0, "params": {"txn_id": "TXN000093", "order_id": "ORD0093", "amount_paise": 846700}}
{"timestamp": "2026-09-02T01:05:16.452418+00:00", "event": "ROWS_MATCHED", "status": "OK", "rule": "PASS1_EXACT", "confidence": 1.0, "params": {"txn_id": "TXN000095", "order_id": "ORD0095", "amount_paise": 846700}}
{"timestamp": "2026-09-02T01:05:16.452784+00:00", "event": "ROWS_MATCHED", "status": "OK", "rule": "PASS1_EXACT", "confidence": 1.0, "params": {"txn_id": "TXN000096", "order_id": "ORD0096", "amount_paise": 627600}}
{"timestamp": "2026-09-02T01:05:16.453096+00:00", "event": "ROWS_MATCHED", "status": "OK", "rule": "PASS1_EXACT", "confidence": 1.0, "params": {"txn_id": "TXN000098", "order_id": "ORD0098", "amount_paise": 15900}}
{"timestamp": "2026-09-02T01:05:16.453337+00:00", "event": "PASS1_COMPLETE", "status": "OK", "rule": "exact", "confidence": null, "params": {"matched": 79, "remaining_gateway": 21}}
{"timestamp": "2026-09-02T01:05:16.492985+00:00", "event": "ROWS_MATCHED", "status": "OK", "rule": "PASS2_FEE_TOLERANT", "confidence": 0.95, "params": {"txn_id": "TXN000066", "order_id": "ORD0066", "amount_paise": 531800}}
{"timestamp": "2026-09-02T01:05:16.493527+00:00", "event": "ROWS_MATCHED", "status": "OK", "rule": "PASS2_FEE_TOLERANT", "confidence": 0.95, "params": {"txn_id": "TXN000067", "order_id": "ORD0067", "amount_paise": 360600}}
{"timestamp": "2026-09-02T01:05:16.493934+00:00", "event": "ROWS_MATCHED", "status": "OK", "rule": "PASS2_FEE_TOLERANT", "confidence": 0.95, "params": {"txn_id": "TXN000068", "order_id": "ORD0068", "amount_paise": 1450800}}
{"timestamp": "2026-09-02T01:05:16.494267+00:00", "event": "ROWS_MATCHED", "status": "OK", "rule": "PASS2_FEE_TOLERANT", "confidence": 0.95, "params": {"txn_id": "TXN000069", "order_id": "ORD0069", "amount_paise": 1088800}}
{"timestamp": "2026-09-02T01:05:16.494568+00:00", "event": "ROWS_MATCHED", "status": "OK", "rule": "PASS2_FEE_TOLERANT", "confidence": 0.95, "params": {"txn_id": "TXN000070", "order_id": "ORD0070", "amount_paise": 1068200}}
{"timestamp": "2026-09-02T01:05:16.494879+00:00", "event": "ROWS_MATCHED", "status": "OK", "rule": "PASS2_FEE_TOLERANT", "confidence": 0.95, "params": {"txn_id": "TXN000071", "order_id": "ORD0071", "amount_paise": 243700}}
{"timestamp": "2026-09-02T01:05:16.495181+00:00", "event": "ROWS_MATCHED", "status": "OK", "rule": "PASS2_FEE_TOLERANT", "confidence": 0.95, "params": {"txn_id": "TXN000072", "order_id": "ORD0072", "amount_paise": 898000}}
{"timestamp": "2026-09-02T01:05:16.495496+00:00", "event": "ROWS_MATCHED", "status": "OK", "rule": "PASS2_FEE_TOLERANT", "confidence": 0.95, "params": {"txn_id": "TXN000073", "order_id": "ORD0073", "amount_paise": 716900}}
{"timestamp": "2026-09-02T01:05:16.495786+00:00", "event": "ROWS_MATCHED", "status": "OK", "rule": "PASS2_FEE_TOLERANT", "confidence": 0.95, "params": {"txn_id": "TXN000074", "order_id": "ORD0074", "amount_paise": 608000}}
{"timestamp": "2026-09-02T01:05:16.496060+00:00", "event": "ROWS_MATCHED", "status": "OK", "rule": "PASS2_FEE_TOLERANT", "confidence": 0.95, "params": {"txn_id": "TXN000075", "order_id": "ORD0075", "amount_paise": 241600}}
{"timestamp": "2026-09-02T01:05:16.496339+00:00", "event": "ROWS_MATCHED", "status": "OK", "rule": "PASS2_FEE_TOLERANT", "confidence": 0.95, "params": {"txn_id": "TXN000076", "order_id": "ORD0076", "amount_paise": 1253200}}
{"timestamp": "2026-09-02T01:05:16.496679+00:00", "event": "ROWS_MATCHED", "status": "OK", "rule": "PASS2_FEE_TOLERANT", "confidence": 0.95, "params": {"txn_id": "TXN000077", "order_id": "ORD0077", "amount_paise": 265400}}
{"timestamp": "2026-09-02T01:05:16.497002+00:00", "event": "ROWS_MATCHED", "status": "OK", "rule": "PASS2_FEE_TOLERANT", "confidence": 0.95, "params": {"txn_id": "TXN000078", "order_id": "ORD0078", "amount_paise": 1129900}}
{"timestamp": "2026-09-02T01:05:16.497317+00:00", "event": "ROWS_MATCHED", "status": "OK", "rule": "PASS2_FEE_TOLERANT", "confidence": 0.95, "params": {"txn_id": "TXN000079", "order_id": "ORD0079", "amount_paise": 645400}}
{"timestamp": "2026-09-02T01:05:16.497595+00:00", "event": "ROWS_MATCHED", "status": "OK", "rule": "PASS2_FEE_TOLERANT", "confidence": 0.95, "params": {"txn_id": "TXN000080", "order_id": "ORD0080", "amount_paise": 781800}}
{"timestamp": "2026-09-02T01:05:16.497863+00:00", "event": "ROWS_MATCHED", "status": "OK", "rule": "PASS2_FEE_TOLERANT", "confidence": 0.95, "params": {"txn_id": "TXN000081", "order_id": "ORD0081", "amount_paise": 921400}}
{"timestamp": "2026-09-02T01:05:16.498227+00:00", "event": "ROWS_MATCHED", "status": "OK", "rule": "PASS2_FEE_TOLERANT", "confidence": 0.95, "params": {"txn_id": "TXN000082", "order_id": "ORD0082", "amount_paise": 1129500}}
{"timestamp": "2026-09-02T01:05:16.498521+00:00", "event": "PASS2_COMPLETE", "status": "OK", "rule": "fee_tolerant", "confidence": null, "params": {"matched": 17, "remaining_gateway": 4}}
{"timestamp": "2026-09-02T01:05:16.498751+00:00", "event": "PASS3_START", "status": "OK", "rule": "ai", "confidence": null, "params": {"residual": 4}}
{"timestamp": "2026-09-02T01:05:16.500929+00:00", "event": "DECISION_ESCALATED", "status": "ESCALATED_TO_HUMAN", "rule": "ai", "confidence": 0.2, "params": {"txn_id": "TXN000094", "order_id": "ORD0094", "gateway_paise": 1039400, "bank_paise": 994400, "ledger_paise": 1039400, "gateway_rupees": 10394.0, "bank_rupees": 9944.0}}
{"timestamp": "2026-09-02T01:05:16.503655+00:00", "event": "DECISION_ESCALATED", "status": "ESCALATED_TO_HUMAN", "rule": "ai", "confidence": 0.2, "params": {"txn_id": "TXN000097", "order_id": "ORD0097", "gateway_paise": 1290700, "bank_paise": 1245700, "ledger_paise": 1290700, "gateway_rupees": 12907.0, "bank_rupees": 12457.0}}
{"timestamp": "2026-09-02T01:05:16.505810+00:00", "event": "DECISION_ESCALATED", "status": "ESCALATED_TO_HUMAN", "rule": "ai", "confidence": 0.2, "params": {"txn_id": "TXN000099", "order_id": "ORD0099", "gateway_paise": 46900, "bank_paise": 1900, "ledger_paise": 46900, "gateway_rupees": 469.0, "bank_rupees": 19.0}}
{"timestamp": "2026-09-02T01:05:16.508080+00:00", "event": "DECISION_ESCALATED", "status": "ESCALATED_TO_HUMAN", "rule": "ai", "confidence": 0.2, "params": {"txn_id": "TXN000100", "order_id": "ORD0100", "gateway_paise": 1454600, "bank_paise": 1409600, "ledger_paise": 1454600, "gateway_rupees": 14546.0, "bank_rupees": 14096.0}}
{"timestamp": "2026-09-02T01:05:16.512570+00:00", "event": "BATCH_COMPLETE", "status": "OK", "rule": "engine", "confidence": null, "params": {"total_gateway": 100, "total_bank": 100, "total_ledger": 100, "matched_exact_pass1": 79, "matched_fee_pass2": 17, "matched_ai_pass3": 0, "total_matched": 96, "unresolved_count": 4, "match_rate_pct": 96.0, "elapsed_sec": 0.1815, "throughput_rec_sec": 529.06, "precision_pct": 100.0, "ai_settled": 0, "ai_escalated": 4}}
{"timestamp": "2026-09-02T06:53:21.641062+00:00", "event": "BATCH_START", "status": "OK", "rule": "engine", "confidence": null, "params": {"gateway": 100, "bank": 100, "ledger": 100}}
{"timestamp": "2026-09-02T06:53:22.077146+00:00", "event": "ROWS_MATCHED", "status": "OK", "rule": "PASS1_EXACT", "confidence": 1.0, "params": {"txn_id": "TXN000001", "order_id": "ORD0001", "amount_paise": 1062600}}
{"timestamp": "2026-09-02T06:53:22.078979+00:00", "event": "ROWS_MATCHED", "status": "OK", "rule": "PASS1_EXACT", "confidence": 1.0, "params": {"txn_id": "TXN000002", "order_id": "ORD0002", "amount_paise": 55900}}
{"timestamp": "2026-09-02T06:53:22.080277+00:00", "event": "ROWS_MATCHED", "status": "OK", "rule": "PASS1_EXACT", "confidence": 1.0, "params": {"txn_id": "TXN000003", "order_id": "ORD0003", "amount_paise": 465600}}
{"timestamp": "2026-09-02T06:53:22.081922+00:00", "event": "ROWS_MATCHED", "status": "OK", "rule": "PASS1_EXACT", "confidence": 1.0, "params": {"txn_id": "TXN000004", "order_id": "ORD0004", "amount_paise": 380700}}
{"timestamp": "2026-09-02T06:53:22.083398+00:00", "event": "ROWS_MATCHED", "status": "OK", "rule": "PASS1_EXACT", "confidence": 1.0, "params": {"txn_id": "TXN000005", "order_id": "ORD0005", "amount_paise": 1221600}}
{"timestamp": "2026-09-02T06:53:22.084620+00:00", "event": "ROWS_MATCHED", "status": "OK", "rule": "PASS1_EXACT", "confidence": 1.0, "params": {"txn_id": "TXN000006", "order_id": "ORD0006", "amount_paise": 1123700}}
{"timestamp": "2026-09-02T06:53:22.085751+00:00", "event": "ROWS_MATCHED", "status": "OK", "rule": "PASS1_EXACT", "confidence": 1.0, "params": {"txn_id": "TXN000007", "order_id": "ORD0007", "amount_paise": 1476700}}
{"timestamp": "2026-09-02T06:53:22.087043+00:00", "event": "ROWS_MATCHED", "status": "OK", "rule": "PASS1_EXACT", "confidence": 1.0, "params": {"txn_id": "TXN000008", "order_id": "ORD0008", "amount_paise": 157400}}
{"timestamp": "2026-09-02T06:53:22.088891+00:00", "event": "ROWS_MATCHED", "status": "OK", "rule": "PASS1_EXACT", "confidence": 1.0, "params": {"txn_id": "TXN000009", "order_id": "ORD0009", "amount_paise": 706200}}
{"timestamp": "2026-09-02T06:53:22.091477+00:00", "event": "ROWS_MATCHED", "status": "OK", "rule": "PASS1_EXACT", "confidence": 1.0, "params": {"txn_id": "TXN000010", "order_id": "ORD0010", "amount_paise": 63800}}
{"timestamp": "2026-09-02T06:53:22.093432+00:00", "event": "ROWS_MATCHED", "status": "OK", "rule": "PASS1_EXACT", "confidence": 1.0, "params": {"txn_id": "TXN000011", "order_id": "ORD0011", "amount_paise": 373200}}
{"timestamp": "2026-09-02T06:53:22.095028+00:00", "event": "ROWS_MATCHED", "status": "OK", "rule": "PASS1_EXACT", "confidence": 1.0, "params": {"txn_id": "TXN000012", "order_id": "ORD0012", "amount_paise": 842900}}
{"timestamp": "2026-09-02T06:53:22.096658+00:00", "event": "ROWS_MATCHED", "status": "OK", "rule": "PASS1_EXACT", "confidence": 1.0, "params": {"txn_id": "TXN000013", "order_id": "ORD0013", "amount_paise": 58400}}
{"timestamp": "2026-09-02T06:53:22.097939+00:00", "event": "ROWS_MATCHED", "status": "OK", "rule": "PASS1_EXACT", "confidence": 1.0, "params": {"txn_id": "TXN000014", "order_id": "ORD0014", "amount_paise": 340700}}
{"timestamp": "2026-09-02T06:53:22.099676+00:00", "event": "ROWS_MATCHED", "status": "OK", "rule": "PASS1_EXACT", "confidence": 1.0, "params": {"txn_id": "TXN000015", "order_id": "ORD0015", "amount_paise": 1079700}}
{"timestamp": "2026-09-02T06:53:22.100892+00:00", "event": "ROWS_MATCHED", "status": "OK", "rule": "PASS1_EXACT", "confidence": 1.0, "params": {"txn_id": "TXN000016", "order_id": "ORD0016", "amount_paise": 907800}}
{"timestamp": "2026-09-02T06:53:22.102520+00:00", "event": "ROWS_MATCHED", "status": "OK", "rule": "PASS1_EXACT", "confidence": 1.0, "params": {"txn_id": "TXN000017", "order_id": "ORD0017", "amount_paise": 376100}}
{"timestamp": "2026-09-02T06:53:22.103840+00:00", "event": "ROWS_MATCHED", "status": "OK", "rule": "PASS1_EXACT", "confidence": 1.0, "params": {"txn_id": "TXN000018", "order_id": "ORD0018", "amount_paise": 980400}}
{"timestamp": "2026-09-02T06:53:22.105573+00:00", "event": "ROWS_MATCHED", "status": "OK", "rule": "PASS1_EXACT", "confidence": 1.0, "params": {"txn_id": "TXN000019", "order_id": "ORD0019", "amount_paise": 1341100}}
{"timestamp": "2026-09-02T06:53:22.107424+00:00", "event": "ROWS_MATCHED", "status": "OK", "rule": "PASS1_EXACT", "confidence": 1.0, "params": {"txn_id": "TXN000020", "order_id": "ORD0020", "amount_paise": 25600}}
{"timestamp": "2026-09-02T06:53:22.109041+00:00", "event": "ROWS_MATCHED", "status": "OK", "rule": "PASS1_EXACT", "confidence": 1.0, "params": {"txn_id": "TXN000021", "order_id": "ORD0021", "amount_paise": 1335200}}
{"timestamp": "2026-09-02T06:53:22.110928+00:00", "event": "ROWS_MATCHED", "status": "OK", "rule": "PASS1_EXACT", "confidence": 1.0, "params": {"txn_id": "TXN000022", "order_id": "ORD0022", "amount_paise": 1158800}}
{"timestamp": "2026-09-02T06:53:22.112025+00:00", "event": "ROWS_MATCHED", "status": "OK", "rule": "PASS1_EXACT", "confidence": 1.0, "params": {"txn_id": "TXN000023", "order_id": "ORD0023", "amount_paise": 572400}}
{"timestamp": "2026-09-02T06:53:22.113628+00:00", "event": "ROWS_MATCHED", "status": "OK", "rule": "PASS1_EXACT", "confidence": 1.0, "params": {"txn_id": "TXN000024", "order_id": "ORD0024", "amount_paise": 269700}}
{"timestamp": "2026-09-02T06:53:22.114974+00:00", "event": "ROWS_MATCHED", "status": "OK", "rule": "PASS1_EXACT", "confidence": 1.0, "params": {"txn_id": "TXN000025", "order_id": "ORD0025", "amount_paise": 1265900}}
{"timestamp": "2026-09-02T06:53:22.116469+00:00", "event": "ROWS_MATCHED", "status": "OK", "rule": "PASS1_EXACT", "confidence": 1.0, "params": {"txn_id": "TXN000026", "order_id": "ORD0026", "amount_paise": 182400}}
{"timestamp": "2026-09-02T06:53:22.117363+00:00", "event": "ROWS_MATCHED", "status": "OK", "rule": "PASS1_EXACT", "confidence": 1.0, "params": {"txn_id": "TXN000027", "order_id": "ORD0027", "amount_paise": 637400}}
{"timestamp": "2026-09-02T06:53:22.118412+00:00", "event": "ROWS_MATCHED", "status": "OK", "rule": "PASS1_EXACT", "confidence": 1.0, "params": {"txn_id": "TXN000028", "order_id": "ORD0028", "amount_paise": 603100}}
{"timestamp": "2026-09-02T06:53:22.119419+00:00", "event": "ROWS_MATCHED", "status": "OK", "rule": "PASS1_EXACT", "confidence": 1.0, "params": {"txn_id": "TXN000029", "order_id": "ORD0029", "amount_paise": 578500}}
{"timestamp": "2026-09-02T06:53:22.120746+00:00", "event": "ROWS_MATCHED", "status": "OK", "rule": "PASS1_EXACT", "confidence": 1.0, "params": {"txn_id": "TXN000030", "order_id": "ORD0030", "amount_paise": 448300}}
{"timestamp": "2026-09-02T06:53:22.122177+00:00", "event": "ROWS_MATCHED", "status": "OK", "rule": "PASS1_EXACT", "confidence": 1.0, "params": {"txn_id": "TXN000031", "order_id": "ORD0031", "amount_paise": 86100}}
{"timestamp": "2026-09-02T06:53:22.123506+00:00", "event": "ROWS_MATCHED", "status": "OK", "rule": "PASS1_EXACT", "confidence": 1.0, "params": {"txn_id": "TXN000032", "order_id": "ORD0032", "amount_paise": 767700}}
{"timestamp": "2026-09-02T06:53:22.125063+00:00", "event": "ROWS_MATCHED", "status": "OK", "rule": "PASS1_EXACT", "confidence": 1.0, "params": {"txn_id": "TXN000033", "order_id": "ORD0033", "amount_paise": 219500}}
{"timestamp": "2026-09-02T06:53:22.126118+00:00", "event": "ROWS_MATCHED", "status": "OK", "rule": "PASS1_EXACT", "confidence": 1.0, "params": {"txn_id": "TXN000034", "order_id": "ORD0034", "amount_paise": 635100}}
{"timestamp": "2026-09-02T06:53:22.127067+00:00", "event": "ROWS_MATCHED", "status": "OK", "rule": "PASS1_EXACT", "confidence": 1.0, "params": {"txn_id": "TXN000035", "order_id": "ORD0035", "amount_paise": 919400}}
{"timestamp": "2026-09-02T06:53:22.128173+00:00", "event": "ROWS_MATCHED", "status": "OK", "rule": "PASS1_EXACT", "confidence": 1.0, "params": {"txn_id": "TXN000036", "order_id": "ORD0036", "amount_paise": 1373800}}
{"timestamp": "2026-09-02T06:53:22.129091+00:00", "event": "ROWS_MATCHED", "status": "OK", "rule": "PASS1_EXACT", "confidence": 1.0, "params": {"txn_id": "TXN000037", "order_id": "ORD0037", "amount_paise": 1028300}}
{"timestamp": "2026-09-02T06:53:22.130087+00:00", "event": "ROWS_MATCHED", "status": "OK", "rule": "PASS1_EXACT", "confidence": 1.0, "params": {"txn_id": "TXN000038", "order_id": "ORD0038", "amount_paise": 1426800}}
{"timestamp": "2026-09-02T06:53:22.131065+00:00", "event": "ROWS_MATCHED", "status": "OK", "rule": "PASS1_EXACT", "confidence": 1.0, "params": {"txn_id": "TXN000039", "order_id": "ORD0039", "amount_paise": 960900}}
{"timestamp": "2026-09-02T06:53:22.131883+00:00", "event": "ROWS_MATCHED", "status": "OK", "rule": "PASS1_EXACT", "confidence": 1.0, "params": {"txn_id": "TXN000040", "order_id": "ORD0040", "amount_paise": 1169300}}
{"timestamp": "2026-09-02T06:53:22.132681+00:00", "event": "ROWS_MATCHED", "status": "OK", "rule": "PASS1_EXACT", "confidence": 1.0, "params": {"txn_id": "TXN000041", "order_id": "ORD0041", "amount_paise": 90000}}
{"timestamp": "2026-09-02T06:53:22.133652+00:00", "event": "ROWS_MATCHED", "status": "OK", "rule": "PASS1_EXACT", "confidence": 1.0, "params": {"txn_id": "TXN000042", "order_id": "ORD0042", "amount_paise": 388300}}
{"timestamp": "2026-09-02T06:53:22.134777+00:00", "event": "ROWS_MATCHED", "status": "OK", "rule": "PASS1_EXACT", "confidence": 1.0, "params": {"txn_id": "TXN000043", "order_id": "ORD0043", "amount_paise": 489100}}
{"timestamp": "2026-09-02T06:53:22.135833+00:00", "event": "ROWS_MATCHED", "status": "OK", "rule": "PASS1_EXACT", "confidence": 1.0, "params": {"txn_id": "TXN000044", "order_id": "ORD0044", "amount_paise": 1416300}}
{"timestamp": "2026-09-02T06:53:22.136902+00:00", "event": "ROWS_MATCHED", "status": "OK", "rule": "PASS1_EXACT", "confidence": 1.0, "params": {"txn_id": "TXN000045", "order_id": "ORD0045", "amount_paise": 1434600}}
{"timestamp": "2026-09-02T06:53:22.138269+00:00", "event": "ROWS_MATCHED", "status": "OK", "rule": "PASS1_EXACT", "confidence": 1.0, "params": {"txn_id": "TXN000046", "order_id": "ORD0046", "amount_paise": 637700}}
{"timestamp": "2026-09-02T06:53:22.139763+00:00", "event": "ROWS_MATCHED", "status": "OK", "rule": "PASS1_EXACT", "confidence": 1.0, "params": {"txn_id": "TXN000047", "order_id": "ORD0047", "amount_paise": 757800}}
{"timestamp": "2026-09-02T06:53:22.141308+00:00", "event": "ROWS_MATCHED", "status": "OK", "rule": "PASS1_EXACT", "confidence": 1.0, "params": {"txn_id": "TXN000048", "order_id": "ORD0048", "amount_paise": 1381600}}
{"timestamp": "2026-09-02T06:53:22.142701+00:00", "event": "ROWS_MATCHED", "status": "OK", "rule": "PASS1_EXACT", "confidence": 1.0, "params": {"txn_id": "TXN000049", "order_id": "ORD0049", "amount_paise": 281400}}
{"timestamp": "2026-09-02T06:53:22.143746+00:00", "event": "ROWS_MATCHED", "status": "OK", "rule": "PASS1_EXACT", "confidence": 1.0, "params": {"txn_id": "TXN000050", "order_id": "ORD0050", "amount_paise": 597000}}
{"timestamp": "2026-09-02T06:53:22.144869+00:00", "event": "ROWS_MATCHED", "status": "OK", "rule": "PASS1_EXACT", "confidence": 1.0, "params": {"txn_id": "TXN000051", "order_id": "ORD0051", "amount_paise": 1113000}}
{"timestamp": "2026-09-02T06:53:22.145975+00:00", "event": "ROWS_MATCHED", "status": "OK", "rule": "PASS1_EXACT", "confidence": 1.0, "params": {"txn_id": "TXN000052", "order_id": "ORD0052", "amount_paise": 1164800}}
{"timestamp": "2026-09-02T06:53:22.147114+00:00", "event": "ROWS_MATCHED", "status": "OK", "rule": "PASS1_EXACT", "confidence": 1.0, "params": {"txn_id": "TXN000053", "order_id": "ORD0053", "amount_paise": 1076700}}
{"timestamp": "2026-09-02T06:53:22.148332+00:00", "event": "ROWS_MATCHED", "status": "OK", "rule": "PASS1_EXACT", "confidence": 1.0, "params": {"txn_id": "TXN000054", "order_id": "ORD0054", "amount_paise": 1013000}}
{"timestamp": "2026-09-02T06:53:22.149465+00:00", "event": "ROWS_MATCHED", "status": "OK", "rule": "PASS1_EXACT", "confidence": 1.0, "params": {"txn_id": "TXN000055", "order_id": "ORD0055", "amount_paise": 295300}}
{"timestamp": "2026-09-02T06:53:22.150655+00:00", "event": "ROWS_MATCHED", "status": "OK", "rule": "PASS1_EXACT", "confidence": 1.0, "params": {"txn_id": "TXN000056", "order_id": "ORD0056", "amount_paise": 1209600}}
{"timestamp": "2026-09-02T06:53:22.151803+00:00", "event": "ROWS_MATCHED", "status": "OK", "rule": "PASS1_EXACT", "confidence": 1.0, "params": {"txn_id": "TXN000057", "order_id": "ORD0057", "amount_paise": 282700}}
{"timestamp": "2026-09-02T06:53:22.153231+00:00", "event": "ROWS_MATCHED", "status": "OK", "rule": "PASS1_EXACT", "confidence": 1.0, "params": {"txn_id": "TXN000058", "order_id": "ORD0058", "amount_paise": 636600}}
{"timestamp": "2026-09-02T06:53:22.154321+00:00", "event": "ROWS_MATCHED", "status": "OK", "rule": "PASS1_EXACT", "confidence": 1.0, "params": {"txn_id": "TXN000059", "order_id": "ORD0059", "amount_paise": 1063500}}
{"timestamp": "2026-09-02T06:53:22.155553+00:00", "event": "ROWS_MATCHED", "status": "OK", "rule": "PASS1_EXACT", "confidence": 1.0, "params": {"txn_id": "TXN000060", "order_id": "ORD0060", "amount_paise": 927500}}
{"timestamp": "2026-09-02T06:53:22.156879+00:00", "event": "ROWS_MATCHED", "status": "OK", "rule": "PASS1_EXACT", "confidence": 1.0, "params": {"txn_id": "TXN000061", "order_id": "ORD0061", "amount_paise": 1136600}}
{"timestamp": "2026-09-02T06:53:22.158167+00:00", "event": "ROWS_MATCHED", "status": "OK", "rule": "PASS1_EXACT", "confidence": 1.0, "params": {"txn_id": "TXN000062", "order_id": "ORD0062", "amount_paise": 1395900}}
{"timestamp": "2026-09-02T06:53:22.159370+00:00", "event": "ROWS_MATCHED", "status": "OK", "rule": "PASS1_EXACT", "confidence": 1.0, "params": {"txn_id": "TXN000063", "order_id": "ORD0063", "amount_paise": 1286300}}
{"timestamp": "2026-09-02T06:53:22.160604+00:00", "event": "ROWS_MATCHED", "status": "OK", "rule": "PASS1_EXACT", "confidence": 1.0, "params": {"txn_id": "TXN000064", "order_id": "ORD0064", "amount_paise": 390200}}
{"timestamp": "2026-09-02T06:53:22.161735+00:00", "event": "ROWS_MATCHED", "status": "OK", "rule": "PASS1_EXACT", "confidence": 1.0, "params": {"txn_id": "TXN000065", "order_id": "ORD0065", "amount_paise": 67500}}
{"timestamp": "2026-09-02T06:53:22.162836+00:00", "event": "ROWS_MATCHED", "status": "OK", "rule": "PASS1_EXACT", "confidence": 1.0, "params": {"txn_id": "TXN000083", "order_id": "ORD0083", "amount_paise": 1464600}}
{"timestamp": "2026-09-02T06:53:22.163942+00:00", "event": "ROWS_MATCHED", "status": "OK", "rule": "PASS1_EXACT", "confidence": 1.0, "params": {"txn_id": "TXN000084", "order_id": "ORD0084", "amount_paise": 1245200}}
{"timestamp": "2026-09-02T06:53:22.165075+00:00", "event": "ROWS_MATCHED", "status": "OK", "rule": "PASS1_EXACT", "confidence": 1.0, "params": {"txn_id": "TXN000085", "order_id": "ORD0085", "amount_paise": 1274200}}
{"timestamp": "2026-09-02T06:53:22.166148+00:00", "event": "ROWS_MATCHED", "status": "OK", "rule": "PASS1_EXACT", "confidence": 1.0, "params": {"txn_id": "TXN000086", "order_id": "ORD0086", "amount_paise": 572300}}
{"timestamp": "2026-09-02T06:53:22.167330+00:00", "event": "ROWS_MATCHED", "status": "OK", "rule": "PASS1_EXACT", "confidence": 1.0, "params": {"txn_id": "TXN000087", "order_id": "ORD0087", "amount_paise": 495800}}
{"timestamp": "2026-09-02T06:53:22.168480+00:00", "event": "ROWS_MATCHED", "status": "OK", "rule": "PASS1_EXACT", "confidence": 1.0, "params": {"txn_id": "TXN000088", "order_id": "ORD0088", "amount_paise": 274100}}
{"timestamp": "2026-09-02T06:53:22.170413+00:00", "event": "ROWS_MATCHED", "status": "OK", "rule": "PASS1_EXACT", "confidence": 1.0, "params": {"txn_id": "TXN000089", "order_id": "ORD0089", "amount_paise": 20300}}
{"timestamp": "2026-09-02T06:53:22.171824+00:00", "event": "ROWS_MATCHED", "status": "OK", "rule": "PASS1_EXACT", "confidence": 1.0, "params": {"txn_id": "TXN000090", "order_id": "ORD0090", "amount_paise": 1449900}}
{"timestamp": "2026-09-02T06:53:22.173311+00:00", "event": "ROWS_MATCHED", "status": "OK", "rule": "PASS1_EXACT", "confidence": 1.0, "params": {"txn_id": "TXN000091", "order_id": "ORD0091", "amount_paise": 446500}}
{"timestamp": "2026-09-02T06:53:22.175151+00:00", "event": "ROWS_MATCHED", "status": "OK", "rule": "PASS1_EXACT", "confidence": 1.0, "params": {"txn_id": "TXN000092", "order_id": "ORD0092", "amount_paise": 1263300}}
{"timestamp": "2026-09-02T06:53:22.176622+00:00", "event": "ROWS_MATCHED", "status": "OK", "rule": "PASS1_EXACT", "confidence": 1.0, "params": {"txn_id": "TXN000093", "order_id": "ORD0093", "amount_paise": 846700}}
{"timestamp": "2026-09-02T06:53:22.177941+00:00", "event": "ROWS_MATCHED", "status": "OK", "rule": "PASS1_EXACT", "confidence": 1.0, "params": {"txn_id": "TXN000095", "order_id": "ORD0095", "amount_paise": 846700}}
{"timestamp": "2026-09-02T06:53:22.179139+00:00", "event": "ROWS_MATCHED", "status": "OK", "rule": "PASS1_EXACT", "confidence": 1.0, "params": {"txn_id": "TXN000096", "order_id": "ORD0096", "amount_paise": 627600}}
{"timestamp": "2026-09-02T06:53:22.180340+00:00", "event": "ROWS_MATCHED", "status": "OK", "rule": "PASS1_EXACT", "confidence": 1.0, "params": {"txn_id": "TXN000098", "order_id": "ORD0098", "amount_paise": 15900}}
{"timestamp": "2026-09-02T06:53:22.181240+00:00", "event": "PASS1_COMPLETE", "status": "OK", "rule": "exact", "confidence": null, "params": {"matched": 79, "remaining_gateway": 21}}
{"timestamp": "2026-09-02T06:53:22.360021+00:00", "event": "ROWS_MATCHED", "status": "OK", "rule": "PASS2_FEE_TOLERANT", "confidence": 0.95, "params": {"txn_id": "TXN000066", "order_id": "ORD0066", "amount_paise": 531800}}
{"timestamp": "2026-09-02T06:53:22.361610+00:00", "event": "ROWS_MATCHED", "status": "OK", "rule": "PASS2_FEE_TOLERANT", "confidence": 0.95, "params": {"txn_id": "TXN000067", "order_id": "ORD0067", "amount_paise": 360600}}
{"timestamp": "2026-09-02T06:53:22.363406+00:00", "event": "ROWS_MATCHED", "status": "OK", "rule": "PASS2_FEE_TOLERANT", "confidence": 0.95, "params": {"txn_id": "TXN000068", "order_id": "ORD0068", "amount_paise": 1450800}}
{"timestamp": "2026-09-02T06:53:22.364830+00:00", "event": "ROWS_MATCHED", "status": "OK", "rule": "PASS2_FEE_TOLERANT", "confidence": 0.95, "params": {"txn_id": "TXN000069", "order_id": "ORD0069", "amount_paise": 1088800}}
{"timestamp": "2026-09-02T06:53:22.366170+00:00", "event": "ROWS_MATCHED", "status": "OK", "rule": "PASS2_FEE_TOLERANT", "confidence": 0.95, "params": {"txn_id": "TXN000070", "order_id": "ORD0070", "amount_paise": 1068200}}
{"timestamp": "2026-09-02T06:53:22.367525+00:00", "event": "ROWS_MATCHED", "status": "OK", "rule": "PASS2_FEE_TOLERANT", "confidence": 0.95, "params": {"txn_id": "TXN000071", "order_id": "ORD0071", "amount_paise": 243700}}
{"timestamp": "2026-09-02T06:53:22.369016+00:00", "event": "ROWS_MATCHED", "status": "OK", "rule": "PASS2_FEE_TOLERANT", "confidence": 0.95, "params": {"txn_id": "TXN000072", "order_id": "ORD0072", "amount_paise": 898000}}
{"timestamp": "2026-09-02T06:53:22.370958+00:00", "event": "ROWS_MATCHED", "status": "OK", "rule": "PASS2_FEE_TOLERANT", "confidence": 0.95, "params": {"txn_id": "TXN000073", "order_id": "ORD0073", "amount_paise": 716900}}
{"timestamp": "2026-09-02T06:53:22.372960+00:00", "event": "ROWS_MATCHED", "status": "OK", "rule": "PASS2_FEE_TOLERANT", "confidence": 0.95, "params": {"txn_id": "TXN000074", "order_id": "ORD0074", "amount_paise": 608000}}
{"timestamp": "2026-09-02T06:53:22.374892+00:00", "event": "ROWS_MATCHED", "status": "OK", "rule": "PASS2_FEE_TOLERANT", "confidence": 0.95, "params": {"txn_id": "TXN000075", "order_id": "ORD0075", "amount_paise": 241600}}
{"timestamp": "2026-09-02T06:53:22.376344+00:00", "event": "ROWS_MATCHED", "status": "OK", "rule": "PASS2_FEE_TOLERANT", "confidence": 0.95, "params": {"txn_id": "TXN000076", "order_id": "ORD0076", "amount_paise": 1253200}}
{"timestamp": "2026-09-02T06:53:22.377813+00:00", "event": "ROWS_MATCHED", "status": "OK", "rule": "PASS2_FEE_TOLERANT", "confidence": 0.95, "params": {"txn_id": "TXN000077", "order_id": "ORD0077", "amount_paise": 265400}}
{"timestamp": "2026-09-02T06:53:22.379362+00:00", "event": "ROWS_MATCHED", "status": "OK", "rule": "PASS2_FEE_TOLERANT", "confidence": 0.95, "params": {"txn_id": "TXN000078", "order_id": "ORD0078", "amount_paise": 1129900}}
{"timestamp": "2026-09-02T06:53:22.380699+00:00", "event": "ROWS_MATCHED", "status": "OK", "rule": "PASS2_FEE_TOLERANT", "confidence": 0.95, "params": {"txn_id": "TXN000079", "order_id": "ORD0079", "amount_paise": 645400}}
{"timestamp": "2026-09-02T06:53:22.381973+00:00", "event": "ROWS_MATCHED", "status": "OK", "rule": "PASS2_FEE_TOLERANT", "confidence": 0.95, "params": {"txn_id": "TXN000080", "order_id": "ORD0080", "amount_paise": 781800}}
{"timestamp": "2026-09-02T06:53:22.383151+00:00", "event": "ROWS_MATCHED", "status": "OK", "rule": "PASS2_FEE_TOLERANT", "confidence": 0.95, "params": {"txn_id": "TXN000081", "order_id": "ORD0081", "amount_paise": 921400}}
{"timestamp": "2026-09-02T06:53:22.384309+00:00", "event": "ROWS_MATCHED", "status": "OK", "rule": "PASS2_FEE_TOLERANT", "confidence": 0.95, "params": {"txn_id": "TXN000082", "order_id": "ORD0082", "amount_paise": 1129500}}
{"timestamp": "2026-09-02T06:53:22.385438+00:00", "event": "PASS2_COMPLETE", "status": "OK", "rule": "fee_tolerant", "confidence": null, "params": {"matched": 17, "remaining_gateway": 4}}
{"timestamp": "2026-09-02T06:53:22.386976+00:00", "event": "PASS3_START", "status": "OK", "rule": "ai", "confidence": null, "params": {"residual": 4}}
{"timestamp": "2026-09-02T06:53:22.396209+00:00", "event": "DECISION_ESCALATED", "status": "ESCALATED_TO_HUMAN", "rule": "heuristic", "confidence": 0.2, "params": {"txn_id": "TXN000094", "order_id": "ORD0094", "gateway_paise": 1039400, "bank_paise": 994400, "ledger_paise": 1039400, "gateway_rupees": 10394.0, "bank_rupees": 9944.0}}
{"timestamp": "2026-09-02T06:53:22.401464+00:00", "event": "DECISION_ESCALATED", "status": "ESCALATED_TO_HUMAN", "rule": "heuristic", "confidence": 0.2, "params": {"txn_id": "TXN000097", "order_id": "ORD0097", "gateway_paise": 1290700, "bank_paise": 1245700, "ledger_paise": 1290700, "gateway_rupees": 12907.0, "bank_rupees": 12457.0}}
{"timestamp": "2026-09-02T06:53:22.408373+00:00", "event": "DECISION_ESCALATED", "status": "ESCALATED_TO_HUMAN", "rule": "heuristic", "confidence": 0.2, "params": {"txn_id": "TXN000099", "order_id": "ORD0099", "gateway_paise": 46900, "bank_paise": 1900, "ledger_paise": 46900, "gateway_rupees": 469.0, "bank_rupees": 19.0}}
{"timestamp": "2026-09-02T06:53:22.415234+00:00", "event": "DECISION_ESCALATED", "status": "ESCALATED_TO_HUMAN", "rule": "heuristic", "confidence": 0.2, "params": {"txn_id": "TXN000100", "order_id": "ORD0100", "gateway_paise": 1454600, "bank_paise": 1409600, "ledger_paise": 1454600, "gateway_rupees": 14546.0, "bank_rupees": 14096.0}}
{"timestamp": "2026-09-02T06:53:22.428916+00:00", "event": "BATCH_COMPLETE", "status": "OK", "rule": "engine", "confidence": null, "params": {"total_gateway": 100, "total_bank": 100, "total_ledger": 100, "matched_exact_pass1": 79, "matched_fee_pass2": 17, "matched_ai_pass3": 0, "total_matched": 96, "unresolved_count": 4, "match_rate_pct": 96.0, "elapsed_sec": 0.8538, "throughput_rec_sec": 112.43, "precision_pct": 100.0, "ai_settled": 0, "ai_escalated": 4}}
{"timestamp": "2026-09-02T10:37:51.681874+00:00", "event": "BATCH_START", "status": "OK", "rule": "engine", "confidence": null, "params": {"gateway": 100, "bank": 100, "ledger": 100}}
{"timestamp": "2026-09-02T10:37:51.801746+00:00", "event": "ROWS_MATCHED", "status": "OK", "rule": "PASS1_EXACT", "confidence": 1.0, "params": {"txn_id": "TXN000001", "order_id": "ORD0001", "amount_paise": 1062600}}
{"timestamp": "2026-09-02T10:37:51.802805+00:00", "event": "ROWS_MATCHED", "status": "OK", "rule": "PASS1_EXACT", "confidence": 1.0, "params": {"txn_id": "TXN000002", "order_id": "ORD0002", "amount_paise": 55900}}
{"timestamp": "2026-09-02T10:37:51.804616+00:00", "event": "ROWS_MATCHED", "status": "OK", "rule": "PASS1_EXACT", "confidence": 1.0, "params": {"txn_id": "TXN000003", "order_id": "ORD0003", "amount_paise": 465600}}
{"timestamp": "2026-09-02T10:37:51.805611+00:00", "event": "ROWS_MATCHED", "status": "OK", "rule": "PASS1_EXACT", "confidence": 1.0, "params": {"txn_id": "TXN000004", "order_id": "ORD0004", "amount_paise": 380700}}
{"timestamp": "2026-09-02T10:37:51.806864+00:00", "event": "ROWS_MATCHED", "status": "OK", "rule": "PASS1_EXACT", "confidence": 1.0, "params": {"txn_id": "TXN000005", "order_id": "ORD0005", "amount_paise": 1221600}}
{"timestamp": "2026-09-02T10:37:51.807667+00:00", "event": "ROWS_MATCHED", "status": "OK", "rule": "PASS1_EXACT", "confidence": 1.0, "params": {"txn_id": "TXN000006", "order_id": "ORD0006", "amount_paise": 1123700}}
{"timestamp": "2026-09-02T10:37:51.808494+00:00", "event": "ROWS_MATCHED", "status": "OK", "rule": "PASS1_EXACT", "confidence": 1.0, "params": {"txn_id": "TXN000007", "order_id": "ORD0007", "amount_paise": 1476700}}
{"timestamp": "2026-09-02T10:37:51.809152+00:00", "event": "ROWS_MATCHED", "status": "OK", "rule": "PASS1_EXACT", "confidence": 1.0, "params": {"txn_id": "TXN000008", "order_id": "ORD0008", "amount_paise": 157400}}
{"timestamp": "2026-09-02T10:37:51.810027+00:00", "event": "ROWS_MATCHED", "status": "OK", "rule": "PASS1_EXACT", "confidence": 1.0, "params": {"txn_id": "TXN000009", "order_id": "ORD0009", "amount_paise": 706200}}
{"timestamp": "2026-09-02T10:37:51.811247+00:00", "event": "ROWS_MATCHED", "status": "OK", "rule": "PASS1_EXACT", "confidence": 1.0, "params": {"txn_id": "TXN000010", "order_id": "ORD0010", "amount_paise": 63800}}
{"timestamp": "2026-09-02T10:37:51.812151+00:00", "event": "ROWS_MATCHED", "status": "OK", "rule": "PASS1_EXACT", "confidence": 1.0, "params": {"txn_id": "TXN000011", "order_id": "ORD0011", "amount_paise": 373200}}
{"timestamp": "2026-09-02T10:37:51.813431+00:00", "event": "ROWS_MATCHED", "status": "OK", "rule": "PASS1_EXACT", "confidence": 1.0, "params": {"txn_id": "TXN000012", "order_id": "ORD0012", "amount_paise": 842900}}
{"timestamp": "2026-09-02T10:37:51.814414+00:00", "event": "ROWS_MATCHED", "status": "OK", "rule": "PASS1_EXACT", "confidence": 1.0, "params": {"txn_id": "TXN000013", "order_id": "ORD0013", "amount_paise": 58400}}
{"timestamp": "2026-09-02T10:37:51.815140+00:00", "event": "ROWS_MATCHED", "status": "OK", "rule": "PASS1_EXACT", "confidence": 1.0, "params": {"txn_id": "TXN000014", "order_id": "ORD0014", "amount_paise": 340700}}
{"timestamp": "2026-09-02T10:37:51.815832+00:00", "event": "ROWS_MATCHED", "status": "OK", "rule": "PASS1_EXACT", "confidence": 1.0, "params": {"txn_id": "TXN000015", "order_id": "ORD0015", "amount_paise": 1079700}}
{"timestamp": "2026-09-02T10:37:51.816519+00:00", "event": "ROWS_MATCHED", "status": "OK", "rule": "PASS1_EXACT", "confidence": 1.0, "params": {"txn_id": "TXN000016", "order_id": "ORD0016", "amount_paise": 907800}}
{"timestamp": "2026-09-02T10:37:51.817222+00:00", "event": "ROWS_MATCHED", "status": "OK", "rule": "PASS1_EXACT", "confidence": 1.0, "params": {"txn_id": "TXN000017", "order_id": "ORD0017", "amount_paise": 376100}}
{"timestamp": "2026-09-02T10:37:51.817876+00:00", "event": "ROWS_MATCHED", "status": "OK", "rule": "PASS1_EXACT", "confidence": 1.0, "params": {"txn_id": "TXN000018", "order_id": "ORD0018", "amount_paise": 980400}}
{"timestamp": "2026-09-02T10:37:51.818479+00:00", "event": "ROWS_MATCHED", "status": "OK", "rule": "PASS1_EXACT", "confidence": 1.0, "params": {"txn_id": "TXN000019", "order_id": "ORD0019", "amount_paise": 1341100}}
{"timestamp": "2026-09-02T10:37:51.822191+00:00", "event": "ROWS_MATCHED", "status": "OK", "rule": "PASS1_EXACT", "confidence": 1.0, "params": {"txn_id": "TXN000020", "order_id": "ORD0020", "amount_paise": 25600}}
{"timestamp": "2026-09-02T10:37:51.823677+00:00", "event": "ROWS_MATCHED", "status": "OK", "rule": "PASS1_EXACT", "confidence": 1.0, "params": {"txn_id": "TXN000021", "order_id": "ORD0021", "amount_paise": 1335200}}
{"timestamp": "2026-09-02T10:37:51.826354+00:00", "event": "ROWS_MATCHED", "status": "OK", "rule": "PASS1_EXACT", "confidence": 1.0, "params": {"txn_id": "TXN000022", "order_id": "ORD0022", "amount_paise": 1158800}}
{"timestamp": "2026-09-02T10:37:51.827510+00:00", "event": "ROWS_MATCHED", "status": "OK", "rule": "PASS1_EXACT", "confidence": 1.0, "params": {"txn_id": "TXN000023", "order_id": "ORD0023", "amount_paise": 572400}}
{"timestamp": "2026-09-02T10:37:51.828661+00:00", "event": "ROWS_MATCHED", "status": "OK", "rule": "PASS1_EXACT", "confidence": 1.0, "params": {"txn_id": "TXN000024", "order_id": "ORD0024", "amount_paise": 269700}}
{"timestamp": "2026-09-02T10:37:51.830239+00:00", "event": "ROWS_MATCHED", "status": "OK", "rule": "PASS1_EXACT", "confidence": 1.0, "params": {"txn_id": "TXN000025", "order_id": "ORD0025", "amount_paise": 1265900}}
{"timestamp": "2026-09-02T10:37:51.831434+00:00", "event": "ROWS_MATCHED", "status": "OK", "rule": "PASS1_EXACT", "confidence": 1.0, "params": {"txn_id": "TXN000026", "order_id": "ORD0026", "amount_paise": 182400}}
{"timestamp": "2026-09-02T10:37:51.832542+00:00", "event": "ROWS_MATCHED", "status": "OK", "rule": "PASS1_EXACT", "confidence": 1.0, "params": {"txn_id": "TXN000027", "order_id": "ORD0027", "amount_paise": 637400}}
{"timestamp": "2026-09-02T10:37:51.833541+00:00", "event": "ROWS_MATCHED", "status": "OK", "rule": "PASS1_EXACT", "confidence": 1.0, "params": {"txn_id": "TXN000028", "order_id": "ORD0028", "amount_paise": 603100}}
{"timestamp": "2026-09-02T10:37:51.834599+00:00", "event": "ROWS_MATCHED", "status": "OK", "rule": "PASS1_EXACT", "confidence": 1.0, "params": {"txn_id": "TXN000029", "order_id": "ORD0029", "amount_paise": 578500}}
{"timestamp": "2026-09-02T10:37:51.835514+00:00", "event": "ROWS_MATCHED", "status": "OK", "rule": "PASS1_EXACT", "confidence": 1.0, "params": {"txn_id": "TXN000030", "order_id": "ORD0030", "amount_paise": 448300}}
{"timestamp": "2026-09-02T10:37:51.836394+00:00", "event": "ROWS_MATCHED", "status": "OK", "rule": "PASS1_EXACT", "confidence": 1.0, "params": {"txn_id": "TXN000031", "order_id": "ORD0031", "amount_paise": 86100}}
{"timestamp": "2026-09-02T10:37:51.837433+00:00", "event": "ROWS_MATCHED", "status": "OK", "rule": "PASS1_EXACT", "confidence": 1.0, "params": {"txn_id": "TXN000032", "order_id": "ORD0032", "amount_paise": 767700}}
{"timestamp": "2026-09-02T10:37:51.838436+00:00", "event": "ROWS_MATCHED", "status": "OK", "rule": "PASS1_EXACT", "confidence": 1.0, "params": {"txn_id": "TXN000033", "order_id": "ORD0033", "amount_paise": 219500}}
{"timestamp": "2026-09-02T10:37:51.839382+00:00", "event": "ROWS_MATCHED", "status": "OK", "rule": "PASS1_EXACT", "confidence": 1.0, "params": {"txn_id": "TXN000034", "order_id": "ORD0034", "amount_paise": 635100}}
{"timestamp": "2026-09-02T10:37:51.840454+00:00", "event": "ROWS_MATCHED", "status": "OK", "rule": "PASS1_EXACT", "confidence": 1.0, "params": {"txn_id": "TXN000035", "order_id": "ORD0035", "amount_paise": 919400}}
{"timestamp": "2026-09-02T10:37:51.841809+00:00", "event": "ROWS_MATCHED", "status": "OK", "rule": "PASS1_EXACT", "confidence": 1.0, "params": {"txn_id": "TXN000036", "order_id": "ORD0036", "amount_paise": 1373800}}
{"timestamp": "2026-09-02T10:37:51.843075+00:00", "event": "ROWS_MATCHED", "status": "OK", "rule": "PASS1_EXACT", "confidence": 1.0, "params": {"txn_id": "TXN000037", "order_id": "ORD0037", "amount_paise": 1028300}}
{"timestamp": "2026-09-02T10:37:51.843991+00:00", "event": "ROWS_MATCHED", "status": "OK", "rule": "PASS1_EXACT", "confidence": 1.0, "params": {"txn_id": "TXN000038", "order_id": "ORD0038", "amount_paise": 1426800}}
{"timestamp": "2026-09-02T10:37:51.845186+00:00", "event": "ROWS_MATCHED", "status": "OK", "rule": "PASS1_EXACT", "confidence": 1.0, "params": {"txn_id": "TXN000039", "order_id": "ORD0039", "amount_paise": 960900}}
{"timestamp": "2026-09-02T10:37:51.846144+00:00", "event": "ROWS_MATCHED", "status": "OK", "rule": "PASS1_EXACT", "confidence": 1.0, "params": {"txn_id": "TXN000040", "order_id": "ORD0040", "amount_paise": 1169300}}
{"timestamp": "2026-09-02T10:37:51.848552+00:00", "event": "ROWS_MATCHED", "status": "OK", "rule": "PASS1_EXACT", "confidence": 1.0, "params": {"txn_id": "TXN000041", "order_id": "ORD0041", "amount_paise": 90000}}
{"timestamp": "2026-09-02T10:37:51.849304+00:00", "event": "ROWS_MATCHED", "status": "OK", "rule": "PASS1_EXACT", "confidence": 1.0, "params": {"txn_id": "TXN000042", "order_id": "ORD0042", "amount_paise": 388300}}
{"timestamp": "2026-09-02T10:37:51.850740+00:00", "event": "ROWS_MATCHED", "status": "OK", "rule": "PASS1_EXACT", "confidence": 1.0, "params": {"txn_id": "TXN000043", "order_id": "ORD0043", "amount_paise": 489100}}
{"timestamp": "2026-09-02T10:37:51.851319+00:00", "event": "ROWS_MATCHED", "status": "OK", "rule": "PASS1_EXACT", "confidence": 1.0, "params": {"txn_id": "TXN000044", "order_id": "ORD0044", "amount_paise": 1416300}}
{"timestamp": "2026-09-02T10:37:51.851918+00:00", "event": "ROWS_MATCHED", "status": "OK", "rule": "PASS1_EXACT", "confidence": 1.0, "params": {"txn_id": "TXN000045", "order_id": "ORD0045", "amount_paise": 1434600}}
{"timestamp": "2026-09-02T10:37:51.852448+00:00", "event": "ROWS_MATCHED", "status": "OK", "rule": "PASS1_EXACT", "confidence": 1.0, "params": {"txn_id": "TXN000046", "order_id": "ORD0046", "amount_paise": 637700}}
{"timestamp": "2026-09-02T10:37:51.852929+00:00", "event": "ROWS_MATCHED", "status": "OK", "rule": "PASS1_EXACT", "confidence": 1.0, "params": {"txn_id": "TXN000047", "order_id": "ORD0047", "amount_paise": 757800}}
{"timestamp": "2026-09-02T10:37:51.853401+00:00", "event": "ROWS_MATCHED", "status": "OK", "rule": "PASS1_EXACT", "confidence": 1.0, "params": {"txn_id": "TXN000048", "order_id": "ORD0048", "amount_paise": 1381600}}
{"timestamp": "2026-09-02T10:37:51.853874+00:00", "event": "ROWS_MATCHED", "status": "OK", "rule": "PASS1_EXACT", "confidence": 1.0, "params": {"txn_id": "TXN000049", "order_id": "ORD0049", "amount_paise": 281400}}
{"timestamp": "2026-09-02T10:37:51.854379+00:00", "event": "ROWS_MATCHED", "status": "OK", "rule": "PASS1_EXACT", "confidence": 1.0, "params": {"txn_id": "TXN000050", "order_id": "ORD0050", "amount_paise": 597000}}
{"timestamp": "2026-09-02T10:37:51.854953+00:00", "event": "ROWS_MATCHED", "status": "OK", "rule": "PASS1_EXACT", "confidence": 1.0, "params": {"txn_id": "TXN000051", "order_id": "ORD0051", "amount_paise": 1113000}}
{"timestamp": "2026-09-02T10:37:51.857223+00:00", "event": "ROWS_MATCHED", "status": "OK", "rule": "PASS1_EXACT", "confidence": 1.0, "params": {"txn_id": "TXN000052", "order_id": "ORD0052", "amount_paise": 1164800}}
{"timestamp": "2026-09-02T10:37:51.858448+00:00", "event": "ROWS_MATCHED", "status": "OK", "rule": "PASS1_EXACT", "confidence": 1.0, "params": {"txn_id": "TXN000053", "order_id": "ORD0053", "amount_paise": 1076700}}
{"timestamp": "2026-09-02T10:37:51.859728+00:00", "event": "ROWS_MATCHED", "status": "OK", "rule": "PASS1_EXACT", "confidence": 1.0, "params": {"txn_id": "TXN000054", "order_id": "ORD0054", "amount_paise": 1013000}}
{"timestamp": "2026-09-02T10:37:51.860831+00:00", "event": "ROWS_MATCHED", "status": "OK", "rule": "PASS1_EXACT", "confidence": 1.0, "params": {"txn_id": "TXN000055", "order_id": "ORD0055", "amount_paise": 295300}}
{"timestamp": "2026-09-02T10:37:51.861841+00:00", "event": "ROWS_MATCHED", "status": "OK", "rule": "PASS1_EXACT", "confidence": 1.0, "params": {"txn_id": "TXN000056", "order_id": "ORD0056", "amount_paise": 1209600}}
{"timestamp": "2026-09-02T10:37:51.862813+00:00", "event": "ROWS_MATCHED", "status": "OK", "rule": "PASS1_EXACT", "confidence": 1.0, "params": {"txn_id": "TXN000057", "order_id": "ORD0057", "amount_paise": 282700}}
{"timestamp": "2026-09-02T10:37:51.863712+00:00", "event": "ROWS_MATCHED", "status": "OK", "rule": "PASS1_EXACT", "confidence": 1.0, "params": {"txn_id": "TXN000058", "order_id": "ORD0058", "amount_paise": 636600}}
{"timestamp": "2026-09-02T10:37:51.864623+00:00", "event": "ROWS_MATCHED", "status": "OK", "rule": "PASS1_EXACT", "confidence": 1.0, "params": {"txn_id": "TXN000059", "order_id": "ORD0059", "amount_paise": 1063500}}
{"timestamp": "2026-09-02T10:37:51.865297+00:00", "event": "ROWS_MATCHED", "status": "OK", "rule": "PASS1_EXACT", "confidence": 1.0, "params": {"txn_id": "TXN000060", "order_id": "ORD0060", "amount_paise": 927500}}
{"timestamp": "2026-09-02T10:37:51.865854+00:00", "event": "ROWS_MATCHED", "status": "OK", "rule": "PASS1_EXACT", "confidence": 1.0, "params": {"txn_id": "TXN000061", "order_id": "ORD0061", "amount_paise": 1136600}}
{"timestamp": "2026-09-02T10:37:51.866301+00:00", "event": "ROWS_MATCHED", "status": "OK", "rule": "PASS1_EXACT", "confidence": 1.0, "params": {"txn_id": "TXN000062", "order_id": "ORD0062", "amount_paise": 1395900}}
{"timestamp": "2026-09-02T10:37:51.866694+00:00", "event": "ROWS_MATCHED", "status": "OK", "rule": "PASS1_EXACT", "confidence": 1.0, "params": {"txn_id": "TXN000063", "order_id": "ORD0063", "amount_paise": 1286300}}
{"timestamp": "2026-09-02T10:37:51.867417+00:00", "event": "ROWS_MATCHED", "status": "OK", "rule": "PASS1_EXACT", "confidence": 1.0, "params": {"txn_id": "TXN000064", "order_id": "ORD0064", "amount_paise": 390200}}
{"timestamp": "2026-09-02T10:37:51.867892+00:00", "event": "ROWS_MATCHED", "status": "OK", "rule": "PASS1_EXACT", "confidence": 1.0, "params": {"txn_id": "TXN000065", "order_id": "ORD0065", "amount_paise": 67500}}
{"timestamp": "2026-09-02T10:37:51.868378+00:00", "event": "ROWS_MATCHED", "status": "OK", "rule": "PASS1_EXACT", "confidence": 1.0, "params": {"txn_id": "TXN000083", "order_id": "ORD0083", "amount_paise": 1464600}}
{"timestamp": "2026-09-02T10:37:51.868777+00:00", "event": "ROWS_MATCHED", "status": "OK", "rule": "PASS1_EXACT", "confidence": 1.0, "params": {"txn_id": "TXN000084", "order_id": "ORD0084", "amount_paise": 1245200}}
{"timestamp": "2026-09-02T10:37:51.869201+00:00", "event": "ROWS_MATCHED", "status": "OK", "rule": "PASS1_EXACT", "confidence": 1.0, "params": {"txn_id": "TXN000085", "order_id": "ORD0085", "amount_paise": 1274200}}
{"timestamp": "2026-09-02T10:37:51.869603+00:00", "event": "ROWS_MATCHED", "status": "OK", "rule": "PASS1_EXACT", "confidence": 1.0, "params": {"txn_id": "TXN000086", "order_id": "ORD0086", "amount_paise": 572300}}
{"timestamp": "2026-09-02T10:37:51.870017+00:00", "event": "ROWS_MATCHED", "status": "OK", "rule": "PASS1_EXACT", "confidence": 1.0, "params": {"txn_id": "TXN000087", "order_id": "ORD0087", "amount_paise": 495800}}
{"timestamp": "2026-09-02T10:37:51.870390+00:00", "event": "ROWS_MATCHED", "status": "OK", "rule": "PASS1_EXACT", "confidence": 1.0, "params": {"txn_id": "TXN000088", "order_id": "ORD0088", "amount_paise": 274100}}
{"timestamp": "2026-09-02T10:37:51.871339+00:00", "event": "ROWS_MATCHED", "status": "OK", "rule": "PASS1_EXACT", "confidence": 1.0, "params": {"txn_id": "TXN000089", "order_id": "ORD0089", "amount_paise": 20300}}
{"timestamp": "2026-09-02T10:37:51.871803+00:00", "event": "ROWS_MATCHED", "status": "OK", "rule": "PASS1_EXACT", "confidence": 1.0, "params": {"txn_id": "TXN000090", "order_id": "ORD0090", "amount_paise": 1449900}}
{"timestamp": "2026-09-02T10:37:51.872198+00:00", "event": "ROWS_MATCHED", "status": "OK", "rule": "PASS1_EXACT", "confidence": 1.0, "params": {"txn_id": "TXN000091", "order_id": "ORD0091", "amount_paise": 446500}}
{"timestamp": "2026-09-02T10:37:51.872563+00:00", "event": "ROWS_MATCHED", "status": "OK", "rule": "PASS1_EXACT", "confidence": 1.0, "params": {"txn_id": "TXN000092", "order_id": "ORD0092", "amount_paise": 1263300}}
{"timestamp": "2026-09-02T10:37:51.874067+00:00", "event": "ROWS_MATCHED", "status": "OK", "rule": "PASS1_EXACT", "confidence": 1.0, "params": {"txn_id": "TXN000093", "order_id": "ORD0093", "amount_paise": 846700}}
{"timestamp": "2026-09-02T10:37:51.874760+00:00", "event": "ROWS_MATCHED", "status": "OK", "rule": "PASS1_EXACT", "confidence": 1.0, "params": {"txn_id": "TXN000095", "order_id": "ORD0095", "amount_paise": 846700}}
{"timestamp": "2026-09-02T10:37:51.875178+00:00", "event": "ROWS_MATCHED", "status": "OK", "rule": "PASS1_EXACT", "confidence": 1.0, "params": {"txn_id": "TXN000096", "order_id": "ORD0096", "amount_paise": 627600}}
{"timestamp": "2026-09-02T10:37:51.875684+00:00", "event": "ROWS_MATCHED", "status": "OK", "rule": "PASS1_EXACT", "confidence": 1.0, "params": {"txn_id": "TXN000098", "order_id": "ORD0098", "amount_paise": 15900}}
{"timestamp": "2026-09-02T10:37:51.876082+00:00", "event": "PASS1_COMPLETE", "status": "OK", "rule": "exact", "confidence": null, "params": {"matched": 79, "remaining_gateway": 21}}
{"timestamp": "2026-09-02T10:37:51.930464+00:00", "event": "ROWS_MATCHED", "status": "OK", "rule": "PASS2_FEE_TOLERANT", "confidence": 0.95, "params": {"txn_id": "TXN000066", "order_id": "ORD0066", "amount_paise": 531800}}
{"timestamp": "2026-09-02T10:37:51.931132+00:00", "event": "ROWS_MATCHED", "status": "OK", "rule": "PASS2_FEE_TOLERANT", "confidence": 0.95, "params": {"txn_id": "TXN000067", "order_id": "ORD0067", "amount_paise": 360600}}
{"timestamp": "2026-09-02T10:37:51.931649+00:00", "event": "ROWS_MATCHED", "status": "OK", "rule": "PASS2_FEE_TOLERANT", "confidence": 0.95, "params": {"txn_id": "TXN000068", "order_id": "ORD0068", "amount_paise": 1450800}}
{"timestamp": "2026-09-02T10:37:51.932115+00:00", "event": "ROWS_MATCHED", "status": "OK", "rule": "PASS2_FEE_TOLERANT", "confidence": 0.95, "params": {"txn_id": "TXN000069", "order_id": "ORD0069", "amount_paise": 1088800}}
{"timestamp": "2026-09-02T10:37:51.932530+00:00", "event": "ROWS_MATCHED", "status": "OK", "rule": "PASS2_FEE_TOLERANT", "confidence": 0.95, "params": {"txn_id": "TXN000070", "order_id": "ORD0070", "amount_paise": 1068200}}
{"timestamp": "2026-09-02T10:37:51.933063+00:00", "event": "ROWS_MATCHED", "status": "OK", "rule": "PASS2_FEE_TOLERANT", "confidence": 0.95, "params": {"txn_id": "TXN000071", "order_id": "ORD0071", "amount_paise": 243700}}
{"timestamp": "2026-09-02T10:37:51.933691+00:00", "event": "ROWS_MATCHED", "status": "OK", "rule": "PASS2_FEE_TOLERANT", "confidence": 0.95, "params": {"txn_id": "TXN000072", "order_id": "ORD0072", "amount_paise": 898000}}
{"timestamp": "2026-09-02T10:37:51.934191+00:00", "event": "ROWS_MATCHED", "status": "OK", "rule": "PASS2_FEE_TOLERANT", "confidence": 0.95, "params": {"txn_id": "TXN000073", "order_id": "ORD0073", "amount_paise": 716900}}
{"timestamp": "2026-09-02T10:37:51.934619+00:00", "event": "ROWS_MATCHED", "status": "OK", "rule": "PASS2_FEE_TOLERANT", "confidence": 0.95, "params": {"txn_id": "TXN000074", "order_id": "ORD0074", "amount_paise": 608000}}
{"timestamp": "2026-09-02T10:37:51.935016+00:00", "event": "ROWS_MATCHED", "status": "OK", "rule": "PASS2_FEE_TOLERANT", "confidence": 0.95, "params": {"txn_id": "TXN000075", "order_id": "ORD0075", "amount_paise": 241600}}
{"timestamp": "2026-09-02T10:37:51.935486+00:00", "event": "ROWS_MATCHED", "status": "OK", "rule": "PASS2_FEE_TOLERANT", "confidence": 0.95, "params": {"txn_id": "TXN000076", "order_id": "ORD0076", "amount_paise": 1253200}}
{"timestamp": "2026-09-02T10:37:51.935876+00:00", "event": "ROWS_MATCHED", "status": "OK", "rule": "PASS2_FEE_TOLERANT", "confidence": 0.95, "params": {"txn_id": "TXN000077", "order_id": "ORD0077", "amount_paise": 265400}}
{"timestamp": "2026-09-02T10:37:51.936251+00:00", "event": "ROWS_MATCHED", "status": "OK", "rule": "PASS2_FEE_TOLERANT", "confidence": 0.95, "params": {"txn_id": "TXN000078", "order_id": "ORD0078", "amount_paise": 1129900}}
{"timestamp": "2026-09-02T10:37:51.936635+00:00", "event": "ROWS_MATCHED", "status": "OK", "rule": "PASS2_FEE_TOLERANT", "confidence": 0.95, "params": {"txn_id": "TXN000079", "order_id": "ORD0079", "amount_paise": 645400}}
{"timestamp": "2026-09-02T10:37:51.937063+00:00", "event": "ROWS_MATCHED", "status": "OK", "rule": "PASS2_FEE_TOLERANT", "confidence": 0.95, "params": {"txn_id": "TXN000080", "order_id": "ORD0080", "amount_paise": 781800}}
{"timestamp": "2026-09-02T10:37:51.937425+00:00", "event": "ROWS_MATCHED", "status": "OK", "rule": "PASS2_FEE_TOLERANT", "confidence": 0.95, "params": {"txn_id": "TXN000081", "order_id": "ORD0081", "amount_paise": 921400}}
{"timestamp": "2026-09-02T10:37:51.937953+00:00", "event": "ROWS_MATCHED", "status": "OK", "rule": "PASS2_FEE_TOLERANT", "confidence": 0.95, "params": {"txn_id": "TXN000082", "order_id": "ORD0082", "amount_paise": 1129500}}
{"timestamp": "2026-09-02T10:37:51.938419+00:00", "event": "PASS2_COMPLETE", "status": "OK", "rule": "fee_tolerant", "confidence": null, "params": {"matched": 17, "remaining_gateway": 4}}
{"timestamp": "2026-09-02T10:37:51.938825+00:00", "event": "PASS3_START", "status": "OK", "rule": "ai", "confidence": null, "params": {"residual": 4}}
{"timestamp": "2026-09-02T10:37:51.942614+00:00", "event": "DECISION_ESCALATED", "status": "ESCALATED_TO_HUMAN", "rule": "heuristic", "confidence": 0.2, "params": {"txn_id": "TXN000094", "order_id": "ORD0094", "gateway_paise": 1039400, "bank_paise": 994400, "ledger_paise": 1039400, "gateway_rupees": 10394.0, "bank_rupees": 9944.0}}
{"timestamp": "2026-09-02T10:37:51.945518+00:00", "event": "DECISION_ESCALATED", "status": "ESCALATED_TO_HUMAN", "rule": "heuristic", "confidence": 0.2, "params": {"txn_id": "TXN000097", "order_id": "ORD0097", "gateway_paise": 1290700, "bank_paise": 1245700, "ledger_paise": 1290700, "gateway_rupees": 12907.0, "bank_rupees": 12457.0}}
{"timestamp": "2026-09-02T10:37:51.947548+00:00", "event": "DECISION_ESCALATED", "status": "ESCALATED_TO_HUMAN", "rule": "heuristic", "confidence": 0.2, "params": {"txn_id": "TXN000099", "order_id": "ORD0099", "gateway_paise": 46900, "bank_paise": 1900, "ledger_paise": 46900, "gateway_rupees": 469.0, "bank_rupees": 19.0}}
{"timestamp": "2026-09-02T10:37:51.949523+00:00", "event": "DECISION_ESCALATED", "status": "ESCALATED_TO_HUMAN", "rule": "heuristic", "confidence": 0.2, "params": {"txn_id": "TXN000100", "order_id": "ORD0100", "gateway_paise": 1454600, "bank_paise": 1409600, "ledger_paise": 1454600, "gateway_rupees": 14546.0, "bank_rupees": 14096.0}}
{"timestamp": "2026-09-02T10:37:51.955352+00:00", "event": "BATCH_COMPLETE", "status": "OK", "rule": "engine", "confidence": null, "params": {"total_gateway": 100, "total_bank": 100, "total_ledger": 100, "matched_exact_pass1": 79, "matched_fee_pass2": 17, "matched_ai_pass3": 0, "total_matched": 96, "unresolved_count": 4, "match_rate_pct": 96.0, "elapsed_sec": 0.2951, "throughput_rec_sec": 325.28, "precision_pct": 100.0, "ai_settled": 0, "ai_escalated": 4}}
{"timestamp": "2026-09-04T11:22:21.059354+00:00", "event": "BATCH_START", "status": "OK", "rule": "engine", "confidence": null, "params": {"gateway": 100, "bank": 100, "ledger": 100}}
{"timestamp": "2026-09-04T11:22:21.137960+00:00", "event": "ROWS_MATCHED", "status": "OK", "rule": "PASS1_EXACT", "confidence": 1.0, "params": {"txn_id": "TXN000001", "order_id": "ORD0001", "amount_paise": 1062600}}
{"timestamp": "2026-09-04T11:22:21.138562+00:00", "event": "ROWS_MATCHED", "status": "OK", "rule": "PASS1_EXACT", "confidence": 1.0, "params": {"txn_id": "TXN000002", "order_id": "ORD0002", "amount_paise": 55900}}
{"timestamp": "2026-09-04T11:22:21.138993+00:00", "event": "ROWS_MATCHED", "status": "OK", "rule": "PASS1_EXACT", "confidence": 1.0, "params": {"txn_id": "TXN000003", "order_id": "ORD0003", "amount_paise": 465600}}
{"timestamp": "2026-09-04T11:22:21.139421+00:00", "event": "ROWS_MATCHED", "status": "OK", "rule": "PASS1_EXACT", "confidence": 1.0, "params": {"txn_id": "TXN000004", "order_id": "ORD0004", "amount_paise": 380700}}
{"timestamp": "2026-09-04T11:22:21.140229+00:00", "event": "ROWS_MATCHED", "status": "OK", "rule": "PASS1_EXACT", "confidence": 1.0, "params": {"txn_id": "TXN000005", "order_id": "ORD0005", "amount_paise": 1221600}}
{"timestamp": "2026-09-04T11:22:21.141310+00:00", "event": "ROWS_MATCHED", "status": "OK", "rule": "PASS1_EXACT", "confidence": 1.0, "params": {"txn_id": "TXN000006", "order_id": "ORD0006", "amount_paise": 1123700}}
{"timestamp": "2026-09-04T11:22:21.143168+00:00", "event": "ROWS_MATCHED", "status": "OK", "rule": "PASS1_EXACT", "confidence": 1.0, "params": {"txn_id": "TXN000007", "order_id": "ORD0007", "amount_paise": 1476700}}
{"timestamp": "2026-09-04T11:22:21.144281+00:00", "event": "ROWS_MATCHED", "status": "OK", "rule": "PASS1_EXACT", "confidence": 1.0, "params": {"txn_id": "TXN000008", "order_id": "ORD0008", "amount_paise": 157400}}
{"timestamp": "2026-09-04T11:22:21.145583+00:00", "event": "ROWS_MATCHED", "status": "OK", "rule": "PASS1_EXACT", "confidence": 1.0, "params": {"txn_id": "TXN000009", "order_id": "ORD0009", "amount_paise": 706200}}
{"timestamp": "2026-09-04T11:22:21.146533+00:00", "event": "ROWS_MATCHED", "status": "OK", "rule": "PASS1_EXACT", "confidence": 1.0, "params": {"txn_id": "TXN000010", "order_id": "ORD0010", "amount_paise": 63800}}
{"timestamp": "2026-09-04T11:22:21.147254+00:00", "event": "ROWS_MATCHED", "status": "OK", "rule": "PASS1_EXACT", "confidence": 1.0, "params": {"txn_id": "TXN000011", "order_id": "ORD0011", "amount_paise": 373200}}
{"timestamp": "2026-09-04T11:22:21.147751+00:00", "event": "ROWS_MATCHED", "status": "OK", "rule": "PASS1_EXACT", "confidence": 1.0, "params": {"txn_id": "TXN000012", "order_id": "ORD0012", "amount_paise": 842900}}
{"timestamp": "2026-09-04T11:22:21.148165+00:00", "event": "ROWS_MATCHED", "status": "OK", "rule": "PASS1_EXACT", "confidence": 1.0, "params": {"txn_id": "TXN000013", "order_id": "ORD0013", "amount_paise": 58400}}
{"timestamp": "2026-09-04T11:22:21.148595+00:00", "event": "ROWS_MATCHED", "status": "OK", "rule": "PASS1_EXACT", "confidence": 1.0, "params": {"txn_id": "TXN000014", "order_id": "ORD0014", "amount_paise": 340700}}
{"timestamp": "2026-09-04T11:22:21.148952+00:00", "event": "ROWS_MATCHED", "status": "OK", "rule": "PASS1_EXACT", "confidence": 1.0, "params": {"txn_id": "TXN000015", "order_id": "ORD0015", "amount_paise": 1079700}}
{"timestamp": "2026-09-04T11:22:21.149285+00:00", "event": "ROWS_MATCHED", "status": "OK", "rule": "PASS1_EXACT", "confidence": 1.0, "params": {"txn_id": "TXN000016", "order_id": "ORD0016", "amount_paise": 907800}}
{"timestamp": "2026-09-04T11:22:21.149631+00:00", "event": "ROWS_MATCHED", "status": "OK", "rule": "PASS1_EXACT", "confidence": 1.0, "params": {"txn_id": "TXN000017", "order_id": "ORD0017", "amount_paise": 376100}}
{"timestamp": "2026-09-04T11:22:21.150667+00:00", "event": "ROWS_MATCHED", "status": "OK", "rule": "PASS1_EXACT", "confidence": 1.0, "params": {"txn_id": "TXN000018", "order_id": "ORD0018", "amount_paise": 980400}}
{"timestamp": "2026-09-04T11:22:21.151933+00:00", "event": "ROWS_MATCHED", "status": "OK", "rule": "PASS1_EXACT", "confidence": 1.0, "params": {"txn_id": "TXN000019", "order_id": "ORD0019", "amount_paise": 1341100}}
{"timestamp": "2026-09-04T11:22:21.152848+00:00", "event": "ROWS_MATCHED", "status": "OK", "rule": "PASS1_EXACT", "confidence": 1.0, "params": {"txn_id": "TXN000020", "order_id": "ORD0020", "amount_paise": 25600}}
{"timestamp": "2026-09-04T11:22:21.153394+00:00", "event": "ROWS_MATCHED", "status": "OK", "rule": "PASS1_EXACT", "confidence": 1.0, "params": {"txn_id": "TXN000021", "order_id": "ORD0021", "amount_paise": 1335200}}
{"timestamp": "2026-09-04T11:22:21.153844+00:00", "event": "ROWS_MATCHED", "status": "OK", "rule": "PASS1_EXACT", "confidence": 1.0, "params": {"txn_id": "TXN000022", "order_id": "ORD0022", "amount_paise": 1158800}}
{"timestamp": "2026-09-04T11:22:21.154214+00:00", "event": "ROWS_MATCHED", "status": "OK", "rule": "PASS1_EXACT", "confidence": 1.0, "params": {"txn_id": "TXN000023", "order_id": "ORD0023", "amount_paise": 572400}}
{"timestamp": "2026-09-04T11:22:21.154517+00:00", "event": "ROWS_MATCHED", "status": "OK", "rule": "PASS1_EXACT", "confidence": 1.0, "params": {"txn_id": "TXN000024", "order_id": "ORD0024", "amount_paise": 269700}}
{"timestamp": "2026-09-04T11:22:21.154821+00:00", "event": "ROWS_MATCHED", "status": "OK", "rule": "PASS1_EXACT", "confidence": 1.0, "params": {"txn_id": "TXN000025", "order_id": "ORD0025", "amount_paise": 1265900}}
{"timestamp": "2026-09-04T11:22:21.155157+00:00", "event": "ROWS_MATCHED", "status": "OK", "rule": "PASS1_EXACT", "confidence": 1.0, "params": {"txn_id": "TXN000026", "order_id": "ORD0026", "amount_paise": 182400}}
{"timestamp": "2026-09-04T11:22:21.155463+00:00", "event": "ROWS_MATCHED", "status": "OK", "rule": "PASS1_EXACT", "confidence": 1.0, "params": {"txn_id": "TXN000027", "order_id": "ORD0027", "amount_paise": 637400}}
{"timestamp": "2026-09-04T11:22:21.155786+00:00", "event": "ROWS_MATCHED", "status": "OK", "rule": "PASS1_EXACT", "confidence": 1.0, "params": {"txn_id": "TXN000028", "order_id": "ORD0028", "amount_paise": 603100}}
{"timestamp": "2026-09-04T11:22:21.156104+00:00", "event": "ROWS_MATCHED", "status": "OK", "rule": "PASS1_EXACT", "confidence": 1.0, "params": {"txn_id": "TXN000029", "order_id": "ORD0029", "amount_paise": 578500}}
{"timestamp": "2026-09-04T11:22:21.156409+00:00", "event": "ROWS_MATCHED", "status": "OK", "rule": "PASS1_EXACT", "confidence": 1.0, "params": {"txn_id": "TXN000030", "order_id": "ORD0030", "amount_paise": 448300}}
{"timestamp": "2026-09-04T11:22:21.156703+00:00", "event": "ROWS_MATCHED", "status": "OK", "rule": "PASS1_EXACT", "confidence": 1.0, "params": {"txn_id": "TXN000031", "order_id": "ORD0031", "amount_paise": 86100}}
{"timestamp": "2026-09-04T11:22:21.157066+00:00", "event": "ROWS_MATCHED", "status": "OK", "rule": "PASS1_EXACT", "confidence": 1.0, "params": {"txn_id": "TXN000032", "order_id": "ORD0032", "amount_paise": 767700}}
{"timestamp": "2026-09-04T11:22:21.157794+00:00", "event": "ROWS_MATCHED", "status": "OK", "rule": "PASS1_EXACT", "confidence": 1.0, "params": {"txn_id": "TXN000033", "order_id": "ORD0033", "amount_paise": 219500}}
{"timestamp": "2026-09-04T11:22:21.158451+00:00", "event": "ROWS_MATCHED", "status": "OK", "rule": "PASS1_EXACT", "confidence": 1.0, "params": {"txn_id": "TXN000034", "order_id": "ORD0034", "amount_paise": 635100}}
{"timestamp": "2026-09-04T11:22:21.159180+00:00", "event": "ROWS_MATCHED", "status": "OK", "rule": "PASS1_EXACT", "confidence": 1.0, "params": {"txn_id": "TXN000035", "order_id": "ORD0035", "amount_paise": 919400}}
{"timestamp": "2026-09-04T11:22:21.159630+00:00", "event": "ROWS_MATCHED", "status": "OK", "rule": "PASS1_EXACT", "confidence": 1.0, "params": {"txn_id": "TXN000036", "order_id": "ORD0036", "amount_paise": 1373800}}
{"timestamp": "2026-09-04T11:22:21.159931+00:00", "event": "ROWS_MATCHED", "status": "OK", "rule": "PASS1_EXACT", "confidence": 1.0, "params": {"txn_id": "TXN000037", "order_id": "ORD0037", "amount_paise": 1028300}}
{"timestamp": "2026-09-04T11:22:21.160213+00:00", "event": "ROWS_MATCHED", "status": "OK", "rule": "PASS1_EXACT", "confidence": 1.0, "params": {"txn_id": "TXN000038", "order_id": "ORD0038", "amount_paise": 1426800}}
{"timestamp": "2026-09-04T11:22:21.160486+00:00", "event": "ROWS_MATCHED", "status": "OK", "rule": "PASS1_EXACT", "confidence": 1.0, "params": {"txn_id": "TXN000039", "order_id": "ORD0039", "amount_paise": 960900}}
{"timestamp": "2026-09-04T11:22:21.160801+00:00", "event": "ROWS_MATCHED", "status": "OK", "rule": "PASS1_EXACT", "confidence": 1.0, "params": {"txn_id": "TXN000040", "order_id": "ORD0040", "amount_paise": 1169300}}
{"timestamp": "2026-09-04T11:22:21.161101+00:00", "event": "ROWS_MATCHED", "status": "OK", "rule": "PASS1_EXACT", "confidence": 1.0, "params": {"txn_id": "TXN000041", "order_id": "ORD0041", "amount_paise": 90000}}
{"timestamp": "2026-09-04T11:22:21.161399+00:00", "event": "ROWS_MATCHED", "status": "OK", "rule": "PASS1_EXACT", "confidence": 1.0, "params": {"txn_id": "TXN000042", "order_id": "ORD0042", "amount_paise": 388300}}
{"timestamp": "2026-09-04T11:22:21.161709+00:00", "event": "ROWS_MATCHED", "status": "OK", "rule": "PASS1_EXACT", "confidence": 1.0, "params": {"txn_id": "TXN000043", "order_id": "ORD0043", "amount_paise": 489100}}
{"timestamp": "2026-09-04T11:22:21.162037+00:00", "event": "ROWS_MATCHED", "status": "OK", "rule": "PASS1_EXACT", "confidence": 1.0, "params": {"txn_id": "TXN000044", "order_id": "ORD0044", "amount_paise": 1416300}}
{"timestamp": "2026-09-04T11:22:21.162357+00:00", "event": "ROWS_MATCHED", "status": "OK", "rule": "PASS1_EXACT", "confidence": 1.0, "params": {"txn_id": "TXN000045", "order_id": "ORD0045", "amount_paise": 1434600}}
{"timestamp": "2026-09-04T11:22:21.162706+00:00", "event": "ROWS_MATCHED", "status": "OK", "rule": "PASS1_EXACT", "confidence": 1.0, "params": {"txn_id": "TXN000046", "order_id": "ORD0046", "amount_paise": 637700}}
{"timestamp": "2026-09-04T11:22:21.163047+00:00", "event": "ROWS_MATCHED", "status": "OK", "rule": "PASS1_EXACT", "confidence": 1.0, "params": {"txn_id": "TXN000047", "order_id": "ORD0047", "amount_paise": 757800}}
{"timestamp": "2026-09-04T11:22:21.163334+00:00", "event": "ROWS_MATCHED", "status": "OK", "rule": "PASS1_EXACT", "confidence": 1.0, "params": {"txn_id": "TXN000048", "order_id": "ORD0048", "amount_paise": 1381600}}
{"timestamp": "2026-09-04T11:22:21.163640+00:00", "event": "ROWS_MATCHED", "status": "OK", "rule": "PASS1_EXACT", "confidence": 1.0, "params": {"txn_id": "TXN000049", "order_id": "ORD0049", "amount_paise": 281400}}
{"timestamp": "2026-09-04T11:22:21.163943+00:00", "event": "ROWS_MATCHED", "status": "OK", "rule": "PASS1_EXACT", "confidence": 1.0, "params": {"txn_id": "TXN000050", "order_id": "ORD0050", "amount_paise": 597000}}
{"timestamp": "2026-09-04T11:22:21.164247+00:00", "event": "ROWS_MATCHED", "status": "OK", "rule": "PASS1_EXACT", "confidence": 1.0, "params": {"txn_id": "TXN000051", "order_id": "ORD0051", "amount_paise": 1113000}}
{"timestamp": "2026-09-04T11:22:21.164522+00:00", "event": "ROWS_MATCHED", "status": "OK", "rule": "PASS1_EXACT", "confidence": 1.0, "params": {"txn_id": "TXN000052", "order_id": "ORD0052", "amount_paise": 1164800}}
{"timestamp": "2026-09-04T11:22:21.164789+00:00", "event": "ROWS_MATCHED", "status": "OK", "rule": "PASS1_EXACT", "confidence": 1.0, "params": {"txn_id": "TXN000053", "order_id": "ORD0053", "amount_paise": 1076700}}
{"timestamp": "2026-09-04T11:22:21.165110+00:00", "event": "ROWS_MATCHED", "status": "OK", "rule": "PASS1_EXACT", "confidence": 1.0, "params": {"txn_id": "TXN000054", "order_id": "ORD0054", "amount_paise": 1013000}}
{"timestamp": "2026-09-04T11:22:21.165567+00:00", "event": "ROWS_MATCHED", "status": "OK", "rule": "PASS1_EXACT", "confidence": 1.0, "params": {"txn_id": "TXN000055", "order_id": "ORD0055", "amount_paise": 295300}}
{"timestamp": "2026-09-04T11:22:21.166037+00:00", "event": "ROWS_MATCHED", "status": "OK", "rule": "PASS1_EXACT", "confidence": 1.0, "params": {"txn_id": "TXN000056", "order_id": "ORD0056", "amount_paise": 1209600}}
{"timestamp": "2026-09-04T11:22:21.166588+00:00", "event": "ROWS_MATCHED", "status": "OK", "rule": "PASS1_EXACT", "confidence": 1.0, "params": {"txn_id": "TXN000057", "order_id": "ORD0057", "amount_paise": 282700}}
{"timestamp": "2026-09-04T11:22:21.167119+00:00", "event": "ROWS_MATCHED", "status": "OK", "rule": "PASS1_EXACT", "confidence": 1.0, "params": {"txn_id": "TXN000058", "order_id": "ORD0058", "amount_paise": 636600}}
{"timestamp": "2026-09-04T11:22:21.167619+00:00", "event": "ROWS_MATCHED", "status": "OK", "rule": "PASS1_EXACT", "confidence": 1.0, "params": {"txn_id": "TXN000059", "order_id": "ORD0059", "amount_paise": 1063500}}
{"timestamp": "2026-09-04T11:22:21.168914+00:00", "event": "ROWS_MATCHED", "status": "OK", "rule": "PASS1_EXACT", "confidence": 1.0, "params": {"txn_id": "TXN000060", "order_id": "ORD0060", "amount_paise": 927500}}
{"timestamp": "2026-09-04T11:22:21.169567+00:00", "event": "ROWS_MATCHED", "status": "OK", "rule": "PASS1_EXACT", "confidence": 1.0, "params": {"txn_id": "TXN000061", "order_id": "ORD0061", "amount_paise": 1136600}}
{"timestamp": "2026-09-04T11:22:21.170211+00:00", "event": "ROWS_MATCHED", "status": "OK", "rule": "PASS1_EXACT", "confidence": 1.0, "params": {"txn_id": "TXN000062", "order_id": "ORD0062", "amount_paise": 1395900}}
{"timestamp": "2026-09-04T11:22:21.170760+00:00", "event": "ROWS_MATCHED", "status": "OK", "rule": "PASS1_EXACT", "confidence": 1.0, "params": {"txn_id": "TXN000063", "order_id": "ORD0063", "amount_paise": 1286300}}
{"timestamp": "2026-09-04T11:22:21.171320+00:00", "event": "ROWS_MATCHED", "status": "OK", "rule": "PASS1_EXACT", "confidence": 1.0, "params": {"txn_id": "TXN000064", "order_id": "ORD0064", "amount_paise": 390200}}
{"timestamp": "2026-09-04T11:22:21.171856+00:00", "event": "ROWS_MATCHED", "status": "OK", "rule": "PASS1_EXACT", "confidence": 1.0, "params": {"txn_id": "TXN000065", "order_id": "ORD0065", "amount_paise": 67500}}
{"timestamp": "2026-09-04T11:22:21.172372+00:00", "event": "ROWS_MATCHED", "status": "OK", "rule": "PASS1_EXACT", "confidence": 1.0, "params": {"txn_id": "TXN000083", "order_id": "ORD0083", "amount_paise": 1464600}}
{"timestamp": "2026-09-04T11:22:21.172972+00:00", "event": "ROWS_MATCHED", "status": "OK", "rule": "PASS1_EXACT", "confidence": 1.0, "params": {"txn_id": "TXN000084", "order_id": "ORD0084", "amount_paise": 1245200}}
{"timestamp": "2026-09-04T11:22:21.173798+00:00", "event": "ROWS_MATCHED", "status": "OK", "rule": "PASS1_EXACT", "confidence": 1.0, "params": {"txn_id": "TXN000085", "order_id": "ORD0085", "amount_paise": 1274200}}
{"timestamp": "2026-09-04T11:22:21.174455+00:00", "event": "ROWS_MATCHED", "status": "OK", "rule": "PASS1_EXACT", "confidence": 1.0, "params": {"txn_id": "TXN000086", "order_id": "ORD0086", "amount_paise": 572300}}
{"timestamp": "2026-09-04T11:22:21.175068+00:00", "event": "ROWS_MATCHED", "status": "OK", "rule": "PASS1_EXACT", "confidence": 1.0, "params": {"txn_id": "TXN000087", "order_id": "ORD0087", "amount_paise": 495800}}
{"timestamp": "2026-09-04T11:22:21.175591+00:00", "event": "ROWS_MATCHED", "status": "OK", "rule": "PASS1_EXACT", "confidence": 1.0, "params": {"txn_id": "TXN000088", "order_id": "ORD0088", "amount_paise": 274100}}
{"timestamp": "2026-09-04T11:22:21.176081+00:00", "event": "ROWS_MATCHED", "status": "OK", "rule": "PASS1_EXACT", "confidence": 1.0, "params": {"txn_id": "TXN000089", "order_id": "ORD0089", "amount_paise": 20300}}
{"timestamp": "2026-09-04T11:22:21.176690+00:00", "event": "ROWS_MATCHED", "status": "OK", "rule": "PASS1_EXACT", "confidence": 1.0, "params": {"txn_id": "TXN000090", "order_id": "ORD0090", "amount_paise": 1449900}}
{"timestamp": "2026-09-04T11:22:21.177317+00:00", "event": "ROWS_MATCHED", "status": "OK", "rule": "PASS1_EXACT", "confidence": 1.0, "params": {"txn_id": "TXN000091", "order_id": "ORD0091", "amount_paise": 446500}}
{"timestamp": "2026-09-04T11:22:21.177894+00:00", "event": "ROWS_MATCHED", "status": "OK", "rule": "PASS1_EXACT", "confidence": 1.0, "params": {"txn_id": "TXN000092", "order_id": "ORD0092", "amount_paise": 1263300}}
{"timestamp": "2026-09-04T11:22:21.178378+00:00", "event": "ROWS_MATCHED", "status": "OK", "rule": "PASS1_EXACT", "confidence": 1.0, "params": {"txn_id": "TXN000093", "order_id": "ORD0093", "amount_paise": 846700}}
{"timestamp": "2026-09-04T11:22:21.178879+00:00", "event": "ROWS_MATCHED", "status": "OK", "rule": "PASS1_EXACT", "confidence": 1.0, "params": {"txn_id": "TXN000095", "order_id": "ORD0095", "amount_paise": 846700}}
{"timestamp": "2026-09-04T11:22:21.179280+00:00", "event": "ROWS_MATCHED", "status": "OK", "rule": "PASS1_EXACT", "confidence": 1.0, "params": {"txn_id": "TXN000096", "order_id": "ORD0096", "amount_paise": 627600}}
{"timestamp": "2026-09-04T11:22:21.179668+00:00", "event": "ROWS_MATCHED", "status": "OK", "rule": "PASS1_EXACT", "confidence": 1.0, "params": {"txn_id": "TXN000098", "order_id": "ORD0098", "amount_paise": 15900}}
{"timestamp": "2026-09-04T11:22:21.179942+00:00", "event": "PASS1_COMPLETE", "status": "OK", "rule": "exact", "confidence": null, "params": {"matched": 79, "remaining_gateway": 21}}
{"timestamp": "2026-09-04T11:22:21.222040+00:00", "event": "ROWS_MATCHED", "status": "OK", "rule": "PASS2_FEE_TOLERANT", "confidence": 0.95, "params": {"txn_id": "TXN000066", "order_id": "ORD0066", "amount_paise": 531800}}
{"timestamp": "2026-09-04T11:22:21.222751+00:00", "event": "ROWS_MATCHED", "status": "OK", "rule": "PASS2_FEE_TOLERANT", "confidence": 0.95, "params": {"txn_id": "TXN000067", "order_id": "ORD0067", "amount_paise": 360600}}
{"timestamp": "2026-09-04T11:22:21.223266+00:00", "event": "ROWS_MATCHED", "status": "OK", "rule": "PASS2_FEE_TOLERANT", "confidence": 0.95, "params": {"txn_id": "TXN000068", "order_id": "ORD0068", "amount_paise": 1450800}}
{"timestamp": "2026-09-04T11:22:21.223722+00:00", "event": "ROWS_MATCHED", "status": "OK", "rule": "PASS2_FEE_TOLERANT", "confidence": 0.95, "params": {"txn_id": "TXN000069", "order_id": "ORD0069", "amount_paise": 1088800}}
{"timestamp": "2026-09-04T11:22:21.224527+00:00", "event": "ROWS_MATCHED", "status": "OK", "rule": "PASS2_FEE_TOLERANT", "confidence": 0.95, "params": {"txn_id": "TXN000070", "order_id": "ORD0070", "amount_paise": 1068200}}
{"timestamp": "2026-09-04T11:22:21.225708+00:00", "event": "ROWS_MATCHED", "status": "OK", "rule": "PASS2_FEE_TOLERANT", "confidence": 0.95, "params": {"txn_id": "TXN000071", "order_id": "ORD0071", "amount_paise": 243700}}
{"timestamp": "2026-09-04T11:22:21.226634+00:00", "event": "ROWS_MATCHED", "status": "OK", "rule": "PASS2_FEE_TOLERANT", "confidence": 0.95, "params": {"txn_id": "TXN000072", "order_id": "ORD0072", "amount_paise": 898000}}
{"timestamp": "2026-09-04T11:22:21.227329+00:00", "event": "ROWS_MATCHED", "status": "OK", "rule": "PASS2_FEE_TOLERANT", "confidence": 0.95, "params": {"txn_id": "TXN000073", "order_id": "ORD0073", "amount_paise": 716900}}
{"timestamp": "2026-09-04T11:22:21.228161+00:00", "event": "ROWS_MATCHED", "status": "OK", "rule": "PASS2_FEE_TOLERANT", "confidence": 0.95, "params": {"txn_id": "TXN000074", "order_id": "ORD0074", "amount_paise": 608000}}
{"timestamp": "2026-09-04T11:22:21.228724+00:00", "event": "ROWS_MATCHED", "status": "OK", "rule": "PASS2_FEE_TOLERANT", "confidence": 0.95, "params": {"txn_id": "TXN000075", "order_id": "ORD0075", "amount_paise": 241600}}
{"timestamp": "2026-09-04T11:22:21.229040+00:00", "event": "ROWS_MATCHED", "status": "OK", "rule": "PASS2_FEE_TOLERANT", "confidence": 0.95, "params": {"txn_id": "TXN000076", "order_id": "ORD0076", "amount_paise": 1253200}}
{"timestamp": "2026-09-04T11:22:21.229513+00:00", "event": "ROWS_MATCHED", "status": "OK", "rule": "PASS2_FEE_TOLERANT", "confidence": 0.95, "params": {"txn_id": "TXN000077", "order_id": "ORD0077", "amount_paise": 265400}}
{"timestamp": "2026-09-04T11:22:21.229960+00:00", "event": "ROWS_MATCHED", "status": "OK", "rule": "PASS2_FEE_TOLERANT", "confidence": 0.95, "params": {"txn_id": "TXN000078", "order_id": "ORD0078", "amount_paise": 1129900}}
{"timestamp": "2026-09-04T11:22:21.230324+00:00", "event": "ROWS_MATCHED", "status": "OK", "rule": "PASS2_FEE_TOLERANT", "confidence": 0.95, "params": {"txn_id": "TXN000079", "order_id": "ORD0079", "amount_paise": 645400}}
{"timestamp": "2026-09-04T11:22:21.230655+00:00", "event": "ROWS_MATCHED", "status": "OK", "rule": "PASS2_FEE_TOLERANT", "confidence": 0.95, "params": {"txn_id": "TXN000080", "order_id": "ORD0080", "amount_paise": 781800}}
{"timestamp": "2026-09-04T11:22:21.231088+00:00", "event": "ROWS_MATCHED", "status": "OK", "rule": "PASS2_FEE_TOLERANT", "confidence": 0.95, "params": {"txn_id": "TXN000081", "order_id": "ORD0081", "amount_paise": 921400}}
{"timestamp": "2026-09-04T11:22:21.231698+00:00", "event": "ROWS_MATCHED", "status": "OK", "rule": "PASS2_FEE_TOLERANT", "confidence": 0.95, "params": {"txn_id": "TXN000082", "order_id": "ORD0082", "amount_paise": 1129500}}
{"timestamp": "2026-09-04T11:22:21.232061+00:00", "event": "PASS2_COMPLETE", "status": "OK", "rule": "fee_tolerant", "confidence": null, "params": {"matched": 17, "remaining_gateway": 4}}
{"timestamp": "2026-09-04T11:22:21.232333+00:00", "event": "PASS3_START", "status": "OK", "rule": "ai", "confidence": null, "params": {"residual": 4}}
{"timestamp": "2026-09-04T11:22:21.234339+00:00", "event": "DECISION_ESCALATED", "status": "ESCALATED_TO_HUMAN", "rule": "heuristic", "confidence": 0.2, "params": {"txn_id": "TXN000094", "order_id": "ORD0094", "gateway_paise": 1039400, "bank_paise": 994400, "ledger_paise": 1039400, "gateway_rupees": 10394.0, "bank_rupees": 9944.0}}
{"timestamp": "2026-09-04T11:22:21.235894+00:00", "event": "DECISION_ESCALATED", "status": "ESCALATED_TO_HUMAN", "rule": "heuristic", "confidence": 0.2, "params": {"txn_id": "TXN000097", "order_id": "ORD0097", "gateway_paise": 1290700, "bank_paise": 1245700, "ledger_paise": 1290700, "gateway_rupees": 12907.0, "bank_rupees": 12457.0}}
{"timestamp": "2026-09-04T11:22:21.237454+00:00", "event": "DECISION_ESCALATED", "status": "ESCALATED_TO_HUMAN", "rule": "heuristic", "confidence": 0.2, "params": {"txn_id": "TXN000099", "order_id": "ORD0099", "gateway_paise": 46900, "bank_paise": 1900, "ledger_paise": 46900, "gateway_rupees": 469.0, "bank_rupees": 19.0}}
{"timestamp": "2026-09-04T11:22:21.238989+00:00", "event": "DECISION_ESCALATED", "status": "ESCALATED_TO_HUMAN", "rule": "heuristic", "confidence": 0.2, "params": {"txn_id": "TXN000100", "order_id": "ORD0100", "gateway_paise": 1454600, "bank_paise": 1409600, "ledger_paise": 1454600, "gateway_rupees": 14546.0, "bank_rupees": 14096.0}}
{"timestamp": "2026-09-04T11:22:21.243878+00:00", "event": "BATCH_COMPLETE", "status": "OK", "rule": "engine", "confidence": null, "params": {"total_gateway": 100, "total_bank": 100, "total_ledger": 100, "matched_exact_pass1": 79, "matched_fee_pass2": 17, "matched_ai_pass3": 0, "total_matched": 96, "unresolved_count": 4, "match_rate_pct": 96.0, "elapsed_sec": 0.232, "throughput_rec_sec": 413.74, "precision_pct": 100.0, "ai_settled": 0, "ai_escalated": 4}}
{"timestamp": "2026-09-04T11:23:50.706791+00:00", "event": "BATCH_START", "status": "OK", "rule": "engine", "confidence": null, "params": {"gateway": 50, "bank": 50, "ledger": 50}}
{"timestamp": "2026-09-04T11:23:50.756569+00:00", "event": "ROWS_MATCHED", "status": "OK", "rule": "PASS1_EXACT", "confidence": 1.0, "params": {"txn_id": "TXN000001", "order_id": "ORD0001", "amount_paise": 1062600}}
{"timestamp": "2026-09-04T11:23:50.757159+00:00", "event": "ROWS_MATCHED", "status": "OK", "rule": "PASS1_EXACT", "confidence": 1.0, "params": {"txn_id": "TXN000002", "order_id": "ORD0002", "amount_paise": 55900}}
{"timestamp": "2026-09-04T11:23:50.757528+00:00", "event": "ROWS_MATCHED", "status": "OK", "rule": "PASS1_EXACT", "confidence": 1.0, "params": {"txn_id": "TXN000003", "order_id": "ORD0003", "amount_paise": 465600}}
{"timestamp": "2026-09-04T11:23:50.757855+00:00", "event": "ROWS_MATCHED", "status": "OK", "rule": "PASS1_EXACT", "confidence": 1.0, "params": {"txn_id": "TXN000004", "order_id": "ORD0004", "amount_paise": 380700}}
{"timestamp": "2026-09-04T11:23:50.758262+00:00", "event": "ROWS_MATCHED", "status": "OK", "rule": "PASS1_EXACT", "confidence": 1.0, "params": {"txn_id": "TXN000005", "order_id": "ORD0005", "amount_paise": 1221600}}
{"timestamp": "2026-09-04T11:23:50.758574+00:00", "event": "ROWS_MATCHED", "status": "OK", "rule": "PASS1_EXACT", "confidence": 1.0, "params": {"txn_id": "TXN000006", "order_id": "ORD0006", "amount_paise": 1123700}}
{"timestamp": "2026-09-04T11:23:50.758875+00:00", "event": "ROWS_MATCHED", "status": "OK", "rule": "PASS1_EXACT", "confidence": 1.0, "params": {"txn_id": "TXN000007", "order_id": "ORD0007", "amount_paise": 1476700}}
{"timestamp": "2026-09-04T11:23:50.759341+00:00", "event": "ROWS_MATCHED", "status": "OK", "rule": "PASS1_EXACT", "confidence": 1.0, "params": {"txn_id": "TXN000008", "order_id": "ORD0008", "amount_paise": 157400}}
{"timestamp": "2026-09-04T11:23:50.760378+00:00", "event": "ROWS_MATCHED", "status": "OK", "rule": "PASS1_EXACT", "confidence": 1.0, "params": {"txn_id": "TXN000009", "order_id": "ORD0009", "amount_paise": 706200}}
{"timestamp": "2026-09-04T11:23:50.760828+00:00", "event": "ROWS_MATCHED", "status": "OK", "rule": "PASS1_EXACT", "confidence": 1.0, "params": {"txn_id": "TXN000010", "order_id": "ORD0010", "amount_paise": 63800}}
{"timestamp": "2026-09-04T11:23:50.761166+00:00", "event": "ROWS_MATCHED", "status": "OK", "rule": "PASS1_EXACT", "confidence": 1.0, "params": {"txn_id": "TXN000011", "order_id": "ORD0011", "amount_paise": 373200}}
{"timestamp": "2026-09-04T11:23:50.761624+00:00", "event": "ROWS_MATCHED", "status": "OK", "rule": "PASS1_EXACT", "confidence": 1.0, "params": {"txn_id": "TXN000012", "order_id": "ORD0012", "amount_paise": 842900}}
{"timestamp": "2026-09-04T11:23:50.762388+00:00", "event": "ROWS_MATCHED", "status": "OK", "rule": "PASS1_EXACT", "confidence": 1.0, "params": {"txn_id": "TXN000013", "order_id": "ORD0013", "amount_paise": 58400}}
{"timestamp": "2026-09-04T11:23:50.763267+00:00", "event": "ROWS_MATCHED", "status": "OK", "rule": "PASS1_EXACT", "confidence": 1.0, "params": {"txn_id": "TXN000014", "order_id": "ORD0014", "amount_paise": 340700}}
{"timestamp": "2026-09-04T11:23:50.764178+00:00", "event": "ROWS_MATCHED", "status": "OK", "rule": "PASS1_EXACT", "confidence": 1.0, "params": {"txn_id": "TXN000015", "order_id": "ORD0015", "amount_paise": 1079700}}
{"timestamp": "2026-09-04T11:23:50.765091+00:00", "event": "ROWS_MATCHED", "status": "OK", "rule": "PASS1_EXACT", "confidence": 1.0, "params": {"txn_id": "TXN000016", "order_id": "ORD0016", "amount_paise": 907800}}
{"timestamp": "2026-09-04T11:23:50.765549+00:00", "event": "ROWS_MATCHED", "status": "OK", "rule": "PASS1_EXACT", "confidence": 1.0, "params": {"txn_id": "TXN000017", "order_id": "ORD0017", "amount_paise": 376100}}
{"timestamp": "2026-09-04T11:23:50.765890+00:00", "event": "ROWS_MATCHED", "status": "OK", "rule": "PASS1_EXACT", "confidence": 1.0, "params": {"txn_id": "TXN000018", "order_id": "ORD0018", "amount_paise": 980400}}
{"timestamp": "2026-09-04T11:23:50.766260+00:00", "event": "ROWS_MATCHED", "status": "OK", "rule": "PASS1_EXACT", "confidence": 1.0, "params": {"txn_id": "TXN000019", "order_id": "ORD0019", "amount_paise": 1341100}}
{"timestamp": "2026-09-04T11:23:50.767220+00:00", "event": "ROWS_MATCHED", "status": "OK", "rule": "PASS1_EXACT", "confidence": 1.0, "params": {"txn_id": "TXN000020", "order_id": "ORD0020", "amount_paise": 25600}}
{"timestamp": "2026-09-04T11:23:50.768038+00:00", "event": "ROWS_MATCHED", "status": "OK", "rule": "PASS1_EXACT", "confidence": 1.0, "params": {"txn_id": "TXN000021", "order_id": "ORD0021", "amount_paise": 1335200}}
{"timestamp": "2026-09-04T11:23:50.768806+00:00", "event": "ROWS_MATCHED", "status": "OK", "rule": "PASS1_EXACT", "confidence": 1.0, "params": {"txn_id": "TXN000022", "order_id": "ORD0022", "amount_paise": 1158800}}
{"timestamp": "2026-09-04T11:23:50.769382+00:00", "event": "ROWS_MATCHED", "status": "OK", "rule": "PASS1_EXACT", "confidence": 1.0, "params": {"txn_id": "TXN000023", "order_id": "ORD0023", "amount_paise": 572400}}
{"timestamp": "2026-09-04T11:23:50.769696+00:00", "event": "ROWS_MATCHED", "status": "OK", "rule": "PASS1_EXACT", "confidence": 1.0, "params": {"txn_id": "TXN000024", "order_id": "ORD0024", "amount_paise": 269700}}
{"timestamp": "2026-09-04T11:23:50.769999+00:00", "event": "ROWS_MATCHED", "status": "OK", "rule": "PASS1_EXACT", "confidence": 1.0, "params": {"txn_id": "TXN000025", "order_id": "ORD0025", "amount_paise": 1265900}}
{"timestamp": "2026-09-04T11:23:50.770296+00:00", "event": "ROWS_MATCHED", "status": "OK", "rule": "PASS1_EXACT", "confidence": 1.0, "params": {"txn_id": "TXN000026", "order_id": "ORD0026", "amount_paise": 182400}}
{"timestamp": "2026-09-04T11:23:50.770631+00:00", "event": "ROWS_MATCHED", "status": "OK", "rule": "PASS1_EXACT", "confidence": 1.0, "params": {"txn_id": "TXN000027", "order_id": "ORD0027", "amount_paise": 637400}}
{"timestamp": "2026-09-04T11:23:50.770939+00:00", "event": "ROWS_MATCHED", "status": "OK", "rule": "PASS1_EXACT", "confidence": 1.0, "params": {"txn_id": "TXN000028", "order_id": "ORD0028", "amount_paise": 603100}}
{"timestamp": "2026-09-04T11:23:50.771232+00:00", "event": "ROWS_MATCHED", "status": "OK", "rule": "PASS1_EXACT", "confidence": 1.0, "params": {"txn_id": "TXN000029", "order_id": "ORD0029", "amount_paise": 578500}}
{"timestamp": "2026-09-04T11:23:50.771526+00:00", "event": "ROWS_MATCHED", "status": "OK", "rule": "PASS1_EXACT", "confidence": 1.0, "params": {"txn_id": "TXN000030", "order_id": "ORD0030", "amount_paise": 448300}}
{"timestamp": "2026-09-04T11:23:50.771854+00:00", "event": "ROWS_MATCHED", "status": "OK", "rule": "PASS1_EXACT", "confidence": 1.0, "params": {"txn_id": "TXN000031", "order_id": "ORD0031", "amount_paise": 86100}}
{"timestamp": "2026-09-04T11:23:50.772167+00:00", "event": "ROWS_MATCHED", "status": "OK", "rule": "PASS1_EXACT", "confidence": 1.0, "params": {"txn_id": "TXN000032", "order_id": "ORD0032", "amount_paise": 767700}}
{"timestamp": "2026-09-04T11:23:50.772504+00:00", "event": "ROWS_MATCHED", "status": "OK", "rule": "PASS1_EXACT", "confidence": 1.0, "params": {"txn_id": "TXN000041", "order_id": "ORD0041", "amount_paise": 281400}}
{"timestamp": "2026-09-04T11:23:50.772802+00:00", "event": "ROWS_MATCHED", "status": "OK", "rule": "PASS1_EXACT", "confidence": 1.0, "params": {"txn_id": "TXN000042", "order_id": "ORD0042", "amount_paise": 597000}}
{"timestamp": "2026-09-04T11:23:50.773177+00:00", "event": "ROWS_MATCHED", "status": "OK", "rule": "PASS1_EXACT", "confidence": 1.0, "params": {"txn_id": "TXN000043", "order_id": "ORD0043", "amount_paise": 1113000}}
{"timestamp": "2026-09-04T11:23:50.773571+00:00", "event": "ROWS_MATCHED", "status": "OK", "rule": "PASS1_EXACT", "confidence": 1.0, "params": {"txn_id": "TXN000044", "order_id": "ORD0044", "amount_paise": 1164800}}
{"timestamp": "2026-09-04T11:23:50.774015+00:00", "event": "ROWS_MATCHED", "status": "OK", "rule": "PASS1_EXACT", "confidence": 1.0, "params": {"txn_id": "TXN000045", "order_id": "ORD0045", "amount_paise": 1076700}}
{"timestamp": "2026-09-04T11:23:50.774363+00:00", "event": "ROWS_MATCHED", "status": "OK", "rule": "PASS1_EXACT", "confidence": 1.0, "params": {"txn_id": "TXN000046", "order_id": "ORD0046", "amount_paise": 1013000}}
{"timestamp": "2026-09-04T11:23:50.774756+00:00", "event": "ROWS_MATCHED", "status": "OK", "rule": "PASS1_EXACT", "confidence": 1.0, "params": {"txn_id": "TXN000047", "order_id": "ORD0047", "amount_paise": 1209600}}
{"timestamp": "2026-09-04T11:23:50.775074+00:00", "event": "PASS1_COMPLETE", "status": "OK", "rule": "exact", "confidence": null, "params": {"matched": 39, "remaining_gateway": 11}}
{"timestamp": "2026-09-04T11:23:50.809290+00:00", "event": "ROWS_MATCHED", "status": "OK", "rule": "PASS2_FEE_TOLERANT", "confidence": 0.95, "params": {"txn_id": "TXN000033", "order_id": "ORD0033", "amount_paise": 219500}}
{"timestamp": "2026-09-04T11:23:50.809850+00:00", "event": "ROWS_MATCHED", "status": "OK", "rule": "PASS2_FEE_TOLERANT", "confidence": 0.95, "params": {"txn_id": "TXN000034", "order_id": "ORD0034", "amount_paise": 919400}}
{"timestamp": "2026-09-04T11:23:50.810229+00:00", "event": "ROWS_MATCHED", "status": "OK", "rule": "PASS2_FEE_TOLERANT", "confidence": 0.95, "params": {"txn_id": "TXN000035", "order_id": "ORD0035", "amount_paise": 1028300}}
{"timestamp": "2026-09-04T11:23:50.810627+00:00", "event": "ROWS_MATCHED", "status": "OK", "rule": "PASS2_FEE_TOLERANT", "confidence": 0.95, "params": {"txn_id": "TXN000036", "order_id": "ORD0036", "amount_paise": 960900}}
{"timestamp": "2026-09-04T11:23:50.811034+00:00", "event": "ROWS_MATCHED", "status": "OK", "rule": "PASS2_FEE_TOLERANT", "confidence": 0.95, "params": {"txn_id": "TXN000037", "order_id": "ORD0037", "amount_paise": 90000}}
{"timestamp": "2026-09-04T11:23:50.811504+00:00", "event": "ROWS_MATCHED", "status": "OK", "rule": "PASS2_FEE_TOLERANT", "confidence": 0.95, "params": {"txn_id": "TXN000038", "order_id": "ORD0038", "amount_paise": 489100}}
{"timestamp": "2026-09-04T11:23:50.812222+00:00", "event": "ROWS_MATCHED", "status": "OK", "rule": "PASS2_FEE_TOLERANT", "confidence": 0.95, "params": {"txn_id": "TXN000039", "order_id": "ORD0039", "amount_paise": 1434600}}
{"timestamp": "2026-09-04T11:23:50.813643+00:00", "event": "ROWS_MATCHED", "status": "OK", "rule": "PASS2_FEE_TOLERANT", "confidence": 0.95, "params": {"txn_id": "TXN000040", "order_id": "ORD0040", "amount_paise": 757800}}
{"timestamp": "2026-09-04T11:23:50.814927+00:00", "event": "PASS2_COMPLETE", "status": "OK", "rule": "fee_tolerant", "confidence": null, "params": {"matched": 8, "remaining_gateway": 3}}
{"timestamp": "2026-09-04T11:23:50.815749+00:00", "event": "PASS3_START", "status": "OK", "rule": "ai", "confidence": null, "params": {"residual": 3}}
{"timestamp": "2026-09-04T11:23:50.821379+00:00", "event": "DECISION_ESCALATED", "status": "ESCALATED_TO_HUMAN", "rule": "heuristic", "confidence": 0.2, "params": {"txn_id": "TXN000048", "order_id": "ORD0048", "gateway_paise": 636600, "bank_paise": 591600, "ledger_paise": 636600, "gateway_rupees": 6366.0, "bank_rupees": 5916.0}}
{"timestamp": "2026-09-04T11:23:50.823784+00:00", "event": "DECISION_ESCALATED", "status": "ESCALATED_TO_HUMAN", "rule": "heuristic", "confidence": 0.2, "params": {"txn_id": "TXN000049", "order_id": "ORD0049", "gateway_paise": 1063500, "bank_paise": 1018500, "ledger_paise": 1063500, "gateway_rupees": 10635.0, "bank_rupees": 10185.0}}
{"timestamp": "2026-09-04T11:23:50.833709+00:00", "event": "DECISION_ESCALATED", "status": "ESCALATED_TO_HUMAN", "rule": "heuristic", "confidence": 0.2, "params": {"txn_id": "TXN000050", "order_id": "ORD0050", "gateway_paise": 1136600, "bank_paise": 1091600, "ledger_paise": 1136600, "gateway_rupees": 11366.0, "bank_rupees": 10916.0}}
{"timestamp": "2026-09-04T11:23:50.836646+00:00", "event": "BATCH_COMPLETE", "status": "OK", "rule": "engine", "confidence": null, "params": {"total_gateway": 50, "total_bank": 50, "total_ledger": 50, "matched_exact_pass1": 39, "matched_fee_pass2": 8, "matched_ai_pass3": 0, "total_matched": 47, "unresolved_count": 3, "match_rate_pct": 94.0, "elapsed_sec": 0.1923, "throughput_rec_sec": 244.44, "precision_pct": 100.0, "ai_settled": 0, "ai_escalated": 3}}
{"timestamp": "2026-09-04T11:23:50.864908+00:00", "event": "BATCH_START", "status": "OK", "rule": "engine", "confidence": null, "params": {"gateway": 100, "bank": 100, "ledger": 100}}
{"timestamp": "2026-09-04T11:23:50.898269+00:00", "event": "ROWS_MATCHED", "status": "OK", "rule": "PASS1_EXACT", "confidence": 1.0, "params": {"txn_id": "TXN000001", "order_id": "ORD0001", "amount_paise": 1062600}}
{"timestamp": "2026-09-04T11:23:50.899085+00:00", "event": "ROWS_MATCHED", "status": "OK", "rule": "PASS1_EXACT", "confidence": 1.0, "params": {"txn_id": "TXN000002", "order_id": "ORD0002", "amount_paise": 55900}}
{"timestamp": "2026-09-04T11:23:50.899536+00:00", "event": "ROWS_MATCHED", "status": "OK", "rule": "PASS1_EXACT", "confidence": 1.0, "params": {"txn_id": "TXN000003", "order_id": "ORD0003", "amount_paise": 465600}}
{"timestamp": "2026-09-04T11:23:50.899886+00:00", "event": "ROWS_MATCHED", "status": "OK", "rule": "PASS1_EXACT", "confidence": 1.0, "params": {"txn_id": "TXN000004", "order_id": "ORD0004", "amount_paise": 380700}}
{"timestamp": "2026-09-04T11:23:50.900245+00:00", "event": "ROWS_MATCHED", "status": "OK", "rule": "PASS1_EXACT", "confidence": 1.0, "params": {"txn_id": "TXN000005", "order_id": "ORD0005", "amount_paise": 1221600}}
{"timestamp": "2026-09-04T11:23:50.900587+00:00", "event": "ROWS_MATCHED", "status": "OK", "rule": "PASS1_EXACT", "confidence": 1.0, "params": {"txn_id": "TXN000006", "order_id": "ORD0006", "amount_paise": 1123700}}
{"timestamp": "2026-09-04T11:23:50.900952+00:00", "event": "ROWS_MATCHED", "status": "OK", "rule": "PASS1_EXACT", "confidence": 1.0, "params": {"txn_id": "TXN000007", "order_id": "ORD0007", "amount_paise": 1476700}}
{"timestamp": "2026-09-04T11:23:50.901320+00:00", "event": "ROWS_MATCHED", "status": "OK", "rule": "PASS1_EXACT", "confidence": 1.0, "params": {"txn_id": "TXN000008", "order_id": "ORD0008", "amount_paise": 157400}}
{"timestamp": "2026-09-04T11:23:50.901626+00:00", "event": "ROWS_MATCHED", "status": "OK", "rule": "PASS1_EXACT", "confidence": 1.0, "params": {"txn_id": "TXN000009", "order_id": "ORD0009", "amount_paise": 706200}}
{"timestamp": "2026-09-04T11:23:50.901963+00:00", "event": "ROWS_MATCHED", "status": "OK", "rule": "PASS1_EXACT", "confidence": 1.0, "params": {"txn_id": "TXN000010", "order_id": "ORD0010", "amount_paise": 63800}}
{"timestamp": "2026-09-04T11:23:50.902322+00:00", "event": "ROWS_MATCHED", "status": "OK", "rule": "PASS1_EXACT", "confidence": 1.0, "params": {"txn_id": "TXN000011", "order_id": "ORD0011", "amount_paise": 373200}}
{"timestamp": "2026-09-04T11:23:50.902640+00:00", "event": "ROWS_MATCHED", "status": "OK", "rule": "PASS1_EXACT", "confidence": 1.0, "params": {"txn_id": "TXN000012", "order_id": "ORD0012", "amount_paise": 842900}}
{"timestamp": "2026-09-04T11:23:50.902969+00:00", "event": "ROWS_MATCHED", "status": "OK", "rule": "PASS1_EXACT", "confidence": 1.0, "params": {"txn_id": "TXN000013", "order_id": "ORD0013", "amount_paise": 58400}}
{"timestamp": "2026-09-04T11:23:50.903347+00:00", "event": "ROWS_MATCHED", "status": "OK", "rule": "PASS1_EXACT", "confidence": 1.0, "params": {"txn_id": "TXN000014", "order_id": "ORD0014", "amount_paise": 340700}}
{"timestamp": "2026-09-04T11:23:50.903678+00:00", "event": "ROWS_MATCHED", "status": "OK", "rule": "PASS1_EXACT", "confidence": 1.0, "params": {"txn_id": "TXN000015", "order_id": "ORD0015", "amount_paise": 1079700}}
{"timestamp": "2026-09-04T11:23:50.903978+00:00", "event": "ROWS_MATCHED", "status": "OK", "rule": "PASS1_EXACT", "confidence": 1.0, "params": {"txn_id": "TXN000016", "order_id": "ORD0016", "amount_paise": 907800}}
{"timestamp": "2026-09-04T11:23:50.904294+00:00", "event": "ROWS_MATCHED", "status": "OK", "rule": "PASS1_EXACT", "confidence": 1.0, "params": {"txn_id": "TXN000017", "order_id": "ORD0017", "amount_paise": 376100}}
{"timestamp": "2026-09-04T11:23:50.904578+00:00", "event": "ROWS_MATCHED", "status": "OK", "rule": "PASS1_EXACT", "confidence": 1.0, "params": {"txn_id": "TXN000018", "order_id": "ORD0018", "amount_paise": 980400}}
{"timestamp": "2026-09-04T11:23:50.904856+00:00", "event": "ROWS_MATCHED", "status": "OK", "rule": "PASS1_EXACT", "confidence": 1.0, "params": {"txn_id": "TXN000019", "order_id": "ORD0019", "amount_paise": 1341100}}
{"timestamp": "2026-09-04T11:23:50.905251+00:00", "event": "ROWS_MATCHED", "status": "OK", "rule": "PASS1_EXACT", "confidence": 1.0, "params": {"txn_id": "TXN000020", "order_id": "ORD0020", "amount_paise": 25600}}
{"timestamp": "2026-09-04T11:23:50.905577+00:00", "event": "ROWS_MATCHED", "status": "OK", "rule": "PASS1_EXACT", "confidence": 1.0, "params": {"txn_id": "TXN000021", "order_id": "ORD0021", "amount_paise": 1335200}}
{"timestamp": "2026-09-04T11:23:50.905927+00:00", "event": "ROWS_MATCHED", "status": "OK", "rule": "PASS1_EXACT", "confidence": 1.0, "params": {"txn_id": "TXN000022", "order_id": "ORD0022", "amount_paise": 1158800}}
{"timestamp": "2026-09-04T11:23:50.906226+00:00", "event": "ROWS_MATCHED", "status": "OK", "rule": "PASS1_EXACT", "confidence": 1.0, "params": {"txn_id": "TXN000023", "order_id": "ORD0023", "amount_paise": 572400}}
{"timestamp": "2026-09-04T11:23:50.906509+00:00", "event": "ROWS_MATCHED", "status": "OK", "rule": "PASS1_EXACT", "confidence": 1.0, "params": {"txn_id": "TXN000024", "order_id": "ORD0024", "amount_paise": 269700}}
{"timestamp": "2026-09-04T11:23:50.906808+00:00", "event": "ROWS_MATCHED", "status": "OK", "rule": "PASS1_EXACT", "confidence": 1.0, "params": {"txn_id": "TXN000025", "order_id": "ORD0025", "amount_paise": 1265900}}
{"timestamp": "2026-09-04T11:23:50.907091+00:00", "event": "ROWS_MATCHED", "status": "OK", "rule": "PASS1_EXACT", "confidence": 1.0, "params": {"txn_id": "TXN000026", "order_id": "ORD0026", "amount_paise": 182400}}
{"timestamp": "2026-09-04T11:23:50.907404+00:00", "event": "ROWS_MATCHED", "status": "OK", "rule": "PASS1_EXACT", "confidence": 1.0, "params": {"txn_id": "TXN000027", "order_id": "ORD0027", "amount_paise": 637400}}
{"timestamp": "2026-09-04T11:23:50.907675+00:00", "event": "ROWS_MATCHED", "status": "OK", "rule": "PASS1_EXACT", "confidence": 1.0, "params": {"txn_id": "TXN000028", "order_id": "ORD0028", "amount_paise": 603100}}
{"timestamp": "2026-09-04T11:23:50.907962+00:00", "event": "ROWS_MATCHED", "status": "OK", "rule": "PASS1_EXACT", "confidence": 1.0, "params": {"txn_id": "TXN000029", "order_id": "ORD0029", "amount_paise": 578500}}
{"timestamp": "2026-09-04T11:23:50.908229+00:00", "event": "ROWS_MATCHED", "status": "OK", "rule": "PASS1_EXACT", "confidence": 1.0, "params": {"txn_id": "TXN000030", "order_id": "ORD0030", "amount_paise": 448300}}
{"timestamp": "2026-09-04T11:23:50.908523+00:00", "event": "ROWS_MATCHED", "status": "OK", "rule": "PASS1_EXACT", "confidence": 1.0, "params": {"txn_id": "TXN000031", "order_id": "ORD0031", "amount_paise": 86100}}
{"timestamp": "2026-09-04T11:23:50.908787+00:00", "event": "ROWS_MATCHED", "status": "OK", "rule": "PASS1_EXACT", "confidence": 1.0, "params": {"txn_id": "TXN000032", "order_id": "ORD0032", "amount_paise": 767700}}
{"timestamp": "2026-09-04T11:23:50.909089+00:00", "event": "ROWS_MATCHED", "status": "OK", "rule": "PASS1_EXACT", "confidence": 1.0, "params": {"txn_id": "TXN000033", "order_id": "ORD0033", "amount_paise": 219500}}
{"timestamp": "2026-09-04T11:23:50.909449+00:00", "event": "ROWS_MATCHED", "status": "OK", "rule": "PASS1_EXACT", "confidence": 1.0, "params": {"txn_id": "TXN000034", "order_id": "ORD0034", "amount_paise": 635100}}
{"timestamp": "2026-09-04T11:23:50.909747+00:00", "event": "ROWS_MATCHED", "status": "OK", "rule": "PASS1_EXACT", "confidence": 1.0, "params": {"txn_id": "TXN000035", "order_id": "ORD0035", "amount_paise": 919400}}
{"timestamp": "2026-09-04T11:23:50.910022+00:00", "event": "ROWS_MATCHED", "status": "OK", "rule": "PASS1_EXACT", "confidence": 1.0, "params": {"txn_id": "TXN000036", "order_id": "ORD0036", "amount_paise": 1373800}}
{"timestamp": "2026-09-04T11:23:50.910340+00:00", "event": "ROWS_MATCHED", "status": "OK", "rule": "PASS1_EXACT", "confidence": 1.0, "params": {"txn_id": "TXN000037", "order_id": "ORD0037", "amount_paise": 1028300}}
{"timestamp": "2026-09-04T11:23:50.910648+00:00", "event": "ROWS_MATCHED", "status": "OK", "rule": "PASS1_EXACT", "confidence": 1.0, "params": {"txn_id": "TXN000038", "order_id": "ORD0038", "amount_paise": 1426800}}
{"timestamp": "2026-09-04T11:23:50.910937+00:00", "event": "ROWS_MATCHED", "status": "OK", "rule": "PASS1_EXACT", "confidence": 1.0, "params": {"txn_id": "TXN000039", "order_id": "ORD0039", "amount_paise": 960900}}
{"timestamp": "2026-09-04T11:23:50.911297+00:00", "event": "ROWS_MATCHED", "status": "OK", "rule": "PASS1_EXACT", "confidence": 1.0, "params": {"txn_id": "TXN000040", "order_id": "ORD0040", "amount_paise": 1169300}}
{"timestamp": "2026-09-04T11:23:50.911692+00:00", "event": "ROWS_MATCHED", "status": "OK", "rule": "PASS1_EXACT", "confidence": 1.0, "params": {"txn_id": "TXN000041", "order_id": "ORD0041", "amount_paise": 90000}}
{"timestamp": "2026-09-04T11:23:50.912029+00:00", "event": "ROWS_MATCHED", "status": "OK", "rule": "PASS1_EXACT", "confidence": 1.0, "params": {"txn_id": "TXN000042", "order_id": "ORD0042", "amount_paise": 388300}}
{"timestamp": "2026-09-04T11:23:50.912479+00:00", "event": "ROWS_MATCHED", "status": "OK", "rule": "PASS1_EXACT", "confidence": 1.0, "params": {"txn_id": "TXN000043", "order_id": "ORD0043", "amount_paise": 489100}}
{"timestamp": "2026-09-04T11:23:50.913006+00:00", "event": "ROWS_MATCHED", "status": "OK", "rule": "PASS1_EXACT", "confidence": 1.0, "params": {"txn_id": "TXN000044", "order_id": "ORD0044", "amount_paise": 1416300}}
{"timestamp": "2026-09-04T11:23:50.913447+00:00", "event": "ROWS_MATCHED", "status": "OK", "rule": "PASS1_EXACT", "confidence": 1.0, "params": {"txn_id": "TXN000045", "order_id": "ORD0045", "amount_paise": 1434600}}
{"timestamp": "2026-09-04T11:23:50.913920+00:00", "event": "ROWS_MATCHED", "status": "OK", "rule": "PASS1_EXACT", "confidence": 1.0, "params": {"txn_id": "TXN000046", "order_id": "ORD0046", "amount_paise": 637700}}
{"timestamp": "2026-09-04T11:23:50.914334+00:00", "event": "ROWS_MATCHED", "status": "OK", "rule": "PASS1_EXACT", "confidence": 1.0, "params": {"txn_id": "TXN000047", "order_id": "ORD0047", "amount_paise": 757800}}
{"timestamp": "2026-09-04T11:23:50.914763+00:00", "event": "ROWS_MATCHED", "status": "OK", "rule": "PASS1_EXACT", "confidence": 1.0, "params": {"txn_id": "TXN000048", "order_id": "ORD0048", "amount_paise": 1381600}}
{"timestamp": "2026-09-04T11:23:50.915182+00:00", "event": "ROWS_MATCHED", "status": "OK", "rule": "PASS1_EXACT", "confidence": 1.0, "params": {"txn_id": "TXN000049", "order_id": "ORD0049", "amount_paise": 281400}}
{"timestamp": "2026-09-04T11:23:50.915617+00:00", "event": "ROWS_MATCHED", "status": "OK", "rule": "PASS1_EXACT", "confidence": 1.0, "params": {"txn_id": "TXN000050", "order_id": "ORD0050", "amount_paise": 597000}}
{"timestamp": "2026-09-04T11:23:50.916043+00:00", "event": "ROWS_MATCHED", "status": "OK", "rule": "PASS1_EXACT", "confidence": 1.0, "params": {"txn_id": "TXN000051", "order_id": "ORD0051", "amount_paise": 1113000}}
{"timestamp": "2026-09-04T11:23:50.916501+00:00", "event": "ROWS_MATCHED", "status": "OK", "rule": "PASS1_EXACT", "confidence": 1.0, "params": {"txn_id": "TXN000052", "order_id": "ORD0052", "amount_paise": 1164800}}
{"timestamp": "2026-09-04T11:23:50.916946+00:00", "event": "ROWS_MATCHED", "status": "OK", "rule": "PASS1_EXACT", "confidence": 1.0, "params": {"txn_id": "TXN000053", "order_id": "ORD0053", "amount_paise": 1076700}}
{"timestamp": "2026-09-04T11:23:50.917365+00:00", "event": "ROWS_MATCHED", "status": "OK", "rule": "PASS1_EXACT", "confidence": 1.0, "params": {"txn_id": "TXN000054", "order_id": "ORD0054", "amount_paise": 1013000}}
{"timestamp": "2026-09-04T11:23:50.917733+00:00", "event": "ROWS_MATCHED", "status": "OK", "rule": "PASS1_EXACT", "confidence": 1.0, "params": {"txn_id": "TXN000055", "order_id": "ORD0055", "amount_paise": 295300}}
{"timestamp": "2026-09-04T11:23:50.918119+00:00", "event": "ROWS_MATCHED", "status": "OK", "rule": "PASS1_EXACT", "confidence": 1.0, "params": {"txn_id": "TXN000056", "order_id": "ORD0056", "amount_paise": 1209600}}
{"timestamp": "2026-09-04T11:23:50.918452+00:00", "event": "ROWS_MATCHED", "status": "OK", "rule": "PASS1_EXACT", "confidence": 1.0, "params": {"txn_id": "TXN000057", "order_id": "ORD0057", "amount_paise": 282700}}
{"timestamp": "2026-09-04T11:23:50.918905+00:00", "event": "ROWS_MATCHED", "status": "OK", "rule": "PASS1_EXACT", "confidence": 1.0, "params": {"txn_id": "TXN000058", "order_id": "ORD0058", "amount_paise": 636600}}
{"timestamp": "2026-09-04T11:23:50.919340+00:00", "event": "ROWS_MATCHED", "status": "OK", "rule": "PASS1_EXACT", "confidence": 1.0, "params": {"txn_id": "TXN000059", "order_id": "ORD0059", "amount_paise": 1063500}}
{"timestamp": "2026-09-04T11:23:50.919815+00:00", "event": "ROWS_MATCHED", "status": "OK", "rule": "PASS1_EXACT", "confidence": 1.0, "params": {"txn_id": "TXN000060", "order_id": "ORD0060", "amount_paise": 927500}}
{"timestamp": "2026-09-04T11:23:50.920179+00:00", "event": "ROWS_MATCHED", "status": "OK", "rule": "PASS1_EXACT", "confidence": 1.0, "params": {"txn_id": "TXN000061", "order_id": "ORD0061", "amount_paise": 1136600}}
{"timestamp": "2026-09-04T11:23:50.920478+00:00", "event": "ROWS_MATCHED", "status": "OK", "rule": "PASS1_EXACT", "confidence": 1.0, "params": {"txn_id": "TXN000062", "order_id": "ORD0062", "amount_paise": 1395900}}
{"timestamp": "2026-09-04T11:23:50.920856+00:00", "event": "ROWS_MATCHED", "status": "OK", "rule": "PASS1_EXACT", "confidence": 1.0, "params": {"txn_id": "TXN000063", "order_id": "ORD0063", "amount_paise": 1286300}}
{"timestamp": "2026-09-04T11:23:50.921215+00:00", "event": "ROWS_MATCHED", "status": "OK", "rule": "PASS1_EXACT", "confidence": 1.0, "params": {"txn_id": "TXN000064", "order_id": "ORD0064", "amount_paise": 390200}}
{"timestamp": "2026-09-04T11:23:50.921500+00:00", "event": "ROWS_MATCHED", "status": "OK", "rule": "PASS1_EXACT", "confidence": 1.0, "params": {"txn_id": "TXN000065", "order_id": "ORD0065", "amount_paise": 67500}}
{"timestamp": "2026-09-04T11:23:50.921774+00:00", "event": "ROWS_MATCHED", "status": "OK", "rule": "PASS1_EXACT", "confidence": 1.0, "params": {"txn_id": "TXN000083", "order_id": "ORD0083", "amount_paise": 1464600}}
{"timestamp": "2026-09-04T11:23:50.922203+00:00", "event": "ROWS_MATCHED", "status": "OK", "rule": "PASS1_EXACT", "confidence": 1.0, "params": {"txn_id": "TXN000084", "order_id": "ORD0084", "amount_paise": 1245200}}
{"timestamp": "2026-09-04T11:23:50.922598+00:00", "event": "ROWS_MATCHED", "status": "OK", "rule": "PASS1_EXACT", "confidence": 1.0, "params": {"txn_id": "TXN000085", "order_id": "ORD0085", "amount_paise": 1274200}}
{"timestamp": "2026-09-04T11:23:50.922958+00:00", "event": "ROWS_MATCHED", "status": "OK", "rule": "PASS1_EXACT", "confidence": 1.0, "params": {"txn_id": "TXN000086", "order_id": "ORD0086", "amount_paise": 572300}}
{"timestamp": "2026-09-04T11:23:50.923284+00:00", "event": "ROWS_MATCHED", "status": "OK", "rule": "PASS1_EXACT", "confidence": 1.0, "params": {"txn_id": "TXN000087", "order_id": "ORD0087", "amount_paise": 495800}}
{"timestamp": "2026-09-04T11:23:50.923656+00:00", "event": "ROWS_MATCHED", "status": "OK", "rule": "PASS1_EXACT", "confidence": 1.0, "params": {"txn_id": "TXN000088", "order_id": "ORD0088", "amount_paise": 274100}}
{"timestamp": "2026-09-04T11:23:50.923983+00:00", "event": "ROWS_MATCHED", "status": "OK", "rule": "PASS1_EXACT", "confidence": 1.0, "params": {"txn_id": "TXN000089", "order_id": "ORD0089", "amount_paise": 20300}}
{"timestamp": "2026-09-04T11:23:50.924281+00:00", "event": "ROWS_MATCHED", "status": "OK", "rule": "PASS1_EXACT", "confidence": 1.0, "params": {"txn_id": "TXN000090", "order_id": "ORD0090", "amount_paise": 1449900}}
{"timestamp": "2026-09-04T11:23:50.924644+00:00", "event": "ROWS_MATCHED", "status": "OK", "rule": "PASS1_EXACT", "confidence": 1.0, "params": {"txn_id": "TXN000091", "order_id": "ORD0091", "amount_paise": 446500}}
{"timestamp": "2026-09-04T11:23:50.925026+00:00", "event": "ROWS_MATCHED", "status": "OK", "rule": "PASS1_EXACT", "confidence": 1.0, "params": {"txn_id": "TXN000092", "order_id": "ORD0092", "amount_paise": 1263300}}
{"timestamp": "2026-09-04T11:23:50.925359+00:00", "event": "ROWS_MATCHED", "status": "OK", "rule": "PASS1_EXACT", "confidence": 1.0, "params": {"txn_id": "TXN000093", "order_id": "ORD0093", "amount_paise": 846700}}
{"timestamp": "2026-09-04T11:23:50.925748+00:00", "event": "ROWS_MATCHED", "status": "OK", "rule": "PASS1_EXACT", "confidence": 1.0, "params": {"txn_id": "TXN000095", "order_id": "ORD0095", "amount_paise": 846700}}
{"timestamp": "2026-09-04T11:23:50.926062+00:00", "event": "ROWS_MATCHED", "status": "OK", "rule": "PASS1_EXACT", "confidence": 1.0, "params": {"txn_id": "TXN000096", "order_id": "ORD0096", "amount_paise": 627600}}
{"timestamp": "2026-09-04T11:23:50.926419+00:00", "event": "ROWS_MATCHED", "status": "OK", "rule": "PASS1_EXACT", "confidence": 1.0, "params": {"txn_id": "TXN000098", "order_id": "ORD0098", "amount_paise": 15900}}
{"timestamp": "2026-09-04T11:23:50.926695+00:00", "event": "PASS1_COMPLETE", "status": "OK", "rule": "exact", "confidence": null, "params": {"matched": 79, "remaining_gateway": 21}}
{"timestamp": "2026-09-04T11:23:50.956928+00:00", "event": "ROWS_MATCHED", "status": "OK", "rule": "PASS2_FEE_TOLERANT", "confidence": 0.95, "params": {"txn_id": "TXN000066", "order_id": "ORD0066", "amount_paise": 531800}}
{"timestamp": "2026-09-04T11:23:50.957519+00:00", "event": "ROWS_MATCHED", "status": "OK", "rule": "PASS2_FEE_TOLERANT", "confidence": 0.95, "params": {"txn_id": "TXN000067", "order_id": "ORD0067", "amount_paise": 360600}}
{"timestamp": "2026-09-04T11:23:50.957917+00:00", "event": "ROWS_MATCHED", "status": "OK", "rule": "PASS2_FEE_TOLERANT", "confidence": 0.95, "params": {"txn_id": "TXN000068", "order_id": "ORD0068", "amount_paise": 1450800}}
{"timestamp": "2026-09-04T11:23:50.958263+00:00", "event": "ROWS_MATCHED", "status": "OK", "rule": "PASS2_FEE_TOLERANT", "confidence": 0.95, "params": {"txn_id": "TXN000069", "order_id": "ORD0069", "amount_paise": 1088800}}
{"timestamp": "2026-09-04T11:23:50.958589+00:00", "event": "ROWS_MATCHED", "status": "OK", "rule": "PASS2_FEE_TOLERANT", "confidence": 0.95, "params": {"txn_id": "TXN000070", "order_id": "ORD0070", "amount_paise": 1068200}}
{"timestamp": "2026-09-04T11:23:50.959022+00:00", "event": "ROWS_MATCHED", "status": "OK", "rule": "PASS2_FEE_TOLERANT", "confidence": 0.95, "params": {"txn_id": "TXN000071", "order_id": "ORD0071", "amount_paise": 243700}}
{"timestamp": "2026-09-04T11:23:50.959399+00:00", "event": "ROWS_MATCHED", "status": "OK", "rule": "PASS2_FEE_TOLERANT", "confidence": 0.95, "params": {"txn_id": "TXN000072", "order_id": "ORD0072", "amount_paise": 898000}}
{"timestamp": "2026-09-04T11:23:50.959738+00:00", "event": "ROWS_MATCHED", "status": "OK", "rule": "PASS2_FEE_TOLERANT", "confidence": 0.95, "params": {"txn_id": "TXN000073", "order_id": "ORD0073", "amount_paise": 716900}}
{"timestamp": "2026-09-04T11:23:50.960114+00:00", "event": "ROWS_MATCHED", "status": "OK", "rule": "PASS2_FEE_TOLERANT", "confidence": 0.95, "params": {"txn_id": "TXN000074", "order_id": "ORD0074", "amount_paise": 608000}}
{"timestamp": "2026-09-04T11:23:50.960890+00:00", "event": "ROWS_MATCHED", "status": "OK", "rule": "PASS2_FEE_TOLERANT", "confidence": 0.95, "params": {"txn_id": "TXN000075", "order_id": "ORD0075", "amount_paise": 241600}}
{"timestamp": "2026-09-04T11:23:50.961357+00:00", "event": "ROWS_MATCHED", "status": "OK", "rule": "PASS2_FEE_TOLERANT", "confidence": 0.95, "params": {"txn_id": "TXN000076", "order_id": "ORD0076", "amount_paise": 1253200}}
{"timestamp": "2026-09-04T11:23:50.961849+00:00", "event": "ROWS_MATCHED", "status": "OK", "rule": "PASS2_FEE_TOLERANT", "confidence": 0.95, "params": {"txn_id": "TXN000077", "order_id": "ORD0077", "amount_paise": 265400}}
{"timestamp": "2026-09-04T11:23:50.962329+00:00", "event": "ROWS_MATCHED", "status": "OK", "rule": "PASS2_FEE_TOLERANT", "confidence": 0.95, "params": {"txn_id": "TXN000078", "order_id": "ORD0078", "amount_paise": 1129900}}
{"timestamp": "2026-09-04T11:23:50.962798+00:00", "event": "ROWS_MATCHED", "status": "OK", "rule": "PASS2_FEE_TOLERANT", "confidence": 0.95, "params": {"txn_id": "TXN000079", "order_id": "ORD0079", "amount_paise": 645400}}
{"timestamp": "2026-09-04T11:23:50.963349+00:00", "event": "ROWS_MATCHED", "status": "OK", "rule": "PASS2_FEE_TOLERANT", "confidence": 0.95, "params": {"txn_id": "TXN000080", "order_id": "ORD0080", "amount_paise": 781800}}
{"timestamp": "2026-09-04T11:23:50.963917+00:00", "event": "ROWS_MATCHED", "status": "OK", "rule": "PASS2_FEE_TOLERANT", "confidence": 0.95, "params": {"txn_id": "TXN000081", "order_id": "ORD0081", "amount_paise": 921400}}
{"timestamp": "2026-09-04T11:23:50.964452+00:00", "event": "ROWS_MATCHED", "status": "OK", "rule": "PASS2_FEE_TOLERANT", "confidence": 0.95, "params": {"txn_id": "TXN000082", "order_id": "ORD0082", "amount_paise": 1129500}}
{"timestamp": "2026-09-04T11:23:50.964784+00:00", "event": "PASS2_COMPLETE", "status": "OK", "rule": "fee_tolerant", "confidence": null, "params": {"matched": 17, "remaining_gateway": 4}}
{"timestamp": "2026-09-04T11:23:50.965149+00:00", "event": "PASS3_START", "status": "OK", "rule": "ai", "confidence": null, "params": {"residual": 4}}
{"timestamp": "2026-09-04T11:23:50.967777+00:00", "event": "DECISION_ESCALATED", "status": "ESCALATED_TO_HUMAN", "rule": "heuristic", "confidence": 0.2, "params": {"txn_id": "TXN000094", "order_id": "ORD0094", "gateway_paise": 1039400, "bank_paise": 994400, "ledger_paise": 1039400, "gateway_rupees": 10394.0, "bank_rupees": 9944.0}}
{"timestamp": "2026-09-04T11:23:50.969305+00:00", "event": "DECISION_ESCALATED", "status": "ESCALATED_TO_HUMAN", "rule": "heuristic", "confidence": 0.2, "params": {"txn_id": "TXN000097", "order_id": "ORD0097", "gateway_paise": 1290700, "bank_paise": 1245700, "ledger_paise": 1290700, "gateway_rupees": 12907.0, "bank_rupees": 12457.0}}
{"timestamp": "2026-09-04T11:23:50.970986+00:00", "event": "DECISION_ESCALATED", "status": "ESCALATED_TO_HUMAN", "rule": "heuristic", "confidence": 0.2, "params": {"txn_id": "TXN000099", "order_id": "ORD0099", "gateway_paise": 46900, "bank_paise": 1900, "ledger_paise": 46900, "gateway_rupees": 469.0, "bank_rupees": 19.0}}
{"timestamp": "2026-09-04T11:23:50.972555+00:00", "event": "DECISION_ESCALATED", "status": "ESCALATED_TO_HUMAN", "rule": "heuristic", "confidence": 0.2, "params": {"txn_id": "TXN000100", "order_id": "ORD0100", "gateway_paise": 1454600, "bank_paise": 1409600, "ledger_paise": 1454600, "gateway_rupees": 14546.0, "bank_rupees": 14096.0}}
{"timestamp": "2026-09-04T11:23:50.974768+00:00", "event": "BATCH_COMPLETE", "status": "OK", "rule": "engine", "confidence": null, "params": {"total_gateway": 100, "total_bank": 100, "total_ledger": 100, "matched_exact_pass1": 79, "matched_fee_pass2": 17, "matched_ai_pass3": 0, "total_matched": 96, "unresolved_count": 4, "match_rate_pct": 96.0, "elapsed_sec": 0.1203, "throughput_rec_sec": 798.12, "precision_pct": 100.0, "ai_settled": 0, "ai_escalated": 4}}
{"timestamp": "2026-09-04T11:23:51.044015+00:00", "event": "BATCH_START", "status": "OK", "rule": "engine", "confidence": null, "params": {"gateway": 200, "bank": 200, "ledger": 200}}
{"timestamp": "2026-09-04T11:23:51.096576+00:00", "event": "ROWS_MATCHED", "status": "OK", "rule": "PASS1_EXACT", "confidence": 1.0, "params": {"txn_id": "TXN000001", "order_id": "ORD0001", "amount_paise": 1062600}}
{"timestamp": "2026-09-04T11:23:51.097192+00:00", "event": "ROWS_MATCHED", "status": "OK", "rule": "PASS1_EXACT", "confidence": 1.0, "params": {"txn_id": "TXN000002", "order_id": "ORD0002", "amount_paise": 55900}}
{"timestamp": "2026-09-04T11:23:51.097603+00:00", "event": "ROWS_MATCHED", "status": "OK", "rule": "PASS1_EXACT", "confidence": 1.0, "params": {"txn_id": "TXN000003", "order_id": "ORD0003", "amount_paise": 465600}}
{"timestamp": "2026-09-04T11:23:51.097956+00:00", "event": "ROWS_MATCHED", "status": "OK", "rule": "PASS1_EXACT", "confidence": 1.0, "params": {"txn_id": "TXN000004", "order_id": "ORD0004", "amount_paise": 380700}}
{"timestamp": "2026-09-04T11:23:51.098288+00:00", "event": "ROWS_MATCHED", "status": "OK", "rule": "PASS1_EXACT", "confidence": 1.0, "params": {"txn_id": "TXN000005", "order_id": "ORD0005", "amount_paise": 1221600}}
{"timestamp": "2026-09-04T11:23:51.098612+00:00", "event": "ROWS_MATCHED", "status": "OK", "rule": "PASS1_EXACT", "confidence": 1.0, "params": {"txn_id": "TXN000006", "order_id": "ORD0006", "amount_paise": 1123700}}
{"timestamp": "2026-09-04T11:23:51.098923+00:00", "event": "ROWS_MATCHED", "status": "OK", "rule": "PASS1_EXACT", "confidence": 1.0, "params": {"txn_id": "TXN000007", "order_id": "ORD0007", "amount_paise": 1476700}}
{"timestamp": "2026-09-04T11:23:51.099240+00:00", "event": "ROWS_MATCHED", "status": "OK", "rule": "PASS1_EXACT", "confidence": 1.0, "params": {"txn_id": "TXN000008", "order_id": "ORD0008", "amount_paise": 157400}}
{"timestamp": "2026-09-04T11:23:51.099567+00:00", "event": "ROWS_MATCHED", "status": "OK", "rule": "PASS1_EXACT", "confidence": 1.0, "params": {"txn_id": "TXN000009", "order_id": "ORD0009", "amount_paise": 706200}}
{"timestamp": "2026-09-04T11:23:51.099870+00:00", "event": "ROWS_MATCHED", "status": "OK", "rule": "PASS1_EXACT", "confidence": 1.0, "params": {"txn_id": "TXN000010", "order_id": "ORD0010", "amount_paise": 63800}}
{"timestamp": "2026-09-04T11:23:51.100238+00:00", "event": "ROWS_MATCHED", "status": "OK", "rule": "PASS1_EXACT", "confidence": 1.0, "params": {"txn_id": "TXN000011", "order_id": "ORD0011", "amount_paise": 373200}}
{"timestamp": "2026-09-04T11:23:51.100569+00:00", "event": "ROWS_MATCHED", "status": "OK", "rule": "PASS1_EXACT", "confidence": 1.0, "params": {"txn_id": "TXN000012", "order_id": "ORD0012", "amount_paise": 842900}}
{"timestamp": "2026-09-04T11:23:51.101087+00:00", "event": "ROWS_MATCHED", "status": "OK", "rule": "PASS1_EXACT", "confidence": 1.0, "params": {"txn_id": "TXN000013", "order_id": "ORD0013", "amount_paise": 58400}}
{"timestamp": "2026-09-04T11:23:51.101913+00:00", "event": "ROWS_MATCHED", "status": "OK", "rule": "PASS1_EXACT", "confidence": 1.0, "params": {"txn_id": "TXN000014", "order_id": "ORD0014", "amount_paise": 340700}}
{"timestamp": "2026-09-04T11:23:51.102919+00:00", "event": "ROWS_MATCHED", "status": "OK", "rule": "PASS1_EXACT", "confidence": 1.0, "params": {"txn_id": "TXN000015", "order_id": "ORD0015", "amount_paise": 1079700}}
{"timestamp": "2026-09-04T11:23:51.104038+00:00", "event": "ROWS_MATCHED", "status": "OK", "rule": "PASS1_EXACT", "confidence": 1.0, "params": {"txn_id": "TXN000016", "order_id": "ORD0016", "amount_paise": 907800}}
{"timestamp": "2026-09-04T11:23:51.105266+00:00", "event": "ROWS_MATCHED", "status": "OK", "rule": "PASS1_EXACT", "confidence": 1.0, "params": {"txn_id": "TXN000017", "order_id": "ORD0017", "amount_paise": 376100}}
{"timestamp": "2026-09-04T11:23:51.106159+00:00", "event": "ROWS_MATCHED", "status": "OK", "rule": "PASS1_EXACT", "confidence": 1.0, "params": {"txn_id": "TXN000018", "order_id": "ORD0018", "amount_paise": 980400}}
{"timestamp": "2026-09-04T11:23:51.107373+00:00", "event": "ROWS_MATCHED", "status": "OK", "rule": "PASS1_EXACT", "confidence": 1.0, "params": {"txn_id": "TXN000019", "order_id": "ORD0019", "amount_paise": 1341100}}
{"timestamp": "2026-09-04T11:23:51.108221+00:00", "event": "ROWS_MATCHED", "status": "OK", "rule": "PASS1_EXACT", "confidence": 1.0, "params": {"txn_id": "TXN000020", "order_id": "ORD0020", "amount_paise": 25600}}
{"timestamp": "2026-09-04T11:23:51.109059+00:00", "event": "ROWS_MATCHED", "status": "OK", "rule": "PASS1_EXACT", "confidence": 1.0, "params": {"txn_id": "TXN000021", "order_id": "ORD0021", "amount_paise": 1335200}}
{"timestamp": "2026-09-04T11:23:51.109528+00:00", "event": "ROWS_MATCHED", "status": "OK", "rule": "PASS1_EXACT", "confidence": 1.0, "params": {"txn_id": "TXN000022", "order_id": "ORD0022", "amount_paise": 1158800}}
{"timestamp": "2026-09-04T11:23:51.109830+00:00", "event": "ROWS_MATCHED", "status": "OK", "rule": "PASS1_EXACT", "confidence": 1.0, "params": {"txn_id": "TXN000023", "order_id": "ORD0023", "amount_paise": 572400}}
{"timestamp": "2026-09-04T11:23:51.110139+00:00", "event": "ROWS_MATCHED", "status": "OK", "rule": "PASS1_EXACT", "confidence": 1.0, "params": {"txn_id": "TXN000024", "order_id": "ORD0024", "amount_paise": 269700}}
{"timestamp": "2026-09-04T11:23:51.110427+00:00", "event": "ROWS_MATCHED", "status": "OK", "rule": "PASS1_EXACT", "confidence": 1.0, "params": {"txn_id": "TXN000025", "order_id": "ORD0025", "amount_paise": 1265900}}
{"timestamp": "2026-09-04T11:23:51.110697+00:00", "event": "ROWS_MATCHED", "status": "OK", "rule": "PASS1_EXACT", "confidence": 1.0, "params": {"txn_id": "TXN000026", "order_id": "ORD0026", "amount_paise": 182400}}
{"timestamp": "2026-09-04T11:23:51.110978+00:00", "event": "ROWS_MATCHED", "status": "OK", "rule": "PASS1_EXACT", "confidence": 1.0, "params": {"txn_id": "TXN000027", "order_id": "ORD0027", "amount_paise": 637400}}
{"timestamp": "2026-09-04T11:23:51.111418+00:00", "event": "ROWS_MATCHED", "status": "OK", "rule": "PASS1_EXACT", "confidence": 1.0, "params": {"txn_id": "TXN000028", "order_id": "ORD0028", "amount_paise": 603100}}
{"timestamp": "2026-09-04T11:23:51.111930+00:00", "event": "ROWS_MATCHED", "status": "OK", "rule": "PASS1_EXACT", "confidence": 1.0, "params": {"txn_id": "TXN000029", "order_id": "ORD0029", "amount_paise": 578500}}
{"timestamp": "2026-09-04T11:23:51.112407+00:00", "event": "ROWS_MATCHED", "status": "OK", "rule": "PASS1_EXACT", "confidence": 1.0, "params": {"txn_id": "TXN000030", "order_id": "ORD0030", "amount_paise": 448300}}
{"timestamp": "2026-09-04T11:23:51.113326+00:00", "event": "ROWS_MATCHED", "status": "OK", "rule": "PASS1_EXACT", "confidence": 1.0, "params": {"txn_id": "TXN000031", "order_id": "ORD0031", "amount_paise": 86100}}
{"timestamp": "2026-09-04T11:23:51.114241+00:00", "event": "ROWS_MATCHED", "status": "OK", "rule": "PASS1_EXACT", "confidence": 1.0, "params": {"txn_id": "TXN000032", "order_id": "ORD0032", "amount_paise": 767700}}
{"timestamp": "2026-09-04T11:23:51.115112+00:00", "event": "ROWS_MATCHED", "status": "OK", "rule": "PASS1_EXACT", "confidence": 1.0, "params": {"txn_id": "TXN000033", "order_id": "ORD0033", "amount_paise": 219500}}
{"timestamp": "2026-09-04T11:23:51.115837+00:00", "event": "ROWS_MATCHED", "status": "OK", "rule": "PASS1_EXACT", "confidence": 1.0, "params": {"txn_id": "TXN000034", "order_id": "ORD0034", "amount_paise": 635100}}
{"timestamp": "2026-09-04T11:23:51.116312+00:00", "event": "ROWS_MATCHED", "status": "OK", "rule": "PASS1_EXACT", "confidence": 1.0, "params": {"txn_id": "TXN000035", "order_id": "ORD0035", "amount_paise": 919400}}
{"timestamp": "2026-09-04T11:23:51.116977+00:00", "event": "ROWS_MATCHED", "status": "OK", "rule": "PASS1_EXACT", "confidence": 1.0, "params": {"txn_id": "TXN000036", "order_id": "ORD0036", "amount_paise": 1373800}}
{"timestamp": "2026-09-04T11:23:51.117706+00:00", "event": "ROWS_MATCHED", "status": "OK", "rule": "PASS1_EXACT", "confidence": 1.0, "params": {"txn_id": "TXN000037", "order_id": "ORD0037", "amount_paise": 1028300}}
{"timestamp": "2026-09-04T11:23:51.118435+00:00", "event": "ROWS_MATCHED", "status": "OK", "rule": "PASS1_EXACT", "confidence": 1.0, "params": {"txn_id": "TXN000038", "order_id": "ORD0038", "amount_paise": 1426800}}
{"timestamp": "2026-09-04T11:23:51.119107+00:00", "event": "ROWS_MATCHED", "status": "OK", "rule": "PASS1_EXACT", "confidence": 1.0, "params": {"txn_id": "TXN000039", "order_id": "ORD0039", "amount_paise": 960900}}
{"timestamp": "2026-09-04T11:23:51.119887+00:00", "event": "ROWS_MATCHED", "status": "OK", "rule": "PASS1_EXACT", "confidence": 1.0, "params": {"txn_id": "TXN000040", "order_id": "ORD0040", "amount_paise": 1169300}}
{"timestamp": "2026-09-04T11:23:51.120614+00:00", "event": "ROWS_MATCHED", "status": "OK", "rule": "PASS1_EXACT", "confidence": 1.0, "params": {"txn_id": "TXN000041", "order_id": "ORD0041", "amount_paise": 90000}}
{"timestamp": "2026-09-04T11:23:51.121302+00:00", "event": "ROWS_MATCHED", "status": "OK", "rule": "PASS1_EXACT", "confidence": 1.0, "params": {"txn_id": "TXN000042", "order_id": "ORD0042", "amount_paise": 388300}}
{"timestamp": "2026-09-04T11:23:51.121963+00:00", "event": "ROWS_MATCHED", "status": "OK", "rule": "PASS1_EXACT", "confidence": 1.0, "params": {"txn_id": "TXN000043", "order_id": "ORD0043", "amount_paise": 489100}}
{"timestamp": "2026-09-04T11:23:51.123043+00:00", "event": "ROWS_MATCHED", "status": "OK", "rule": "PASS1_EXACT", "confidence": 1.0, "params": {"txn_id": "TXN000044", "order_id": "ORD0044", "amount_paise": 1416300}}
{"timestamp": "2026-09-04T11:23:51.123984+00:00", "event": "ROWS_MATCHED", "status": "OK", "rule": "PASS1_EXACT", "confidence": 1.0, "params": {"txn_id": "TXN000045", "order_id": "ORD0045", "amount_paise": 1434600}}
{"timestamp": "2026-09-04T11:23:51.125184+00:00", "event": "ROWS_MATCHED", "status": "OK", "rule": "PASS1_EXACT", "confidence": 1.0, "params": {"txn_id": "TXN000046", "order_id": "ORD0046", "amount_paise": 637700}}
{"timestamp": "2026-09-04T11:23:51.127184+00:00", "event": "ROWS_MATCHED", "status": "OK", "rule": "PASS1_EXACT", "confidence": 1.0, "params": {"txn_id": "TXN000047", "order_id": "ORD0047", "amount_paise": 757800}}
{"timestamp": "2026-09-04T11:23:51.129147+00:00", "event": "ROWS_MATCHED", "status": "OK", "rule": "PASS1_EXACT", "confidence": 1.0, "params": {"txn_id": "TXN000048", "order_id": "ORD0048", "amount_paise": 1381600}}
{"timestamp": "2026-09-04T11:23:51.130080+00:00", "event": "ROWS_MATCHED", "status": "OK", "rule": "PASS1_EXACT", "confidence": 1.0, "params": {"txn_id": "TXN000049", "order_id": "ORD0049", "amount_paise": 281400}}
{"timestamp": "2026-09-04T11:23:51.130902+00:00", "event": "ROWS_MATCHED", "status": "OK", "rule": "PASS1_EXACT", "confidence": 1.0, "params": {"txn_id": "TXN000050", "order_id": "ORD0050", "amount_paise": 597000}}
{"timestamp": "2026-09-04T11:23:51.131699+00:00", "event": "ROWS_MATCHED", "status": "OK", "rule": "PASS1_EXACT", "confidence": 1.0, "params": {"txn_id": "TXN000051", "order_id": "ORD0051", "amount_paise": 1113000}}
{"timestamp": "2026-09-04T11:23:51.132550+00:00", "event": "ROWS_MATCHED", "status": "OK", "rule": "PASS1_EXACT", "confidence": 1.0, "params": {"txn_id": "TXN000052", "order_id": "ORD0052", "amount_paise": 1164800}}
{"timestamp": "2026-09-04T11:23:51.133309+00:00", "event": "ROWS_MATCHED", "status": "OK", "rule": "PASS1_EXACT", "confidence": 1.0, "params": {"txn_id": "TXN000053", "order_id": "ORD0053", "amount_paise": 1076700}}
{"timestamp": "2026-09-04T11:23:51.134106+00:00", "event": "ROWS_MATCHED", "status": "OK", "rule": "PASS1_EXACT", "confidence": 1.0, "params": {"txn_id": "TXN000054", "order_id": "ORD0054", "amount_paise": 1013000}}
{"timestamp": "2026-09-04T11:23:51.134946+00:00", "event": "ROWS_MATCHED", "status": "OK", "rule": "PASS1_EXACT", "confidence": 1.0, "params": {"txn_id": "TXN000055", "order_id": "ORD0055", "amount_paise": 295300}}
{"timestamp": "2026-09-04T11:23:51.136873+00:00", "event": "ROWS_MATCHED", "status": "OK", "rule": "PASS1_EXACT", "confidence": 1.0, "params": {"txn_id": "TXN000056", "order_id": "ORD0056", "amount_paise": 1209600}}
{"timestamp": "2026-09-04T11:23:51.138363+00:00", "event": "ROWS_MATCHED", "status": "OK", "rule": "PASS1_EXACT", "confidence": 1.0, "params": {"txn_id": "TXN000057", "order_id": "ORD0057", "amount_paise": 282700}}
{"timestamp": "2026-09-04T11:23:51.139398+00:00", "event": "ROWS_MATCHED", "status": "OK", "rule": "PASS1_EXACT", "confidence": 1.0, "params": {"txn_id": "TXN000058", "order_id": "ORD0058", "amount_paise": 636600}}
{"timestamp": "2026-09-04T11:23:51.140300+00:00", "event": "ROWS_MATCHED", "status": "OK", "rule": "PASS1_EXACT", "confidence": 1.0, "params": {"txn_id": "TXN000059", "order_id": "ORD0059", "amount_paise": 1063500}}
{"timestamp": "2026-09-04T11:23:51.141514+00:00", "event": "ROWS_MATCHED", "status": "OK", "rule": "PASS1_EXACT", "confidence": 1.0, "params": {"txn_id": "TXN000060", "order_id": "ORD0060", "amount_paise": 927500}}
{"timestamp": "2026-09-04T11:23:51.142352+00:00", "event": "ROWS_MATCHED", "status": "OK", "rule": "PASS1_EXACT", "confidence": 1.0, "params": {"txn_id": "TXN000061", "order_id": "ORD0061", "amount_paise": 1136600}}
{"timestamp": "2026-09-04T11:23:51.143125+00:00", "event": "ROWS_MATCHED", "status": "OK", "rule": "PASS1_EXACT", "confidence": 1.0, "params": {"txn_id": "TXN000062", "order_id": "ORD0062", "amount_paise": 1395900}}
{"timestamp": "2026-09-04T11:23:51.144063+00:00", "event": "ROWS_MATCHED", "status": "OK", "rule": "PASS1_EXACT", "confidence": 1.0, "params": {"txn_id": "TXN000063", "order_id": "ORD0063", "amount_paise": 1286300}}
{"timestamp": "2026-09-04T11:23:51.145019+00:00", "event": "ROWS_MATCHED", "status": "OK", "rule": "PASS1_EXACT", "confidence": 1.0, "params": {"txn_id": "TXN000064", "order_id": "ORD0064", "amount_paise": 390200}}
{"timestamp": "2026-09-04T11:23:51.145675+00:00", "event": "ROWS_MATCHED", "status": "OK", "rule": "PASS1_EXACT", "confidence": 1.0, "params": {"txn_id": "TXN000065", "order_id": "ORD0065", "amount_paise": 67500}}
{"timestamp": "2026-09-04T11:23:51.146205+00:00", "event": "ROWS_MATCHED", "status": "OK", "rule": "PASS1_EXACT", "confidence": 1.0, "params": {"txn_id": "TXN000066", "order_id": "ORD0066", "amount_paise": 531800}}
{"timestamp": "2026-09-04T11:23:51.147177+00:00", "event": "ROWS_MATCHED", "status": "OK", "rule": "PASS1_EXACT", "confidence": 1.0, "params": {"txn_id": "TXN000067", "order_id": "ORD0067", "amount_paise": 453600}}
{"timestamp": "2026-09-04T11:23:51.147969+00:00", "event": "ROWS_MATCHED", "status": "OK", "rule": "PASS1_EXACT", "confidence": 1.0, "params": {"txn_id": "TXN000068", "order_id": "ORD0068", "amount_paise": 360600}}
{"timestamp": "2026-09-04T11:23:51.148707+00:00", "event": "ROWS_MATCHED", "status": "OK", "rule": "PASS1_EXACT", "confidence": 1.0, "params": {"txn_id": "TXN000069", "order_id": "ORD0069", "amount_paise": 944200}}
{"timestamp": "2026-09-04T11:23:51.149374+00:00", "event": "ROWS_MATCHED", "status": "OK", "rule": "PASS1_EXACT", "confidence": 1.0, "params": {"txn_id": "TXN000070", "order_id": "ORD0070", "amount_paise": 1191200}}
{"timestamp": "2026-09-04T11:23:51.150431+00:00", "event": "ROWS_MATCHED", "status": "OK", "rule": "PASS1_EXACT", "confidence": 1.0, "params": {"txn_id": "TXN000071", "order_id": "ORD0071", "amount_paise": 363300}}
{"timestamp": "2026-09-04T11:23:51.151128+00:00", "event": "ROWS_MATCHED", "status": "OK", "rule": "PASS1_EXACT", "confidence": 1.0, "params": {"txn_id": "TXN000072", "order_id": "ORD0072", "amount_paise": 832900}}
{"timestamp": "2026-09-04T11:23:51.151973+00:00", "event": "ROWS_MATCHED", "status": "OK", "rule": "PASS1_EXACT", "confidence": 1.0, "params": {"txn_id": "TXN000073", "order_id": "ORD0073", "amount_paise": 1464400}}
{"timestamp": "2026-09-04T11:23:51.152796+00:00", "event": "ROWS_MATCHED", "status": "OK", "rule": "PASS1_EXACT", "confidence": 1.0, "params": {"txn_id": "TXN000074", "order_id": "ORD0074", "amount_paise": 1068200}}
{"timestamp": "2026-09-04T11:23:51.153613+00:00", "event": "ROWS_MATCHED", "status": "OK", "rule": "PASS1_EXACT", "confidence": 1.0, "params": {"txn_id": "TXN000075", "order_id": "ORD0075", "amount_paise": 249000}}
{"timestamp": "2026-09-04T11:23:51.154317+00:00", "event": "ROWS_MATCHED", "status": "OK", "rule": "PASS1_EXACT", "confidence": 1.0, "params": {"txn_id": "TXN000076", "order_id": "ORD0076", "amount_paise": 243700}}
{"timestamp": "2026-09-04T11:23:51.154990+00:00", "event": "ROWS_MATCHED", "status": "OK", "rule": "PASS1_EXACT", "confidence": 1.0, "params": {"txn_id": "TXN000077", "order_id": "ORD0077", "amount_paise": 1235500}}
{"timestamp": "2026-09-04T11:23:51.155758+00:00", "event": "ROWS_MATCHED", "status": "OK", "rule": "PASS1_EXACT", "confidence": 1.0, "params": {"txn_id": "TXN000078", "order_id": "ORD0078", "amount_paise": 898000}}
{"timestamp": "2026-09-04T11:23:51.156482+00:00", "event": "ROWS_MATCHED", "status": "OK", "rule": "PASS1_EXACT", "confidence": 1.0, "params": {"txn_id": "TXN000079", "order_id": "ORD0079", "amount_paise": 1238900}}
{"timestamp": "2026-09-04T11:23:51.157377+00:00", "event": "ROWS_MATCHED", "status": "OK", "rule": "PASS1_EXACT", "confidence": 1.0, "params": {"txn_id": "TXN000080", "order_id": "ORD0080", "amount_paise": 716900}}
{"timestamp": "2026-09-04T11:23:51.158204+00:00", "event": "ROWS_MATCHED", "status": "OK", "rule": "PASS1_EXACT", "confidence": 1.0, "params": {"txn_id": "TXN000081", "order_id": "ORD0081", "amount_paise": 971000}}
{"timestamp": "2026-09-04T11:23:51.158896+00:00", "event": "ROWS_MATCHED", "status": "OK", "rule": "PASS1_EXACT", "confidence": 1.0, "params": {"txn_id": "TXN000082", "order_id": "ORD0082", "amount_paise": 608000}}
{"timestamp": "2026-09-04T11:23:51.159613+00:00", "event": "ROWS_MATCHED", "status": "OK", "rule": "PASS1_EXACT", "confidence": 1.0, "params": {"txn_id": "TXN000083", "order_id": "ORD0083", "amount_paise": 241600}}
{"timestamp": "2026-09-04T11:23:51.160832+00:00", "event": "ROWS_MATCHED", "status": "OK", "rule": "PASS1_EXACT", "confidence": 1.0, "params": {"txn_id": "TXN000084", "order_id": "ORD0084", "amount_paise": 823500}}
{"timestamp": "2026-09-04T11:23:51.161964+00:00", "event": "ROWS_MATCHED", "status": "OK", "rule": "PASS1_EXACT", "confidence": 1.0, "params": {"txn_id": "TXN000085", "order_id": "ORD0085", "amount_paise": 1253200}}
{"timestamp": "2026-09-04T11:23:51.162814+00:00", "event": "ROWS_MATCHED", "status": "OK", "rule": "PASS1_EXACT", "confidence": 1.0, "params": {"txn_id": "TXN000086", "order_id": "ORD0086", "amount_paise": 1425800}}
{"timestamp": "2026-09-04T11:23:51.163727+00:00", "event": "ROWS_MATCHED", "status": "OK", "rule": "PASS1_EXACT", "confidence": 1.0, "params": {"txn_id": "TXN000087", "order_id": "ORD0087", "amount_paise": 265400}}
{"timestamp": "2026-09-04T11:23:51.164534+00:00", "event": "ROWS_MATCHED", "status": "OK", "rule": "PASS1_EXACT", "confidence": 1.0, "params": {"txn_id": "TXN000088", "order_id": "ORD0088", "amount_paise": 277100}}
{"timestamp": "2026-09-04T11:23:51.165317+00:00", "event": "ROWS_MATCHED", "status": "OK", "rule": "PASS1_EXACT", "confidence": 1.0, "params": {"txn_id": "TXN000089", "order_id": "ORD0089", "amount_paise": 1129900}}
{"timestamp": "2026-09-04T11:23:51.165945+00:00", "event": "ROWS_MATCHED", "status": "OK", "rule": "PASS1_EXACT", "confidence": 1.0, "params": {"txn_id": "TXN000090", "order_id": "ORD0090", "amount_paise": 992100}}
{"timestamp": "2026-09-04T11:23:51.166627+00:00", "event": "ROWS_MATCHED", "status": "OK", "rule": "PASS1_EXACT", "confidence": 1.0, "params": {"txn_id": "TXN000091", "order_id": "ORD0091", "amount_paise": 645400}}
{"timestamp": "2026-09-04T11:23:51.167555+00:00", "event": "ROWS_MATCHED", "status": "OK", "rule": "PASS1_EXACT", "confidence": 1.0, "params": {"txn_id": "TXN000092", "order_id": "ORD0092", "amount_paise": 991300}}
{"timestamp": "2026-09-04T11:23:51.168192+00:00", "event": "ROWS_MATCHED", "status": "OK", "rule": "PASS1_EXACT", "confidence": 1.0, "params": {"txn_id": "TXN000093", "order_id": "ORD0093", "amount_paise": 881900}}
{"timestamp": "2026-09-04T11:23:51.168772+00:00", "event": "ROWS_MATCHED", "status": "OK", "rule": "PASS1_EXACT", "confidence": 1.0, "params": {"txn_id": "TXN000094", "order_id": "ORD0094", "amount_paise": 921400}}
{"timestamp": "2026-09-04T11:23:51.169472+00:00", "event": "ROWS_MATCHED", "status": "OK", "rule": "PASS1_EXACT", "confidence": 1.0, "params": {"txn_id": "TXN000095", "order_id": "ORD0095", "amount_paise": 33800}}
{"timestamp": "2026-09-04T11:23:51.169855+00:00", "event": "ROWS_MATCHED", "status": "OK", "rule": "PASS1_EXACT", "confidence": 1.0, "params": {"txn_id": "TXN000096", "order_id": "ORD0096", "amount_paise": 1195800}}
{"timestamp": "2026-09-04T11:23:51.170232+00:00", "event": "ROWS_MATCHED", "status": "OK", "rule": "PASS1_EXACT", "confidence": 1.0, "params": {"txn_id": "TXN000097", "order_id": "ORD0097", "amount_paise": 1131900}}
{"timestamp": "2026-09-04T11:23:51.171747+00:00", "event": "ROWS_MATCHED", "status": "OK", "rule": "PASS1_EXACT", "confidence": 1.0, "params": {"txn_id": "TXN000098", "order_id": "ORD0098", "amount_paise": 894700}}
{"timestamp": "2026-09-04T11:23:51.172346+00:00", "event": "ROWS_MATCHED", "status": "OK", "rule": "PASS1_EXACT", "confidence": 1.0, "params": {"txn_id": "TXN000099", "order_id": "ORD0099", "amount_paise": 452100}}
{"timestamp": "2026-09-04T11:23:51.172711+00:00", "event": "ROWS_MATCHED", "status": "OK", "rule": "PASS1_EXACT", "confidence": 1.0, "params": {"txn_id": "TXN000100", "order_id": "ORD0100", "amount_paise": 1065100}}
{"timestamp": "2026-09-04T11:23:51.173030+00:00", "event": "ROWS_MATCHED", "status": "OK", "rule": "PASS1_EXACT", "confidence": 1.0, "params": {"txn_id": "TXN000101", "order_id": "ORD0101", "amount_paise": 197700}}
{"timestamp": "2026-09-04T11:23:51.173329+00:00", "event": "ROWS_MATCHED", "status": "OK", "rule": "PASS1_EXACT", "confidence": 1.0, "params": {"txn_id": "TXN000102", "order_id": "ORD0102", "amount_paise": 727300}}
{"timestamp": "2026-09-04T11:23:51.173673+00:00", "event": "ROWS_MATCHED", "status": "OK", "rule": "PASS1_EXACT", "confidence": 1.0, "params": {"txn_id": "TXN000103", "order_id": "ORD0103", "amount_paise": 758300}}
{"timestamp": "2026-09-04T11:23:51.174008+00:00", "event": "ROWS_MATCHED", "status": "OK", "rule": "PASS1_EXACT", "confidence": 1.0, "params": {"txn_id": "TXN000104", "order_id": "ORD0104", "amount_paise": 1198000}}
{"timestamp": "2026-09-04T11:23:51.174324+00:00", "event": "ROWS_MATCHED", "status": "OK", "rule": "PASS1_EXACT", "confidence": 1.0, "params": {"txn_id": "TXN000105", "order_id": "ORD0105", "amount_paise": 1194100}}
{"timestamp": "2026-09-04T11:23:51.174809+00:00", "event": "ROWS_MATCHED", "status": "OK", "rule": "PASS1_EXACT", "confidence": 1.0, "params": {"txn_id": "TXN000106", "order_id": "ORD0106", "amount_paise": 835100}}
{"timestamp": "2026-09-04T11:23:51.175317+00:00", "event": "ROWS_MATCHED", "status": "OK", "rule": "PASS1_EXACT", "confidence": 1.0, "params": {"txn_id": "TXN000107", "order_id": "ORD0107", "amount_paise": 307700}}
{"timestamp": "2026-09-04T11:23:51.175780+00:00", "event": "ROWS_MATCHED", "status": "OK", "rule": "PASS1_EXACT", "confidence": 1.0, "params": {"txn_id": "TXN000108", "order_id": "ORD0108", "amount_paise": 189300}}
{"timestamp": "2026-09-04T11:23:51.176418+00:00", "event": "ROWS_MATCHED", "status": "OK", "rule": "PASS1_EXACT", "confidence": 1.0, "params": {"txn_id": "TXN000109", "order_id": "ORD0109", "amount_paise": 1039400}}
{"timestamp": "2026-09-04T11:23:51.177029+00:00", "event": "ROWS_MATCHED", "status": "OK", "rule": "PASS1_EXACT", "confidence": 1.0, "params": {"txn_id": "TXN000110", "order_id": "ORD0110", "amount_paise": 1393900}}
{"timestamp": "2026-09-04T11:23:51.177616+00:00", "event": "ROWS_MATCHED", "status": "OK", "rule": "PASS1_EXACT", "confidence": 1.0, "params": {"txn_id": "TXN000111", "order_id": "ORD0111", "amount_paise": 846700}}
{"timestamp": "2026-09-04T11:23:51.178598+00:00", "event": "ROWS_MATCHED", "status": "OK", "rule": "PASS1_EXACT", "confidence": 1.0, "params": {"txn_id": "TXN000112", "order_id": "ORD0112", "amount_paise": 340800}}
{"timestamp": "2026-09-04T11:23:51.179409+00:00", "event": "ROWS_MATCHED", "status": "OK", "rule": "PASS1_EXACT", "confidence": 1.0, "params": {"txn_id": "TXN000113", "order_id": "ORD0113", "amount_paise": 627600}}
{"timestamp": "2026-09-04T11:23:51.180139+00:00", "event": "ROWS_MATCHED", "status": "OK", "rule": "PASS1_EXACT", "confidence": 1.0, "params": {"txn_id": "TXN000114", "order_id": "ORD0114", "amount_paise": 279600}}
{"timestamp": "2026-09-04T11:23:51.180770+00:00", "event": "ROWS_MATCHED", "status": "OK", "rule": "PASS1_EXACT", "confidence": 1.0, "params": {"txn_id": "TXN000115", "order_id": "ORD0115", "amount_paise": 1290700}}
{"timestamp": "2026-09-04T11:23:51.181338+00:00", "event": "ROWS_MATCHED", "status": "OK", "rule": "PASS1_EXACT", "confidence": 1.0, "params": {"txn_id": "TXN000116", "order_id": "ORD0116", "amount_paise": 883900}}
{"timestamp": "2026-09-04T11:23:51.181648+00:00", "event": "ROWS_MATCHED", "status": "OK", "rule": "PASS1_EXACT", "confidence": 1.0, "params": {"txn_id": "TXN000117", "order_id": "ORD0117", "amount_paise": 15900}}
{"timestamp": "2026-09-04T11:23:51.181957+00:00", "event": "ROWS_MATCHED", "status": "OK", "rule": "PASS1_EXACT", "confidence": 1.0, "params": {"txn_id": "TXN000118", "order_id": "ORD0118", "amount_paise": 546000}}
{"timestamp": "2026-09-04T11:23:51.182304+00:00", "event": "ROWS_MATCHED", "status": "OK", "rule": "PASS1_EXACT", "confidence": 1.0, "params": {"txn_id": "TXN000119", "order_id": "ORD0119", "amount_paise": 46900}}
{"timestamp": "2026-09-04T11:23:51.182611+00:00", "event": "ROWS_MATCHED", "status": "OK", "rule": "PASS1_EXACT", "confidence": 1.0, "params": {"txn_id": "TXN000120", "order_id": "ORD0120", "amount_paise": 609700}}
{"timestamp": "2026-09-04T11:23:51.182974+00:00", "event": "ROWS_MATCHED", "status": "OK", "rule": "PASS1_EXACT", "confidence": 1.0, "params": {"txn_id": "TXN000121", "order_id": "ORD0121", "amount_paise": 1377600}}
{"timestamp": "2026-09-04T11:23:51.183374+00:00", "event": "ROWS_MATCHED", "status": "OK", "rule": "PASS1_EXACT", "confidence": 1.0, "params": {"txn_id": "TXN000122", "order_id": "ORD0122", "amount_paise": 518800}}
{"timestamp": "2026-09-04T11:23:51.183913+00:00", "event": "ROWS_MATCHED", "status": "OK", "rule": "PASS1_EXACT", "confidence": 1.0, "params": {"txn_id": "TXN000123", "order_id": "ORD0123", "amount_paise": 109900}}
{"timestamp": "2026-09-04T11:23:51.184395+00:00", "event": "ROWS_MATCHED", "status": "OK", "rule": "PASS1_EXACT", "confidence": 1.0, "params": {"txn_id": "TXN000124", "order_id": "ORD0124", "amount_paise": 1453500}}
{"timestamp": "2026-09-04T11:23:51.184767+00:00", "event": "ROWS_MATCHED", "status": "OK", "rule": "PASS1_EXACT", "confidence": 1.0, "params": {"txn_id": "TXN000125", "order_id": "ORD0125", "amount_paise": 144000}}
{"timestamp": "2026-09-04T11:23:51.185101+00:00", "event": "ROWS_MATCHED", "status": "OK", "rule": "PASS1_EXACT", "confidence": 1.0, "params": {"txn_id": "TXN000126", "order_id": "ORD0126", "amount_paise": 1214100}}
{"timestamp": "2026-09-04T11:23:51.185504+00:00", "event": "ROWS_MATCHED", "status": "OK", "rule": "PASS1_EXACT", "confidence": 1.0, "params": {"txn_id": "TXN000127", "order_id": "ORD0127", "amount_paise": 1351900}}
{"timestamp": "2026-09-04T11:23:51.185830+00:00", "event": "ROWS_MATCHED", "status": "OK", "rule": "PASS1_EXACT", "confidence": 1.0, "params": {"txn_id": "TXN000128", "order_id": "ORD0128", "amount_paise": 1261100}}
{"timestamp": "2026-09-04T11:23:51.186129+00:00", "event": "ROWS_MATCHED", "status": "OK", "rule": "PASS1_EXACT", "confidence": 1.0, "params": {"txn_id": "TXN000129", "order_id": "ORD0129", "amount_paise": 1269700}}
{"timestamp": "2026-09-04T11:23:51.186424+00:00", "event": "ROWS_MATCHED", "status": "OK", "rule": "PASS1_EXACT", "confidence": 1.0, "params": {"txn_id": "TXN000130", "order_id": "ORD0130", "amount_paise": 225300}}
{"timestamp": "2026-09-04T11:23:51.186708+00:00", "event": "ROWS_MATCHED", "status": "OK", "rule": "PASS1_EXACT", "confidence": 1.0, "params": {"txn_id": "TXN000165", "order_id": "ORD0165", "amount_paise": 1299600}}
{"timestamp": "2026-09-04T11:23:51.186998+00:00", "event": "ROWS_MATCHED", "status": "OK", "rule": "PASS1_EXACT", "confidence": 1.0, "params": {"txn_id": "TXN000166", "order_id": "ORD0166", "amount_paise": 760400}}
{"timestamp": "2026-09-04T11:23:51.187327+00:00", "event": "ROWS_MATCHED", "status": "OK", "rule": "PASS1_EXACT", "confidence": 1.0, "params": {"txn_id": "TXN000167", "order_id": "ORD0167", "amount_paise": 708000}}
{"timestamp": "2026-09-04T11:23:51.187635+00:00", "event": "ROWS_MATCHED", "status": "OK", "rule": "PASS1_EXACT", "confidence": 1.0, "params": {"txn_id": "TXN000168", "order_id": "ORD0168", "amount_paise": 1211800}}
{"timestamp": "2026-09-04T11:23:51.188724+00:00", "event": "ROWS_MATCHED", "status": "OK", "rule": "PASS1_EXACT", "confidence": 1.0, "params": {"txn_id": "TXN000169", "order_id": "ORD0169", "amount_paise": 925500}}
{"timestamp": "2026-09-04T11:23:51.189289+00:00", "event": "ROWS_MATCHED", "status": "OK", "rule": "PASS1_EXACT", "confidence": 1.0, "params": {"txn_id": "TXN000170", "order_id": "ORD0170", "amount_paise": 1192000}}
{"timestamp": "2026-09-04T11:23:51.189602+00:00", "event": "ROWS_MATCHED", "status": "OK", "rule": "PASS1_EXACT", "confidence": 1.0, "params": {"txn_id": "TXN000171", "order_id": "ORD0171", "amount_paise": 268600}}
{"timestamp": "2026-09-04T11:23:51.189920+00:00", "event": "ROWS_MATCHED", "status": "OK", "rule": "PASS1_EXACT", "confidence": 1.0, "params": {"txn_id": "TXN000172", "order_id": "ORD0172", "amount_paise": 501100}}
{"timestamp": "2026-09-04T11:23:51.190244+00:00", "event": "ROWS_MATCHED", "status": "OK", "rule": "PASS1_EXACT", "confidence": 1.0, "params": {"txn_id": "TXN000173", "order_id": "ORD0173", "amount_paise": 110800}}
{"timestamp": "2026-09-04T11:23:51.190540+00:00", "event": "ROWS_MATCHED", "status": "OK", "rule": "PASS1_EXACT", "confidence": 1.0, "params": {"txn_id": "TXN000174", "order_id": "ORD0174", "amount_paise": 1220400}}
{"timestamp": "2026-09-04T11:23:51.192404+00:00", "event": "ROWS_MATCHED", "status": "OK", "rule": "PASS1_EXACT", "confidence": 1.0, "params": {"txn_id": "TXN000175", "order_id": "ORD0175", "amount_paise": 114800}}
{"timestamp": "2026-09-04T11:23:51.192765+00:00", "event": "ROWS_MATCHED", "status": "OK", "rule": "PASS1_EXACT", "confidence": 1.0, "params": {"txn_id": "TXN000176", "order_id": "ORD0176", "amount_paise": 528800}}
{"timestamp": "2026-09-04T11:23:51.193124+00:00", "event": "ROWS_MATCHED", "status": "OK", "rule": "PASS1_EXACT", "confidence": 1.0, "params": {"txn_id": "TXN000177", "order_id": "ORD0177", "amount_paise": 97100}}
{"timestamp": "2026-09-04T11:23:51.193465+00:00", "event": "ROWS_MATCHED", "status": "OK", "rule": "PASS1_EXACT", "confidence": 1.0, "params": {"txn_id": "TXN000178", "order_id": "ORD0178", "amount_paise": 796100}}
{"timestamp": "2026-09-04T11:23:51.193782+00:00", "event": "ROWS_MATCHED", "status": "OK", "rule": "PASS1_EXACT", "confidence": 1.0, "params": {"txn_id": "TXN000179", "order_id": "ORD0179", "amount_paise": 1412000}}
{"timestamp": "2026-09-04T11:23:51.194070+00:00", "event": "ROWS_MATCHED", "status": "OK", "rule": "PASS1_EXACT", "confidence": 1.0, "params": {"txn_id": "TXN000180", "order_id": "ORD0180", "amount_paise": 272900}}
{"timestamp": "2026-09-04T11:23:51.194446+00:00", "event": "ROWS_MATCHED", "status": "OK", "rule": "PASS1_EXACT", "confidence": 1.0, "params": {"txn_id": "TXN000181", "order_id": "ORD0181", "amount_paise": 847000}}
{"timestamp": "2026-09-04T11:23:51.194845+00:00", "event": "ROWS_MATCHED", "status": "OK", "rule": "PASS1_EXACT", "confidence": 1.0, "params": {"txn_id": "TXN000182", "order_id": "ORD0182", "amount_paise": 1409800}}
{"timestamp": "2026-09-04T11:23:51.195188+00:00", "event": "ROWS_MATCHED", "status": "OK", "rule": "PASS1_EXACT", "confidence": 1.0, "params": {"txn_id": "TXN000183", "order_id": "ORD0183", "amount_paise": 127200}}
{"timestamp": "2026-09-04T11:23:51.195537+00:00", "event": "ROWS_MATCHED", "status": "OK", "rule": "PASS1_EXACT", "confidence": 1.0, "params": {"txn_id": "TXN000184", "order_id": "ORD0184", "amount_paise": 126300}}
{"timestamp": "2026-09-04T11:23:51.195867+00:00", "event": "ROWS_MATCHED", "status": "OK", "rule": "PASS1_EXACT", "confidence": 1.0, "params": {"txn_id": "TXN000185", "order_id": "ORD0185", "amount_paise": 1427000}}
{"timestamp": "2026-09-04T11:23:51.196240+00:00", "event": "ROWS_MATCHED", "status": "OK", "rule": "PASS1_EXACT", "confidence": 1.0, "params": {"txn_id": "TXN000186", "order_id": "ORD0186", "amount_paise": 1473600}}
{"timestamp": "2026-09-04T11:23:51.196593+00:00", "event": "ROWS_MATCHED", "status": "OK", "rule": "PASS1_EXACT", "confidence": 1.0, "params": {"txn_id": "TXN000191", "order_id": "ORD0191", "amount_paise": 406000}}
{"timestamp": "2026-09-04T11:23:51.196887+00:00", "event": "ROWS_MATCHED", "status": "OK", "rule": "PASS1_EXACT", "confidence": 1.0, "params": {"txn_id": "TXN000192", "order_id": "ORD0192", "amount_paise": 1115400}}
{"timestamp": "2026-09-04T11:23:51.197156+00:00", "event": "ROWS_MATCHED", "status": "OK", "rule": "PASS1_EXACT", "confidence": 1.0, "params": {"txn_id": "TXN000195", "order_id": "ORD0195", "amount_paise": 937400}}
{"timestamp": "2026-09-04T11:23:51.197553+00:00", "event": "ROWS_MATCHED", "status": "OK", "rule": "PASS1_EXACT", "confidence": 1.0, "params": {"txn_id": "TXN000196", "order_id": "ORD0196", "amount_paise": 364200}}
{"timestamp": "2026-09-04T11:23:51.198012+00:00", "event": "ROWS_MATCHED", "status": "OK", "rule": "PASS1_EXACT", "confidence": 1.0, "params": {"txn_id": "TXN000197", "order_id": "ORD0197", "amount_paise": 586800}}
{"timestamp": "2026-09-04T11:23:51.198352+00:00", "event": "ROWS_MATCHED", "status": "OK", "rule": "PASS1_EXACT", "confidence": 1.0, "params": {"txn_id": "TXN000198", "order_id": "ORD0198", "amount_paise": 415200}}
{"timestamp": "2026-09-04T11:23:51.198615+00:00", "event": "PASS1_COMPLETE", "status": "OK", "rule": "exact", "confidence": null, "params": {"matched": 158, "remaining_gateway": 42}}
{"timestamp": "2026-09-04T11:23:51.230341+00:00", "event": "ROWS_MATCHED", "status": "OK", "rule": "PASS2_FEE_TOLERANT", "confidence": 0.95, "params": {"txn_id": "TXN000131", "order_id": "ORD0131", "amount_paise": 793700}}
{"timestamp": "2026-09-04T11:23:51.231346+00:00", "event": "ROWS_MATCHED", "status": "OK", "rule": "PASS2_FEE_TOLERANT", "confidence": 0.95, "params": {"txn_id": "TXN000132", "order_id": "ORD0132", "amount_paise": 879500}}
{"timestamp": "2026-09-04T11:23:51.231835+00:00", "event": "ROWS_MATCHED", "status": "OK", "rule": "PASS2_FEE_TOLERANT", "confidence": 0.95, "params": {"txn_id": "TXN000133", "order_id": "ORD0133", "amount_paise": 362000}}
{"timestamp": "2026-09-04T11:23:51.232161+00:00", "event": "ROWS_MATCHED", "status": "OK", "rule": "PASS2_FEE_TOLERANT", "confidence": 0.95, "params": {"txn_id": "TXN000134", "order_id": "ORD0134", "amount_paise": 1145200}}
{"timestamp": "2026-09-04T11:23:51.232525+00:00", "event": "ROWS_MATCHED", "status": "OK", "rule": "PASS2_FEE_TOLERANT", "confidence": 0.95, "params": {"txn_id": "TXN000135", "order_id": "ORD0135", "amount_paise": 668700}}
{"timestamp": "2026-09-04T11:23:51.232844+00:00", "event": "ROWS_MATCHED", "status": "OK", "rule": "PASS2_FEE_TOLERANT", "confidence": 0.95, "params": {"txn_id": "TXN000136", "order_id": "ORD0136", "amount_paise": 732700}}
{"timestamp": "2026-09-04T11:23:51.233139+00:00", "event": "ROWS_MATCHED", "status": "OK", "rule": "PASS2_FEE_TOLERANT", "confidence": 0.95, "params": {"txn_id": "TXN000137", "order_id": "ORD0137", "amount_paise": 213200}}
{"timestamp": "2026-09-04T11:23:51.233470+00:00", "event": "ROWS_MATCHED", "status": "OK", "rule": "PASS2_FEE_TOLERANT", "confidence": 0.95, "params": {"txn_id": "TXN000138", "order_id": "ORD0138", "amount_paise": 568900}}
{"timestamp": "2026-09-04T11:23:51.233765+00:00", "event": "ROWS_MATCHED", "status": "OK", "rule": "PASS2_FEE_TOLERANT", "confidence": 0.95, "params": {"txn_id": "TXN000139", "order_id": "ORD0139", "amount_paise": 392000}}
{"timestamp": "2026-09-04T11:23:51.234047+00:00", "event": "ROWS_MATCHED", "status": "OK", "rule": "PASS2_FEE_TOLERANT", "confidence": 0.95, "params": {"txn_id": "TXN000140", "order_id": "ORD0140", "amount_paise": 131300}}
{"timestamp": "2026-09-04T11:23:51.234334+00:00", "event": "ROWS_MATCHED", "status": "OK", "rule": "PASS2_FEE_TOLERANT", "confidence": 0.95, "params": {"txn_id": "TXN000141", "order_id": "ORD0141", "amount_paise": 390000}}
{"timestamp": "2026-09-04T11:23:51.234678+00:00", "event": "ROWS_MATCHED", "status": "OK", "rule": "PASS2_FEE_TOLERANT", "confidence": 0.95, "params": {"txn_id": "TXN000142", "order_id": "ORD0142", "amount_paise": 1423400}}
{"timestamp": "2026-09-04T11:23:51.234978+00:00", "event": "ROWS_MATCHED", "status": "OK", "rule": "PASS2_FEE_TOLERANT", "confidence": 0.95, "params": {"txn_id": "TXN000143", "order_id": "ORD0143", "amount_paise": 404900}}
{"timestamp": "2026-09-04T11:23:51.235295+00:00", "event": "ROWS_MATCHED", "status": "OK", "rule": "PASS2_FEE_TOLERANT", "confidence": 0.95, "params": {"txn_id": "TXN000144", "order_id": "ORD0144", "amount_paise": 366000}}
{"timestamp": "2026-09-04T11:23:51.235585+00:00", "event": "ROWS_MATCHED", "status": "OK", "rule": "PASS2_FEE_TOLERANT", "confidence": 0.95, "params": {"txn_id": "TXN000145", "order_id": "ORD0145", "amount_paise": 1460600}}
{"timestamp": "2026-09-04T11:23:51.235869+00:00", "event": "ROWS_MATCHED", "status": "OK", "rule": "PASS2_FEE_TOLERANT", "confidence": 0.95, "params": {"txn_id": "TXN000146", "order_id": "ORD0146", "amount_paise": 413100}}
{"timestamp": "2026-09-04T11:23:51.236171+00:00", "event": "ROWS_MATCHED", "status": "OK", "rule": "PASS2_FEE_TOLERANT", "confidence": 0.95, "params": {"txn_id": "TXN000147", "order_id": "ORD0147", "amount_paise": 681900}}
{"timestamp": "2026-09-04T11:23:51.236454+00:00", "event": "ROWS_MATCHED", "status": "OK", "rule": "PASS2_FEE_TOLERANT", "confidence": 0.95, "params": {"txn_id": "TXN000148", "order_id": "ORD0148", "amount_paise": 1094600}}
{"timestamp": "2026-09-04T11:23:51.236724+00:00", "event": "ROWS_MATCHED", "status": "OK", "rule": "PASS2_FEE_TOLERANT", "confidence": 0.95, "params": {"txn_id": "TXN000149", "order_id": "ORD0149", "amount_paise": 688500}}
{"timestamp": "2026-09-04T11:23:51.237063+00:00", "event": "ROWS_MATCHED", "status": "OK", "rule": "PASS2_FEE_TOLERANT", "confidence": 0.95, "params": {"txn_id": "TXN000150", "order_id": "ORD0150", "amount_paise": 103700}}
{"timestamp": "2026-09-04T11:23:51.237379+00:00", "event": "ROWS_MATCHED", "status": "OK", "rule": "PASS2_FEE_TOLERANT", "confidence": 0.95, "params": {"txn_id": "TXN000151", "order_id": "ORD0151", "amount_paise": 1073700}}
{"timestamp": "2026-09-04T11:23:51.237665+00:00", "event": "ROWS_MATCHED", "status": "OK", "rule": "PASS2_FEE_TOLERANT", "confidence": 0.95, "params": {"txn_id": "TXN000152", "order_id": "ORD0152", "amount_paise": 1208100}}
{"timestamp": "2026-09-04T11:23:51.237944+00:00", "event": "ROWS_MATCHED", "status": "OK", "rule": "PASS2_FEE_TOLERANT", "confidence": 0.95, "params": {"txn_id": "TXN000153", "order_id": "ORD0153", "amount_paise": 194000}}
{"timestamp": "2026-09-04T11:23:51.238218+00:00", "event": "ROWS_MATCHED", "status": "OK", "rule": "PASS2_FEE_TOLERANT", "confidence": 0.95, "params": {"txn_id": "TXN000154", "order_id": "ORD0154", "amount_paise": 893600}}
{"timestamp": "2026-09-04T11:23:51.238531+00:00", "event": "ROWS_MATCHED", "status": "OK", "rule": "PASS2_FEE_TOLERANT", "confidence": 0.95, "params": {"txn_id": "TXN000155", "order_id": "ORD0155", "amount_paise": 315600}}
{"timestamp": "2026-09-04T11:23:51.238805+00:00", "event": "ROWS_MATCHED", "status": "OK", "rule": "PASS2_FEE_TOLERANT", "confidence": 0.95, "params": {"txn_id": "TXN000156", "order_id": "ORD0156", "amount_paise": 1447700}}
{"timestamp": "2026-09-04T11:23:51.239089+00:00", "event": "ROWS_MATCHED", "status": "OK", "rule": "PASS2_FEE_TOLERANT", "confidence": 0.95, "params": {"txn_id": "TXN000157", "order_id": "ORD0157", "amount_paise": 1338800}}
{"timestamp": "2026-09-04T11:23:51.239407+00:00", "event": "ROWS_MATCHED", "status": "OK", "rule": "PASS2_FEE_TOLERANT", "confidence": 0.95, "params": {"txn_id": "TXN000158", "order_id": "ORD0158", "amount_paise": 175400}}
{"timestamp": "2026-09-04T11:23:51.239699+00:00", "event": "ROWS_MATCHED", "status": "OK", "rule": "PASS2_FEE_TOLERANT", "confidence": 0.95, "params": {"txn_id": "TXN000159", "order_id": "ORD0159", "amount_paise": 900600}}
{"timestamp": "2026-09-04T11:23:51.240026+00:00", "event": "ROWS_MATCHED", "status": "OK", "rule": "PASS2_FEE_TOLERANT", "confidence": 0.95, "params": {"txn_id": "TXN000160", "order_id": "ORD0160", "amount_paise": 167800}}
{"timestamp": "2026-09-04T11:23:51.240302+00:00", "event": "ROWS_MATCHED", "status": "OK", "rule": "PASS2_FEE_TOLERANT", "confidence": 0.95, "params": {"txn_id": "TXN000161", "order_id": "ORD0161", "amount_paise": 402200}}
{"timestamp": "2026-09-04T11:23:51.240627+00:00", "event": "ROWS_MATCHED", "status": "OK", "rule": "PASS2_FEE_TOLERANT", "confidence": 0.95, "params": {"txn_id": "TXN000162", "order_id": "ORD0162", "amount_paise": 803600}}
{"timestamp": "2026-09-04T11:23:51.240911+00:00", "event": "ROWS_MATCHED", "status": "OK", "rule": "PASS2_FEE_TOLERANT", "confidence": 0.95, "params": {"txn_id": "TXN000163", "order_id": "ORD0163", "amount_paise": 1493500}}
{"timestamp": "2026-09-04T11:23:51.241177+00:00", "event": "ROWS_MATCHED", "status": "OK", "rule": "PASS2_FEE_TOLERANT", "confidence": 0.95, "params": {"txn_id": "TXN000164", "order_id": "ORD0164", "amount_paise": 18500}}
{"timestamp": "2026-09-04T11:23:51.241411+00:00", "event": "PASS2_COMPLETE", "status": "OK", "rule": "fee_tolerant", "confidence": null, "params": {"matched": 34, "remaining_gateway": 8}}
{"timestamp": "2026-09-04T11:23:51.241636+00:00", "event": "PASS3_START", "status": "OK", "rule": "ai", "confidence": null, "params": {"residual": 8}}
{"timestamp": "2026-09-04T11:23:51.243462+00:00", "event": "DECISION_ESCALATED", "status": "ESCALATED_TO_HUMAN", "rule": "heuristic", "confidence": 0.2, "params": {"txn_id": "TXN000187", "order_id": "ORD0187", "gateway_paise": 989000, "bank_paise": 944000, "ledger_paise": 989000, "gateway_rupees": 9890.0, "bank_rupees": 9440.0}}
{"timestamp": "2026-09-04T11:23:51.245252+00:00", "event": "DECISION_ESCALATED", "status": "ESCALATED_TO_HUMAN", "rule": "heuristic", "confidence": 0.2, "params": {"txn_id": "TXN000188", "order_id": "ORD0188", "gateway_paise": 701800, "bank_paise": 656800, "ledger_paise": 701800, "gateway_rupees": 7018.0, "bank_rupees": 6568.0}}
{"timestamp": "2026-09-04T11:23:51.247699+00:00", "event": "DECISION_ESCALATED", "status": "ESCALATED_TO_HUMAN", "rule": "heuristic", "confidence": 0.2, "params": {"txn_id": "TXN000189", "order_id": "ORD0189", "gateway_paise": 871500, "bank_paise": 826500, "ledger_paise": 871500, "gateway_rupees": 8715.0, "bank_rupees": 8265.0}}
{"timestamp": "2026-09-04T11:23:51.249433+00:00", "event": "DECISION_ESCALATED", "status": "ESCALATED_TO_HUMAN", "rule": "heuristic", "confidence": 0.2, "params": {"txn_id": "TXN000190", "order_id": "ORD0190", "gateway_paise": 349600, "bank_paise": 304600, "ledger_paise": 349600, "gateway_rupees": 3496.0, "bank_rupees": 3046.0}}
{"timestamp": "2026-09-04T11:23:51.250931+00:00", "event": "DECISION_ESCALATED", "status": "ESCALATED_TO_HUMAN", "rule": "heuristic", "confidence": 0.2, "params": {"txn_id": "TXN000193", "order_id": "ORD0193", "gateway_paise": 533000, "bank_paise": 488000, "ledger_paise": 533000, "gateway_rupees": 5330.0, "bank_rupees": 4880.0}}
{"timestamp": "2026-09-04T11:23:51.252492+00:00", "event": "DECISION_ESCALATED", "status": "ESCALATED_TO_HUMAN", "rule": "heuristic", "confidence": 0.2, "params": {"txn_id": "TXN000194", "order_id": "ORD0194", "gateway_paise": 30200, "bank_paise": -14800, "ledger_paise": 30200, "gateway_rupees": 302.0, "bank_rupees": -148.0}}
{"timestamp": "2026-09-04T11:23:51.257872+00:00", "event": "DECISION_ESCALATED", "status": "ESCALATED_TO_HUMAN", "rule": "heuristic", "confidence": 0.2, "params": {"txn_id": "TXN000199", "order_id": "ORD0199", "gateway_paise": 732900, "bank_paise": 687900, "ledger_paise": 732900, "gateway_rupees": 7329.0, "bank_rupees": 6879.0}}
{"timestamp": "2026-09-04T11:23:51.259908+00:00", "event": "DECISION_ESCALATED", "status": "ESCALATED_TO_HUMAN", "rule": "heuristic", "confidence": 0.2, "params": {"txn_id": "TXN000200", "order_id": "ORD0200", "gateway_paise": 510600, "bank_paise": 465600, "ledger_paise": 510600, "gateway_rupees": 5106.0, "bank_rupees": 4656.0}}
{"timestamp": "2026-09-04T11:23:51.262877+00:00", "event": "BATCH_COMPLETE", "status": "OK", "rule": "engine", "confidence": null, "params": {"total_gateway": 200, "total_bank": 200, "total_ledger": 200, "matched_exact_pass1": 158, "matched_fee_pass2": 34, "matched_ai_pass3": 0, "total_matched": 192, "unresolved_count": 8, "match_rate_pct": 96.0, "elapsed_sec": 0.268, "throughput_rec_sec": 716.44, "precision_pct": 100.0, "ai_settled": 0, "ai_escalated": 8}}
{"timestamp": "2026-09-04T11:23:51.385002+00:00", "event": "BATCH_START", "status": "OK", "rule": "engine", "confidence": null, "params": {"gateway": 500, "bank": 500, "ledger": 500}}
{"timestamp": "2026-09-04T11:23:51.490133+00:00", "event": "ROWS_MATCHED", "status": "OK", "rule": "PASS1_EXACT", "confidence": 1.0, "params": {"txn_id": "TXN000001", "order_id": "ORD0001", "amount_paise": 1062600}}
{"timestamp": "2026-09-04T11:23:51.492019+00:00", "event": "ROWS_MATCHED", "status": "OK", "rule": "PASS1_EXACT", "confidence": 1.0, "params": {"txn_id": "TXN000002", "order_id": "ORD0002", "amount_paise": 55900}}
{"timestamp": "2026-09-04T11:23:51.493546+00:00", "event": "ROWS_MATCHED", "status": "OK", "rule": "PASS1_EXACT", "confidence": 1.0, "params": {"txn_id": "TXN000003", "order_id": "ORD0003", "amount_paise": 465600}}
{"timestamp": "2026-09-04T11:23:51.495324+00:00", "event": "ROWS_MATCHED", "status": "OK", "rule": "PASS1_EXACT", "confidence": 1.0, "params": {"txn_id": "TXN000004", "order_id": "ORD0004", "amount_paise": 380700}}
{"timestamp": "2026-09-04T11:23:51.496378+00:00", "event": "ROWS_MATCHED", "status": "OK", "rule": "PASS1_EXACT", "confidence": 1.0, "params": {"txn_id": "TXN000005", "order_id": "ORD0005", "amount_paise": 1221600}}
{"timestamp": "2026-09-04T11:23:51.497578+00:00", "event": "ROWS_MATCHED", "status": "OK", "rule": "PASS1_EXACT", "confidence": 1.0, "params": {"txn_id": "TXN000006", "order_id": "ORD0006", "amount_paise": 1123700}}
{"timestamp": "2026-09-04T11:23:51.498665+00:00", "event": "ROWS_MATCHED", "status": "OK", "rule": "PASS1_EXACT", "confidence": 1.0, "params": {"txn_id": "TXN000007", "order_id": "ORD0007", "amount_paise": 1476700}}
{"timestamp": "2026-09-04T11:23:51.499669+00:00", "event": "ROWS_MATCHED", "status": "OK", "rule": "PASS1_EXACT", "confidence": 1.0, "params": {"txn_id": "TXN000008", "order_id": "ORD0008", "amount_paise": 157400}}
{"timestamp": "2026-09-04T11:23:51.500767+00:00", "event": "ROWS_MATCHED", "status": "OK", "rule": "PASS1_EXACT", "confidence": 1.0, "params": {"txn_id": "TXN000009", "order_id": "ORD0009", "amount_paise": 706200}}
{"timestamp": "2026-09-04T11:23:51.501780+00:00", "event": "ROWS_MATCHED", "status": "OK", "rule": "PASS1_EXACT", "confidence": 1.0, "params": {"txn_id": "TXN000010", "order_id": "ORD0010", "amount_paise": 63800}}
{"timestamp": "2026-09-04T11:23:51.502982+00:00", "event": "ROWS_MATCHED", "status": "OK", "rule": "PASS1_EXACT", "confidence": 1.0, "params": {"txn_id": "TXN000011", "order_id": "ORD0011", "amount_paise": 373200}}
{"timestamp": "2026-09-04T11:23:51.503898+00:00", "event": "ROWS_MATCHED", "status": "OK", "rule": "PASS1_EXACT", "confidence": 1.0, "params": {"txn_id": "TXN000012", "order_id": "ORD0012", "amount_paise": 842900}}
{"timestamp": "2026-09-04T11:23:51.504637+00:00", "event": "ROWS_MATCHED", "status": "OK", "rule": "PASS1_EXACT", "confidence": 1.0, "params": {"txn_id": "TXN000013", "order_id": "ORD0013", "amount_paise": 58400}}
{"timestamp": "2026-09-04T11:23:51.505492+00:00", "event": "ROWS_MATCHED", "status": "OK", "rule": "PASS1_EXACT", "confidence": 1.0, "params": {"txn_id": "TXN000014", "order_id": "ORD0014", "amount_paise": 340700}}
{"timestamp": "2026-09-04T11:23:51.506765+00:00", "event": "ROWS_MATCHED", "status": "OK", "rule": "PASS1_EXACT", "confidence": 1.0, "params": {"txn_id": "TXN000015", "order_id": "ORD0015", "amount_paise": 1079700}}
{"timestamp": "2026-09-04T11:23:51.507927+00:00", "event": "ROWS_MATCHED", "status": "OK", "rule": "PASS1_EXACT", "confidence": 1.0, "params": {"txn_id": "TXN000016", "order_id": "ORD0016", "amount_paise": 907800}}
{"timestamp": "2026-09-04T11:23:51.509235+00:00", "event": "ROWS_MATCHED", "status": "OK", "rule": "PASS1_EXACT", "confidence": 1.0, "params": {"txn_id": "TXN000017", "order_id": "ORD0017", "amount_paise": 376100}}
{"timestamp": "2026-09-04T11:23:51.510297+00:00", "event": "ROWS_MATCHED", "status": "OK", "rule": "PASS1_EXACT", "confidence": 1.0, "params": {"txn_id": "TXN000018", "order_id": "ORD0018", "amount_paise": 980400}}
{"timestamp": "2026-09-04T11:23:51.511750+00:00", "event": "ROWS_MATCHED", "status": "OK", "rule": "PASS1_EXACT", "confidence": 1.0, "params": {"txn_id": "TXN000019", "order_id": "ORD0019", "amount_paise": 1341100}}
{"timestamp": "2026-09-04T11:23:51.513472+00:00", "event": "ROWS_MATCHED", "status": "OK", "rule": "PASS1_EXACT", "confidence": 1.0, "params": {"txn_id": "TXN000020", "order_id": "ORD0020", "amount_paise": 25600}}
{"timestamp": "2026-09-04T11:23:51.514704+00:00", "event": "ROWS_MATCHED", "status": "OK", "rule": "PASS1_EXACT", "confidence": 1.0, "params": {"txn_id": "TXN000021", "order_id": "ORD0021", "amount_paise": 1335200}}
{"timestamp": "2026-09-04T11:23:51.516247+00:00", "event": "ROWS_MATCHED", "status": "OK", "rule": "PASS1_EXACT", "confidence": 1.0, "params": {"txn_id": "TXN000022", "order_id": "ORD0022", "amount_paise": 1158800}}
{"timestamp": "2026-09-04T11:23:51.517199+00:00", "event": "ROWS_MATCHED", "status": "OK", "rule": "PASS1_EXACT", "confidence": 1.0, "params": {"txn_id": "TXN000023", "order_id": "ORD0023", "amount_paise": 572400}}
{"timestamp": "2026-09-04T11:23:51.518461+00:00", "event": "ROWS_MATCHED", "status": "OK", "rule": "PASS1_EXACT", "confidence": 1.0, "params": {"txn_id": "TXN000024", "order_id": "ORD0024", "amount_paise": 269700}}
{"timestamp": "2026-09-04T11:23:51.519683+00:00", "event": "ROWS_MATCHED", "status": "OK", "rule": "PASS1_EXACT", "confidence": 1.0, "params": {"txn_id": "TXN000025", "order_id": "ORD0025", "amount_paise": 1265900}}
{"timestamp": "2026-09-04T11:23:51.520737+00:00", "event": "ROWS_MATCHED", "status": "OK", "rule": "PASS1_EXACT", "confidence": 1.0, "params": {"txn_id": "TXN000026", "order_id": "ORD0026", "amount_paise": 182400}}
{"timestamp": "2026-09-04T11:23:51.521764+00:00", "event": "ROWS_MATCHED", "status": "OK", "rule": "PASS1_EXACT", "confidence": 1.0, "params": {"txn_id": "TXN000027", "order_id": "ORD0027", "amount_paise": 637400}}
{"timestamp": "2026-09-04T11:23:51.522876+00:00", "event": "ROWS_MATCHED", "status": "OK", "rule": "PASS1_EXACT", "confidence": 1.0, "params": {"txn_id": "TXN000028", "order_id": "ORD0028", "amount_paise": 603100}}
{"timestamp": "2026-09-04T11:23:51.523695+00:00", "event": "ROWS_MATCHED", "status": "OK", "rule": "PASS1_EXACT", "confidence": 1.0, "params": {"txn_id": "TXN000029", "order_id": "ORD0029", "amount_paise": 578500}}
{"timestamp": "2026-09-04T11:23:51.524475+00:00", "event": "ROWS_MATCHED", "status": "OK", "rule": "PASS1_EXACT", "confidence": 1.0, "params": {"txn_id": "TXN000030", "order_id": "ORD0030", "amount_paise": 448300}}
{"timestamp": "2026-09-04T11:23:51.525229+00:00", "event": "ROWS_MATCHED", "status": "OK", "rule": "PASS1_EXACT", "confidence": 1.0, "params": {"txn_id": "TXN000031", "order_id": "ORD0031", "amount_paise": 86100}}
{"timestamp": "2026-09-04T11:23:51.525930+00:00", "event": "ROWS_MATCHED", "status": "OK", "rule": "PASS1_EXACT", "confidence": 1.0, "params": {"txn_id": "TXN000032", "order_id": "ORD0032", "amount_paise": 767700}}
{"timestamp": "2026-09-04T11:23:51.526614+00:00", "event": "ROWS_MATCHED", "status": "OK", "rule": "PASS1_EXACT", "confidence": 1.0, "params": {"txn_id": "TXN000033", "order_id": "ORD0033", "amount_paise": 219500}}
{"timestamp": "2026-09-04T11:23:51.527322+00:00", "event": "ROWS_MATCHED", "status": "OK", "rule": "PASS1_EXACT", "confidence": 1.0, "params": {"txn_id": "TXN000034", "order_id": "ORD0034", "amount_paise": 635100}}
{"timestamp": "2026-09-04T11:23:51.528019+00:00", "event": "ROWS_MATCHED", "status": "OK", "rule": "PASS1_EXACT", "confidence": 1.0, "params": {"txn_id": "TXN000035", "order_id": "ORD0035", "amount_paise": 919400}}
{"timestamp": "2026-09-04T11:23:51.528790+00:00", "event": "ROWS_MATCHED", "status": "OK", "rule": "PASS1_EXACT", "confidence": 1.0, "params": {"txn_id": "TXN000036", "order_id": "ORD0036", "amount_paise": 1373800}}
{"timestamp": "2026-09-04T11:23:51.529563+00:00", "event": "ROWS_MATCHED", "status": "OK", "rule": "PASS1_EXACT", "confidence": 1.0, "params": {"txn_id": "TXN000037", "order_id": "ORD0037", "amount_paise": 1028300}}
{"timestamp": "2026-09-04T11:23:51.530272+00:00", "event": "ROWS_MATCHED", "status": "OK", "rule": "PASS1_EXACT", "confidence": 1.0, "params": {"txn_id": "TXN000038", "order_id": "ORD0038", "amount_paise": 1426800}}
{"timestamp": "2026-09-04T11:23:51.530926+00:00", "event": "ROWS_MATCHED", "status": "OK", "rule": "PASS1_EXACT", "confidence": 1.0, "params": {"txn_id": "TXN000039", "order_id": "ORD0039", "amount_paise": 960900}}
{"timestamp": "2026-09-04T11:23:51.531554+00:00", "event": "ROWS_MATCHED", "status": "OK", "rule": "PASS1_EXACT", "confidence": 1.0, "params": {"txn_id": "TXN000040", "order_id": "ORD0040", "amount_paise": 1169300}}
{"timestamp": "2026-09-04T11:23:51.532149+00:00", "event": "ROWS_MATCHED", "status": "OK", "rule": "PASS1_EXACT", "confidence": 1.0, "params": {"txn_id": "TXN000041", "order_id": "ORD0041", "amount_paise": 90000}}
{"timestamp": "2026-09-04T11:23:51.532707+00:00", "event": "ROWS_MATCHED", "status": "OK", "rule": "PASS1_EXACT", "confidence": 1.0, "params": {"txn_id": "TXN000042", "order_id": "ORD0042", "amount_paise": 388300}}
{"timestamp": "2026-09-04T11:23:51.533324+00:00", "event": "ROWS_MATCHED", "status": "OK", "rule": "PASS1_EXACT", "confidence": 1.0, "params": {"txn_id": "TXN000043", "order_id": "ORD0043", "amount_paise": 489100}}
{"timestamp": "2026-09-04T11:23:51.534218+00:00", "event": "ROWS_MATCHED", "status": "OK", "rule": "PASS1_EXACT", "confidence": 1.0, "params": {"txn_id": "TXN000044", "order_id": "ORD0044", "amount_paise": 1416300}}
{"timestamp": "2026-09-04T11:23:51.534982+00:00", "event": "ROWS_MATCHED", "status": "OK", "rule": "PASS1_EXACT", "confidence": 1.0, "params": {"txn_id": "TXN000045", "order_id": "ORD0045", "amount_paise": 1434600}}
{"timestamp": "2026-09-04T11:23:51.535604+00:00", "event": "ROWS_MATCHED", "status": "OK", "rule": "PASS1_EXACT", "confidence": 1.0, "params": {"txn_id": "TXN000046", "order_id": "ORD0046", "amount_paise": 637700}}
{"timestamp": "2026-09-04T11:23:51.536152+00:00", "event": "ROWS_MATCHED", "status": "OK", "rule": "PASS1_EXACT", "confidence": 1.0, "params": {"txn_id": "TXN000047", "order_id": "ORD0047", "amount_paise": 757800}}
{"timestamp": "2026-09-04T11:23:51.536981+00:00", "event": "ROWS_MATCHED", "status": "OK", "rule": "PASS1_EXACT", "confidence": 1.0, "params": {"txn_id": "TXN000048", "order_id": "ORD0048", "amount_paise": 1381600}}
{"timestamp": "2026-09-04T11:23:51.537862+00:00", "event": "ROWS_MATCHED", "status": "OK", "rule": "PASS1_EXACT", "confidence": 1.0, "params": {"txn_id": "TXN000049", "order_id": "ORD0049", "amount_paise": 281400}}
{"timestamp": "2026-09-04T11:23:51.538637+00:00", "event": "ROWS_MATCHED", "status": "OK", "rule": "PASS1_EXACT", "confidence": 1.0, "params": {"txn_id": "TXN000050", "order_id": "ORD0050", "amount_paise": 597000}}
{"timestamp": "2026-09-04T11:23:51.539251+00:00", "event": "ROWS_MATCHED", "status": "OK", "rule": "PASS1_EXACT", "confidence": 1.0, "params": {"txn_id": "TXN000051", "order_id": "ORD0051", "amount_paise": 1113000}}
{"timestamp": "2026-09-04T11:23:51.539818+00:00", "event": "ROWS_MATCHED", "status": "OK", "rule": "PASS1_EXACT", "confidence": 1.0, "params": {"txn_id": "TXN000052", "order_id": "ORD0052", "amount_paise": 1164800}}
{"timestamp": "2026-09-04T11:23:51.540254+00:00", "event": "ROWS_MATCHED", "status": "OK", "rule": "PASS1_EXACT", "confidence": 1.0, "params": {"txn_id": "TXN000053", "order_id": "ORD0053", "amount_paise": 1076700}}
{"timestamp": "2026-09-04T11:23:51.540705+00:00", "event": "ROWS_MATCHED", "status": "OK", "rule": "PASS1_EXACT", "confidence": 1.0, "params": {"txn_id": "TXN000054", "order_id": "ORD0054", "amount_paise": 1013000}}
{"timestamp": "2026-09-04T11:23:51.541181+00:00", "event": "ROWS_MATCHED", "status": "OK", "rule": "PASS1_EXACT", "confidence": 1.0, "params": {"txn_id": "TXN000055", "order_id": "ORD0055", "amount_paise": 295300}}
{"timestamp": "2026-09-04T11:23:51.541878+00:00", "event": "ROWS_MATCHED", "status": "OK", "rule": "PASS1_EXACT", "confidence": 1.0, "params": {"txn_id": "TXN000056", "order_id": "ORD0056", "amount_paise": 1209600}}
{"timestamp": "2026-09-04T11:23:51.542404+00:00", "event": "ROWS_MATCHED", "status": "OK", "rule": "PASS1_EXACT", "confidence": 1.0, "params": {"txn_id": "TXN000057", "order_id": "ORD0057", "amount_paise": 282700}}
{"timestamp": "2026-09-04T11:23:51.542815+00:00", "event": "ROWS_MATCHED", "status": "OK", "rule": "PASS1_EXACT", "confidence": 1.0, "params": {"txn_id": "TXN000058", "order_id": "ORD0058", "amount_paise": 636600}}
{"timestamp": "2026-09-04T11:23:51.543203+00:00", "event": "ROWS_MATCHED", "status": "OK", "rule": "PASS1_EXACT", "confidence": 1.0, "params": {"txn_id": "TXN000059", "order_id": "ORD0059", "amount_paise": 1063500}}
{"timestamp": "2026-09-04T11:23:51.543572+00:00", "event": "ROWS_MATCHED", "status": "OK", "rule": "PASS1_EXACT", "confidence": 1.0, "params": {"txn_id": "TXN000060", "order_id": "ORD0060", "amount_paise": 927500}}
{"timestamp": "2026-09-04T11:23:51.544048+00:00", "event": "ROWS_MATCHED", "status": "OK", "rule": "PASS1_EXACT", "confidence": 1.0, "params": {"txn_id": "TXN000061", "order_id": "ORD0061", "amount_paise": 1136600}}
{"timestamp": "2026-09-04T11:23:51.544585+00:00", "event": "ROWS_MATCHED", "status": "OK", "rule": "PASS1_EXACT", "confidence": 1.0, "params": {"txn_id": "TXN000062", "order_id": "ORD0062", "amount_paise": 1395900}}
{"timestamp": "2026-09-04T11:23:51.545125+00:00", "event": "ROWS_MATCHED", "status": "OK", "rule": "PASS1_EXACT", "confidence": 1.0, "params": {"txn_id": "TXN000063", "order_id": "ORD0063", "amount_paise": 1286300}}
{"timestamp": "2026-09-04T11:23:51.545635+00:00", "event": "ROWS_MATCHED", "status": "OK", "rule": "PASS1_EXACT", "confidence": 1.0, "params": {"txn_id": "TXN000064", "order_id": "ORD0064", "amount_paise": 390200}}
{"timestamp": "2026-09-04T11:23:51.546317+00:00", "event": "ROWS_MATCHED", "status": "OK", "rule": "PASS1_EXACT", "confidence": 1.0, "params": {"txn_id": "TXN000065", "order_id": "ORD0065", "amount_paise": 67500}}
{"timestamp": "2026-09-04T11:23:51.547200+00:00", "event": "ROWS_MATCHED", "status": "OK", "rule": "PASS1_EXACT", "confidence": 1.0, "params": {"txn_id": "TXN000066", "order_id": "ORD0066", "amount_paise": 531800}}
{"timestamp": "2026-09-04T11:23:51.548120+00:00", "event": "ROWS_MATCHED", "status": "OK", "rule": "PASS1_EXACT", "confidence": 1.0, "params": {"txn_id": "TXN000067", "order_id": "ORD0067", "amount_paise": 453600}}
{"timestamp": "2026-09-04T11:23:51.549083+00:00", "event": "ROWS_MATCHED", "status": "OK", "rule": "PASS1_EXACT", "confidence": 1.0, "params": {"txn_id": "TXN000068", "order_id": "ORD0068", "amount_paise": 360600}}
{"timestamp": "2026-09-04T11:23:51.550506+00:00", "event": "ROWS_MATCHED", "status": "OK", "rule": "PASS1_EXACT", "confidence": 1.0, "params": {"txn_id": "TXN000069", "order_id": "ORD0069", "amount_paise": 944200}}
{"timestamp": "2026-09-04T11:23:51.551415+00:00", "event": "ROWS_MATCHED", "status": "OK", "rule": "PASS1_EXACT", "confidence": 1.0, "params": {"txn_id": "TXN000070", "order_id": "ORD0070", "amount_paise": 1191200}}
{"timestamp": "2026-09-04T11:23:51.552007+00:00", "event": "ROWS_MATCHED", "status": "OK", "rule": "PASS1_EXACT", "confidence": 1.0, "params": {"txn_id": "TXN000071", "order_id": "ORD0071", "amount_paise": 363300}}
{"timestamp": "2026-09-04T11:23:51.552569+00:00", "event": "ROWS_MATCHED", "status": "OK", "rule": "PASS1_EXACT", "confidence": 1.0, "params": {"txn_id": "TXN000072", "order_id": "ORD0072", "amount_paise": 832900}}
{"timestamp": "2026-09-04T11:23:51.553145+00:00", "event": "ROWS_MATCHED", "status": "OK", "rule": "PASS1_EXACT", "confidence": 1.0, "params": {"txn_id": "TXN000073", "order_id": "ORD0073", "amount_paise": 1464400}}
{"timestamp": "2026-09-04T11:23:51.553572+00:00", "event": "ROWS_MATCHED", "status": "OK", "rule": "PASS1_EXACT", "confidence": 1.0, "params": {"txn_id": "TXN000074", "order_id": "ORD0074", "amount_paise": 1068200}}
{"timestamp": "2026-09-04T11:23:51.553872+00:00", "event": "ROWS_MATCHED", "status": "OK", "rule": "PASS1_EXACT", "confidence": 1.0, "params": {"txn_id": "TXN000075", "order_id": "ORD0075", "amount_paise": 249000}}
{"timestamp": "2026-09-04T11:23:51.554177+00:00", "event": "ROWS_MATCHED", "status": "OK", "rule": "PASS1_EXACT", "confidence": 1.0, "params": {"txn_id": "TXN000076", "order_id": "ORD0076", "amount_paise": 243700}}
{"timestamp": "2026-09-04T11:23:51.554557+00:00", "event": "ROWS_MATCHED", "status": "OK", "rule": "PASS1_EXACT", "confidence": 1.0, "params": {"txn_id": "TXN000077", "order_id": "ORD0077", "amount_paise": 1235500}}
{"timestamp": "2026-09-04T11:23:51.554985+00:00", "event": "ROWS_MATCHED", "status": "OK", "rule": "PASS1_EXACT", "confidence": 1.0, "params": {"txn_id": "TXN000078", "order_id": "ORD0078", "amount_paise": 898000}}
{"timestamp": "2026-09-04T11:23:51.555370+00:00", "event": "ROWS_MATCHED", "status": "OK", "rule": "PASS1_EXACT", "confidence": 1.0, "params": {"txn_id": "TXN000079", "order_id": "ORD0079", "amount_paise": 1238900}}
{"timestamp": "2026-09-04T11:23:51.555769+00:00", "event": "ROWS_MATCHED", "status": "OK", "rule": "PASS1_EXACT", "confidence": 1.0, "params": {"txn_id": "TXN000080", "order_id": "ORD0080", "amount_paise": 716900}}
{"timestamp": "2026-09-04T11:23:51.556294+00:00", "event": "ROWS_MATCHED", "status": "OK", "rule": "PASS1_EXACT", "confidence": 1.0, "params": {"txn_id": "TXN000081", "order_id": "ORD0081", "amount_paise": 971000}}
{"timestamp": "2026-09-04T11:23:51.557053+00:00", "event": "ROWS_MATCHED", "status": "OK", "rule": "PASS1_EXACT", "confidence": 1.0, "params": {"txn_id": "TXN000082", "order_id": "ORD0082", "amount_paise": 608000}}
{"timestamp": "2026-09-04T11:23:51.557683+00:00", "event": "ROWS_MATCHED", "status": "OK", "rule": "PASS1_EXACT", "confidence": 1.0, "params": {"txn_id": "TXN000083", "order_id": "ORD0083", "amount_paise": 241600}}
{"timestamp": "2026-09-04T11:23:51.558293+00:00", "event": "ROWS_MATCHED", "status": "OK", "rule": "PASS1_EXACT", "confidence": 1.0, "params": {"txn_id": "TXN000084", "order_id": "ORD0084", "amount_paise": 823500}}
{"timestamp": "2026-09-04T11:23:51.558856+00:00", "event": "ROWS_MATCHED", "status": "OK", "rule": "PASS1_EXACT", "confidence": 1.0, "params": {"txn_id": "TXN000085", "order_id": "ORD0085", "amount_paise": 1253200}}
{"timestamp": "2026-09-04T11:23:51.559414+00:00", "event": "ROWS_MATCHED", "status": "OK", "rule": "PASS1_EXACT", "confidence": 1.0, "params": {"txn_id": "TXN000086", "order_id": "ORD0086", "amount_paise": 1425800}}
{"timestamp": "2026-09-04T11:23:51.559916+00:00", "event": "ROWS_MATCHED", "status": "OK", "rule": "PASS1_EXACT", "confidence": 1.0, "params": {"txn_id": "TXN000087", "order_id": "ORD0087", "amount_paise": 265400}}
{"timestamp": "2026-09-04T11:23:51.560533+00:00", "event": "ROWS_MATCHED", "status": "OK", "rule": "PASS1_EXACT", "confidence": 1.0, "params": {"txn_id": "TXN000088", "order_id": "ORD0088", "amount_paise": 277100}}
{"timestamp": "2026-09-04T11:23:51.561130+00:00", "event": "ROWS_MATCHED", "status": "OK", "rule": "PASS1_EXACT", "confidence": 1.0, "params": {"txn_id": "TXN000089", "order_id": "ORD0089", "amount_paise": 1129900}}
{"timestamp": "2026-09-04T11:23:51.561817+00:00", "event": "ROWS_MATCHED", "status": "OK", "rule": "PASS1_EXACT", "confidence": 1.0, "params": {"txn_id": "TXN000090", "order_id": "ORD0090", "amount_paise": 992100}}
{"timestamp": "2026-09-04T11:23:51.562550+00:00", "event": "ROWS_MATCHED", "status": "OK", "rule": "PASS1_EXACT", "confidence": 1.0, "params": {"txn_id": "TXN000091", "order_id": "ORD0091", "amount_paise": 645400}}
{"timestamp": "2026-09-04T11:23:51.563362+00:00", "event": "ROWS_MATCHED", "status": "OK", "rule": "PASS1_EXACT", "confidence": 1.0, "params": {"txn_id": "TXN000092", "order_id": "ORD0092", "amount_paise": 991300}}
{"timestamp": "2026-09-04T11:23:51.563979+00:00", "event": "ROWS_MATCHED", "status": "OK", "rule": "PASS1_EXACT", "confidence": 1.0, "params": {"txn_id": "TXN000093", "order_id": "ORD0093", "amount_paise": 881900}}
{"timestamp": "2026-09-04T11:23:51.564572+00:00", "event": "ROWS_MATCHED", "status": "OK", "rule": "PASS1_EXACT", "confidence": 1.0, "params": {"txn_id": "TXN000094", "order_id": "ORD0094", "amount_paise": 921400}}
{"timestamp": "2026-09-04T11:23:51.565175+00:00", "event": "ROWS_MATCHED", "status": "OK", "rule": "PASS1_EXACT", "confidence": 1.0, "params": {"txn_id": "TXN000095", "order_id": "ORD0095", "amount_paise": 33800}}
{"timestamp": "2026-09-04T11:23:51.565666+00:00", "event": "ROWS_MATCHED", "status": "OK", "rule": "PASS1_EXACT", "confidence": 1.0, "params": {"txn_id": "TXN000096", "order_id": "ORD0096", "amount_paise": 1195800}}
{"timestamp": "2026-09-04T11:23:51.566265+00:00", "event": "ROWS_MATCHED", "status": "OK", "rule": "PASS1_EXACT", "confidence": 1.0, "params": {"txn_id": "TXN000097", "order_id": "ORD0097", "amount_paise": 1131900}}
{"timestamp": "2026-09-04T11:23:51.566737+00:00", "event": "ROWS_MATCHED", "status": "OK", "rule": "PASS1_EXACT", "confidence": 1.0, "params": {"txn_id": "TXN000098", "order_id": "ORD0098", "amount_paise": 894700}}
{"timestamp": "2026-09-04T11:23:51.567214+00:00", "event": "ROWS_MATCHED", "status": "OK", "rule": "PASS1_EXACT", "confidence": 1.0, "params": {"txn_id": "TXN000099", "order_id": "ORD0099", "amount_paise": 452100}}
{"timestamp": "2026-09-04T11:23:51.567707+00:00", "event": "ROWS_MATCHED", "status": "OK", "rule": "PASS1_EXACT", "confidence": 1.0, "params": {"txn_id": "TXN000100", "order_id": "ORD0100", "amount_paise": 1065100}}
{"timestamp": "2026-09-04T11:23:51.568124+00:00", "event": "ROWS_MATCHED", "status": "OK", "rule": "PASS1_EXACT", "confidence": 1.0, "params": {"txn_id": "TXN000101", "order_id": "ORD0101", "amount_paise": 197700}}
{"timestamp": "2026-09-04T11:23:51.568569+00:00", "event": "ROWS_MATCHED", "status": "OK", "rule": "PASS1_EXACT", "confidence": 1.0, "params": {"txn_id": "TXN000102", "order_id": "ORD0102", "amount_paise": 727300}}
{"timestamp": "2026-09-04T11:23:51.568957+00:00", "event": "ROWS_MATCHED", "status": "OK", "rule": "PASS1_EXACT", "confidence": 1.0, "params": {"txn_id": "TXN000103", "order_id": "ORD0103", "amount_paise": 758300}}
{"timestamp": "2026-09-04T11:23:51.569378+00:00", "event": "ROWS_MATCHED", "status": "OK", "rule": "PASS1_EXACT", "confidence": 1.0, "params": {"txn_id": "TXN000104", "order_id": "ORD0104", "amount_paise": 1198000}}
{"timestamp": "2026-09-04T11:23:51.569832+00:00", "event": "ROWS_MATCHED", "status": "OK", "rule": "PASS1_EXACT", "confidence": 1.0, "params": {"txn_id": "TXN000105", "order_id": "ORD0105", "amount_paise": 1194100}}
{"timestamp": "2026-09-04T11:23:51.570323+00:00", "event": "ROWS_MATCHED", "status": "OK", "rule": "PASS1_EXACT", "confidence": 1.0, "params": {"txn_id": "TXN000106", "order_id": "ORD0106", "amount_paise": 835100}}
{"timestamp": "2026-09-04T11:23:51.570874+00:00", "event": "ROWS_MATCHED", "status": "OK", "rule": "PASS1_EXACT", "confidence": 1.0, "params": {"txn_id": "TXN000107", "order_id": "ORD0107", "amount_paise": 307700}}
{"timestamp": "2026-09-04T11:23:51.571299+00:00", "event": "ROWS_MATCHED", "status": "OK", "rule": "PASS1_EXACT", "confidence": 1.0, "params": {"txn_id": "TXN000108", "order_id": "ORD0108", "amount_paise": 189300}}
{"timestamp": "2026-09-04T11:23:51.571706+00:00", "event": "ROWS_MATCHED", "status": "OK", "rule": "PASS1_EXACT", "confidence": 1.0, "params": {"txn_id": "TXN000109", "order_id": "ORD0109", "amount_paise": 1039400}}
{"timestamp": "2026-09-04T11:23:51.572104+00:00", "event": "ROWS_MATCHED", "status": "OK", "rule": "PASS1_EXACT", "confidence": 1.0, "params": {"txn_id": "TXN000110", "order_id": "ORD0110", "amount_paise": 1393900}}
{"timestamp": "2026-09-04T11:23:51.572567+00:00", "event": "ROWS_MATCHED", "status": "OK", "rule": "PASS1_EXACT", "confidence": 1.0, "params": {"txn_id": "TXN000111", "order_id": "ORD0111", "amount_paise": 846700}}
{"timestamp": "2026-09-04T11:23:51.572998+00:00", "event": "ROWS_MATCHED", "status": "OK", "rule": "PASS1_EXACT", "confidence": 1.0, "params": {"txn_id": "TXN000112", "order_id": "ORD0112", "amount_paise": 340800}}
{"timestamp": "2026-09-04T11:23:51.573400+00:00", "event": "ROWS_MATCHED", "status": "OK", "rule": "PASS1_EXACT", "confidence": 1.0, "params": {"txn_id": "TXN000113", "order_id": "ORD0113", "amount_paise": 627600}}
{"timestamp": "2026-09-04T11:23:51.573816+00:00", "event": "ROWS_MATCHED", "status": "OK", "rule": "PASS1_EXACT", "confidence": 1.0, "params": {"txn_id": "TXN000114", "order_id": "ORD0114", "amount_paise": 279600}}
{"timestamp": "2026-09-04T11:23:51.574347+00:00", "event": "ROWS_MATCHED", "status": "OK", "rule": "PASS1_EXACT", "confidence": 1.0, "params": {"txn_id": "TXN000115", "order_id": "ORD0115", "amount_paise": 1290700}}
{"timestamp": "2026-09-04T11:23:51.574766+00:00", "event": "ROWS_MATCHED", "status": "OK", "rule": "PASS1_EXACT", "confidence": 1.0, "params": {"txn_id": "TXN000116", "order_id": "ORD0116", "amount_paise": 883900}}
{"timestamp": "2026-09-04T11:23:51.575144+00:00", "event": "ROWS_MATCHED", "status": "OK", "rule": "PASS1_EXACT", "confidence": 1.0, "params": {"txn_id": "TXN000117", "order_id": "ORD0117", "amount_paise": 15900}}
{"timestamp": "2026-09-04T11:23:51.575505+00:00", "event": "ROWS_MATCHED", "status": "OK", "rule": "PASS1_EXACT", "confidence": 1.0, "params": {"txn_id": "TXN000118", "order_id": "ORD0118", "amount_paise": 546000}}
{"timestamp": "2026-09-04T11:23:51.575880+00:00", "event": "ROWS_MATCHED", "status": "OK", "rule": "PASS1_EXACT", "confidence": 1.0, "params": {"txn_id": "TXN000119", "order_id": "ORD0119", "amount_paise": 46900}}
{"timestamp": "2026-09-04T11:23:51.576272+00:00", "event": "ROWS_MATCHED", "status": "OK", "rule": "PASS1_EXACT", "confidence": 1.0, "params": {"txn_id": "TXN000120", "order_id": "ORD0120", "amount_paise": 609700}}
{"timestamp": "2026-09-04T11:23:51.576636+00:00", "event": "ROWS_MATCHED", "status": "OK", "rule": "PASS1_EXACT", "confidence": 1.0, "params": {"txn_id": "TXN000121", "order_id": "ORD0121", "amount_paise": 1377600}}
{"timestamp": "2026-09-04T11:23:51.576972+00:00", "event": "ROWS_MATCHED", "status": "OK", "rule": "PASS1_EXACT", "confidence": 1.0, "params": {"txn_id": "TXN000122", "order_id": "ORD0122", "amount_paise": 518800}}
{"timestamp": "2026-09-04T11:23:51.577353+00:00", "event": "ROWS_MATCHED", "status": "OK", "rule": "PASS1_EXACT", "confidence": 1.0, "params": {"txn_id": "TXN000123", "order_id": "ORD0123", "amount_paise": 109900}}
{"timestamp": "2026-09-04T11:23:51.577814+00:00", "event": "ROWS_MATCHED", "status": "OK", "rule": "PASS1_EXACT", "confidence": 1.0, "params": {"txn_id": "TXN000124", "order_id": "ORD0124", "amount_paise": 1453500}}
{"timestamp": "2026-09-04T11:23:51.578319+00:00", "event": "ROWS_MATCHED", "status": "OK", "rule": "PASS1_EXACT", "confidence": 1.0, "params": {"txn_id": "TXN000125", "order_id": "ORD0125", "amount_paise": 144000}}
{"timestamp": "2026-09-04T11:23:51.578815+00:00", "event": "ROWS_MATCHED", "status": "OK", "rule": "PASS1_EXACT", "confidence": 1.0, "params": {"txn_id": "TXN000126", "order_id": "ORD0126", "amount_paise": 1214100}}
{"timestamp": "2026-09-04T11:23:51.579265+00:00", "event": "ROWS_MATCHED", "status": "OK", "rule": "PASS1_EXACT", "confidence": 1.0, "params": {"txn_id": "TXN000127", "order_id": "ORD0127", "amount_paise": 1351900}}
{"timestamp": "2026-09-04T11:23:51.579764+00:00", "event": "ROWS_MATCHED", "status": "OK", "rule": "PASS1_EXACT", "confidence": 1.0, "params": {"txn_id": "TXN000128", "order_id": "ORD0128", "amount_paise": 1261100}}
{"timestamp": "2026-09-04T11:23:51.580189+00:00", "event": "ROWS_MATCHED", "status": "OK", "rule": "PASS1_EXACT", "confidence": 1.0, "params": {"txn_id": "TXN000129", "order_id": "ORD0129", "amount_paise": 1269700}}
{"timestamp": "2026-09-04T11:23:51.580669+00:00", "event": "ROWS_MATCHED", "status": "OK", "rule": "PASS1_EXACT", "confidence": 1.0, "params": {"txn_id": "TXN000130", "order_id": "ORD0130", "amount_paise": 225300}}
{"timestamp": "2026-09-04T11:23:51.581038+00:00", "event": "ROWS_MATCHED", "status": "OK", "rule": "PASS1_EXACT", "confidence": 1.0, "params": {"txn_id": "TXN000131", "order_id": "ORD0131", "amount_paise": 793700}}
{"timestamp": "2026-09-04T11:23:51.581379+00:00", "event": "ROWS_MATCHED", "status": "OK", "rule": "PASS1_EXACT", "confidence": 1.0, "params": {"txn_id": "TXN000132", "order_id": "ORD0132", "amount_paise": 285500}}
{"timestamp": "2026-09-04T11:23:51.581710+00:00", "event": "ROWS_MATCHED", "status": "OK", "rule": "PASS1_EXACT", "confidence": 1.0, "params": {"txn_id": "TXN000133", "order_id": "ORD0133", "amount_paise": 879500}}
{"timestamp": "2026-09-04T11:23:51.582082+00:00", "event": "ROWS_MATCHED", "status": "OK", "rule": "PASS1_EXACT", "confidence": 1.0, "params": {"txn_id": "TXN000134", "order_id": "ORD0134", "amount_paise": 1008800}}
{"timestamp": "2026-09-04T11:23:51.582513+00:00", "event": "ROWS_MATCHED", "status": "OK", "rule": "PASS1_EXACT", "confidence": 1.0, "params": {"txn_id": "TXN000135", "order_id": "ORD0135", "amount_paise": 362000}}
{"timestamp": "2026-09-04T11:23:51.582869+00:00", "event": "ROWS_MATCHED", "status": "OK", "rule": "PASS1_EXACT", "confidence": 1.0, "params": {"txn_id": "TXN000136", "order_id": "ORD0136", "amount_paise": 1252400}}
{"timestamp": "2026-09-04T11:23:51.583228+00:00", "event": "ROWS_MATCHED", "status": "OK", "rule": "PASS1_EXACT", "confidence": 1.0, "params": {"txn_id": "TXN000137", "order_id": "ORD0137", "amount_paise": 1145200}}
{"timestamp": "2026-09-04T11:23:51.583632+00:00", "event": "ROWS_MATCHED", "status": "OK", "rule": "PASS1_EXACT", "confidence": 1.0, "params": {"txn_id": "TXN000138", "order_id": "ORD0138", "amount_paise": 1183000}}
{"timestamp": "2026-09-04T11:23:51.583975+00:00", "event": "ROWS_MATCHED", "status": "OK", "rule": "PASS1_EXACT", "confidence": 1.0, "params": {"txn_id": "TXN000139", "order_id": "ORD0139", "amount_paise": 668700}}
{"timestamp": "2026-09-04T11:23:51.584566+00:00", "event": "ROWS_MATCHED", "status": "OK", "rule": "PASS1_EXACT", "confidence": 1.0, "params": {"txn_id": "TXN000140", "order_id": "ORD0140", "amount_paise": 1079700}}
{"timestamp": "2026-09-04T11:23:51.585009+00:00", "event": "ROWS_MATCHED", "status": "OK", "rule": "PASS1_EXACT", "confidence": 1.0, "params": {"txn_id": "TXN000141", "order_id": "ORD0141", "amount_paise": 732700}}
{"timestamp": "2026-09-04T11:23:51.585392+00:00", "event": "ROWS_MATCHED", "status": "OK", "rule": "PASS1_EXACT", "confidence": 1.0, "params": {"txn_id": "TXN000142", "order_id": "ORD0142", "amount_paise": 862900}}
{"timestamp": "2026-09-04T11:23:51.585747+00:00", "event": "ROWS_MATCHED", "status": "OK", "rule": "PASS1_EXACT", "confidence": 1.0, "params": {"txn_id": "TXN000143", "order_id": "ORD0143", "amount_paise": 213200}}
{"timestamp": "2026-09-04T11:23:51.586106+00:00", "event": "ROWS_MATCHED", "status": "OK", "rule": "PASS1_EXACT", "confidence": 1.0, "params": {"txn_id": "TXN000144", "order_id": "ORD0144", "amount_paise": 383100}}
{"timestamp": "2026-09-04T11:23:51.586454+00:00", "event": "ROWS_MATCHED", "status": "OK", "rule": "PASS1_EXACT", "confidence": 1.0, "params": {"txn_id": "TXN000145", "order_id": "ORD0145", "amount_paise": 568900}}
{"timestamp": "2026-09-04T11:23:51.586779+00:00", "event": "ROWS_MATCHED", "status": "OK", "rule": "PASS1_EXACT", "confidence": 1.0, "params": {"txn_id": "TXN000146", "order_id": "ORD0146", "amount_paise": 978800}}
{"timestamp": "2026-09-04T11:23:51.587090+00:00", "event": "ROWS_MATCHED", "status": "OK", "rule": "PASS1_EXACT", "confidence": 1.0, "params": {"txn_id": "TXN000147", "order_id": "ORD0147", "amount_paise": 392000}}
{"timestamp": "2026-09-04T11:23:51.587537+00:00", "event": "ROWS_MATCHED", "status": "OK", "rule": "PASS1_EXACT", "confidence": 1.0, "params": {"txn_id": "TXN000148", "order_id": "ORD0148", "amount_paise": 375800}}
{"timestamp": "2026-09-04T11:23:51.587989+00:00", "event": "ROWS_MATCHED", "status": "OK", "rule": "PASS1_EXACT", "confidence": 1.0, "params": {"txn_id": "TXN000149", "order_id": "ORD0149", "amount_paise": 131300}}
{"timestamp": "2026-09-04T11:23:51.588364+00:00", "event": "ROWS_MATCHED", "status": "OK", "rule": "PASS1_EXACT", "confidence": 1.0, "params": {"txn_id": "TXN000150", "order_id": "ORD0150", "amount_paise": 1048900}}
{"timestamp": "2026-09-04T11:23:51.588709+00:00", "event": "ROWS_MATCHED", "status": "OK", "rule": "PASS1_EXACT", "confidence": 1.0, "params": {"txn_id": "TXN000151", "order_id": "ORD0151", "amount_paise": 390000}}
{"timestamp": "2026-09-04T11:23:51.589046+00:00", "event": "ROWS_MATCHED", "status": "OK", "rule": "PASS1_EXACT", "confidence": 1.0, "params": {"txn_id": "TXN000152", "order_id": "ORD0152", "amount_paise": 1498400}}
{"timestamp": "2026-09-04T11:23:51.589417+00:00", "event": "ROWS_MATCHED", "status": "OK", "rule": "PASS1_EXACT", "confidence": 1.0, "params": {"txn_id": "TXN000153", "order_id": "ORD0153", "amount_paise": 1423400}}
{"timestamp": "2026-09-04T11:23:51.589753+00:00", "event": "ROWS_MATCHED", "status": "OK", "rule": "PASS1_EXACT", "confidence": 1.0, "params": {"txn_id": "TXN000154", "order_id": "ORD0154", "amount_paise": 131000}}
{"timestamp": "2026-09-04T11:23:51.590073+00:00", "event": "ROWS_MATCHED", "status": "OK", "rule": "PASS1_EXACT", "confidence": 1.0, "params": {"txn_id": "TXN000155", "order_id": "ORD0155", "amount_paise": 404900}}
{"timestamp": "2026-09-04T11:23:51.590428+00:00", "event": "ROWS_MATCHED", "status": "OK", "rule": "PASS1_EXACT", "confidence": 1.0, "params": {"txn_id": "TXN000156", "order_id": "ORD0156", "amount_paise": 1111000}}
{"timestamp": "2026-09-04T11:23:51.590748+00:00", "event": "ROWS_MATCHED", "status": "OK", "rule": "PASS1_EXACT", "confidence": 1.0, "params": {"txn_id": "TXN000157", "order_id": "ORD0157", "amount_paise": 366000}}
{"timestamp": "2026-09-04T11:23:51.591062+00:00", "event": "ROWS_MATCHED", "status": "OK", "rule": "PASS1_EXACT", "confidence": 1.0, "params": {"txn_id": "TXN000158", "order_id": "ORD0158", "amount_paise": 231700}}
{"timestamp": "2026-09-04T11:23:51.591408+00:00", "event": "ROWS_MATCHED", "status": "OK", "rule": "PASS1_EXACT", "confidence": 1.0, "params": {"txn_id": "TXN000159", "order_id": "ORD0159", "amount_paise": 1460600}}
{"timestamp": "2026-09-04T11:23:51.591725+00:00", "event": "ROWS_MATCHED", "status": "OK", "rule": "PASS1_EXACT", "confidence": 1.0, "params": {"txn_id": "TXN000160", "order_id": "ORD0160", "amount_paise": 959000}}
{"timestamp": "2026-09-04T11:23:51.592064+00:00", "event": "ROWS_MATCHED", "status": "OK", "rule": "PASS1_EXACT", "confidence": 1.0, "params": {"txn_id": "TXN000161", "order_id": "ORD0161", "amount_paise": 413100}}
{"timestamp": "2026-09-04T11:23:51.592401+00:00", "event": "ROWS_MATCHED", "status": "OK", "rule": "PASS1_EXACT", "confidence": 1.0, "params": {"txn_id": "TXN000162", "order_id": "ORD0162", "amount_paise": 789900}}
{"timestamp": "2026-09-04T11:23:51.592731+00:00", "event": "ROWS_MATCHED", "status": "OK", "rule": "PASS1_EXACT", "confidence": 1.0, "params": {"txn_id": "TXN000163", "order_id": "ORD0163", "amount_paise": 681900}}
{"timestamp": "2026-09-04T11:23:51.593158+00:00", "event": "ROWS_MATCHED", "status": "OK", "rule": "PASS1_EXACT", "confidence": 1.0, "params": {"txn_id": "TXN000164", "order_id": "ORD0164", "amount_paise": 169500}}
{"timestamp": "2026-09-04T11:23:51.593642+00:00", "event": "ROWS_MATCHED", "status": "OK", "rule": "PASS1_EXACT", "confidence": 1.0, "params": {"txn_id": "TXN000165", "order_id": "ORD0165", "amount_paise": 1094600}}
{"timestamp": "2026-09-04T11:23:51.594151+00:00", "event": "ROWS_MATCHED", "status": "OK", "rule": "PASS1_EXACT", "confidence": 1.0, "params": {"txn_id": "TXN000166", "order_id": "ORD0166", "amount_paise": 595400}}
{"timestamp": "2026-09-04T11:23:51.594568+00:00", "event": "ROWS_MATCHED", "status": "OK", "rule": "PASS1_EXACT", "confidence": 1.0, "params": {"txn_id": "TXN000167", "order_id": "ORD0167", "amount_paise": 688500}}
{"timestamp": "2026-09-04T11:23:51.595064+00:00", "event": "ROWS_MATCHED", "status": "OK", "rule": "PASS1_EXACT", "confidence": 1.0, "params": {"txn_id": "TXN000168", "order_id": "ORD0168", "amount_paise": 1430300}}
{"timestamp": "2026-09-04T11:23:51.595491+00:00", "event": "ROWS_MATCHED", "status": "OK", "rule": "PASS1_EXACT", "confidence": 1.0, "params": {"txn_id": "TXN000169", "order_id": "ORD0169", "amount_paise": 103700}}
{"timestamp": "2026-09-04T11:23:51.595909+00:00", "event": "ROWS_MATCHED", "status": "OK", "rule": "PASS1_EXACT", "confidence": 1.0, "params": {"txn_id": "TXN000170", "order_id": "ORD0170", "amount_paise": 1085600}}
{"timestamp": "2026-09-04T11:23:51.596972+00:00", "event": "ROWS_MATCHED", "status": "OK", "rule": "PASS1_EXACT", "confidence": 1.0, "params": {"txn_id": "TXN000171", "order_id": "ORD0171", "amount_paise": 176200}}
{"timestamp": "2026-09-04T11:23:51.597565+00:00", "event": "ROWS_MATCHED", "status": "OK", "rule": "PASS1_EXACT", "confidence": 1.0, "params": {"txn_id": "TXN000172", "order_id": "ORD0172", "amount_paise": 674600}}
{"timestamp": "2026-09-04T11:23:51.598048+00:00", "event": "ROWS_MATCHED", "status": "OK", "rule": "PASS1_EXACT", "confidence": 1.0, "params": {"txn_id": "TXN000173", "order_id": "ORD0173", "amount_paise": 570900}}
{"timestamp": "2026-09-04T11:23:51.598505+00:00", "event": "ROWS_MATCHED", "status": "OK", "rule": "PASS1_EXACT", "confidence": 1.0, "params": {"txn_id": "TXN000174", "order_id": "ORD0174", "amount_paise": 1426700}}
{"timestamp": "2026-09-04T11:23:51.599002+00:00", "event": "ROWS_MATCHED", "status": "OK", "rule": "PASS1_EXACT", "confidence": 1.0, "params": {"txn_id": "TXN000175", "order_id": "ORD0175", "amount_paise": 422300}}
{"timestamp": "2026-09-04T11:23:51.599492+00:00", "event": "ROWS_MATCHED", "status": "OK", "rule": "PASS1_EXACT", "confidence": 1.0, "params": {"txn_id": "TXN000176", "order_id": "ORD0176", "amount_paise": 326600}}
{"timestamp": "2026-09-04T11:23:51.599975+00:00", "event": "ROWS_MATCHED", "status": "OK", "rule": "PASS1_EXACT", "confidence": 1.0, "params": {"txn_id": "TXN000177", "order_id": "ORD0177", "amount_paise": 750000}}
{"timestamp": "2026-09-04T11:23:51.600520+00:00", "event": "ROWS_MATCHED", "status": "OK", "rule": "PASS1_EXACT", "confidence": 1.0, "params": {"txn_id": "TXN000178", "order_id": "ORD0178", "amount_paise": 706200}}
{"timestamp": "2026-09-04T11:23:51.601067+00:00", "event": "ROWS_MATCHED", "status": "OK", "rule": "PASS1_EXACT", "confidence": 1.0, "params": {"txn_id": "TXN000179", "order_id": "ORD0179", "amount_paise": 471300}}
{"timestamp": "2026-09-04T11:23:51.601898+00:00", "event": "ROWS_MATCHED", "status": "OK", "rule": "PASS1_EXACT", "confidence": 1.0, "params": {"txn_id": "TXN000180", "order_id": "ORD0180", "amount_paise": 424200}}
{"timestamp": "2026-09-04T11:23:51.602554+00:00", "event": "ROWS_MATCHED", "status": "OK", "rule": "PASS1_EXACT", "confidence": 1.0, "params": {"txn_id": "TXN000181", "order_id": "ORD0181", "amount_paise": 138500}}
{"timestamp": "2026-09-04T11:23:51.603122+00:00", "event": "ROWS_MATCHED", "status": "OK", "rule": "PASS1_EXACT", "confidence": 1.0, "params": {"txn_id": "TXN000182", "order_id": "ORD0182", "amount_paise": 1338800}}
{"timestamp": "2026-09-04T11:23:51.603550+00:00", "event": "ROWS_MATCHED", "status": "OK", "rule": "PASS1_EXACT", "confidence": 1.0, "params": {"txn_id": "TXN000183", "order_id": "ORD0183", "amount_paise": 1417400}}
{"timestamp": "2026-09-04T11:23:51.603915+00:00", "event": "ROWS_MATCHED", "status": "OK", "rule": "PASS1_EXACT", "confidence": 1.0, "params": {"txn_id": "TXN000184", "order_id": "ORD0184", "amount_paise": 175400}}
{"timestamp": "2026-09-04T11:23:51.604328+00:00", "event": "ROWS_MATCHED", "status": "OK", "rule": "PASS1_EXACT", "confidence": 1.0, "params": {"txn_id": "TXN000185", "order_id": "ORD0185", "amount_paise": 1083400}}
{"timestamp": "2026-09-04T11:23:51.604787+00:00", "event": "ROWS_MATCHED", "status": "OK", "rule": "PASS1_EXACT", "confidence": 1.0, "params": {"txn_id": "TXN000186", "order_id": "ORD0186", "amount_paise": 1384700}}
{"timestamp": "2026-09-04T11:23:51.605458+00:00", "event": "ROWS_MATCHED", "status": "OK", "rule": "PASS1_EXACT", "confidence": 1.0, "params": {"txn_id": "TXN000187", "order_id": "ORD0187", "amount_paise": 167800}}
{"timestamp": "2026-09-04T11:23:51.606026+00:00", "event": "ROWS_MATCHED", "status": "OK", "rule": "PASS1_EXACT", "confidence": 1.0, "params": {"txn_id": "TXN000188", "order_id": "ORD0188", "amount_paise": 1249600}}
{"timestamp": "2026-09-04T11:23:51.606521+00:00", "event": "ROWS_MATCHED", "status": "OK", "rule": "PASS1_EXACT", "confidence": 1.0, "params": {"txn_id": "TXN000189", "order_id": "ORD0189", "amount_paise": 402200}}
{"timestamp": "2026-09-04T11:23:51.607076+00:00", "event": "ROWS_MATCHED", "status": "OK", "rule": "PASS1_EXACT", "confidence": 1.0, "params": {"txn_id": "TXN000190", "order_id": "ORD0190", "amount_paise": 680800}}
{"timestamp": "2026-09-04T11:23:51.607649+00:00", "event": "ROWS_MATCHED", "status": "OK", "rule": "PASS1_EXACT", "confidence": 1.0, "params": {"txn_id": "TXN000191", "order_id": "ORD0191", "amount_paise": 803600}}
{"timestamp": "2026-09-04T11:23:51.608202+00:00", "event": "ROWS_MATCHED", "status": "OK", "rule": "PASS1_EXACT", "confidence": 1.0, "params": {"txn_id": "TXN000192", "order_id": "ORD0192", "amount_paise": 1431600}}
{"timestamp": "2026-09-04T11:23:51.608638+00:00", "event": "ROWS_MATCHED", "status": "OK", "rule": "PASS1_EXACT", "confidence": 1.0, "params": {"txn_id": "TXN000193", "order_id": "ORD0193", "amount_paise": 1493500}}
{"timestamp": "2026-09-04T11:23:51.608946+00:00", "event": "ROWS_MATCHED", "status": "OK", "rule": "PASS1_EXACT", "confidence": 1.0, "params": {"txn_id": "TXN000194", "order_id": "ORD0194", "amount_paise": 284700}}
{"timestamp": "2026-09-04T11:23:51.609307+00:00", "event": "ROWS_MATCHED", "status": "OK", "rule": "PASS1_EXACT", "confidence": 1.0, "params": {"txn_id": "TXN000195", "order_id": "ORD0195", "amount_paise": 18500}}
{"timestamp": "2026-09-04T11:23:51.609643+00:00", "event": "ROWS_MATCHED", "status": "OK", "rule": "PASS1_EXACT", "confidence": 1.0, "params": {"txn_id": "TXN000196", "order_id": "ORD0196", "amount_paise": 449500}}
{"timestamp": "2026-09-04T11:23:51.609943+00:00", "event": "ROWS_MATCHED", "status": "OK", "rule": "PASS1_EXACT", "confidence": 1.0, "params": {"txn_id": "TXN000197", "order_id": "ORD0197", "amount_paise": 1299600}}
{"timestamp": "2026-09-04T11:23:51.610264+00:00", "event": "ROWS_MATCHED", "status": "OK", "rule": "PASS1_EXACT", "confidence": 1.0, "params": {"txn_id": "TXN000198", "order_id": "ORD0198", "amount_paise": 760400}}
{"timestamp": "2026-09-04T11:23:51.610628+00:00", "event": "ROWS_MATCHED", "status": "OK", "rule": "PASS1_EXACT", "confidence": 1.0, "params": {"txn_id": "TXN000199", "order_id": "ORD0199", "amount_paise": 708000}}
{"timestamp": "2026-09-04T11:23:51.610942+00:00", "event": "ROWS_MATCHED", "status": "OK", "rule": "PASS1_EXACT", "confidence": 1.0, "params": {"txn_id": "TXN000200", "order_id": "ORD0200", "amount_paise": 1211800}}
{"timestamp": "2026-09-04T11:23:51.611285+00:00", "event": "ROWS_MATCHED", "status": "OK", "rule": "PASS1_EXACT", "confidence": 1.0, "params": {"txn_id": "TXN000201", "order_id": "ORD0201", "amount_paise": 925500}}
{"timestamp": "2026-09-04T11:23:51.611993+00:00", "event": "ROWS_MATCHED", "status": "OK", "rule": "PASS1_EXACT", "confidence": 1.0, "params": {"txn_id": "TXN000202", "order_id": "ORD0202", "amount_paise": 1192000}}
{"timestamp": "2026-09-04T11:23:51.612734+00:00", "event": "ROWS_MATCHED", "status": "OK", "rule": "PASS1_EXACT", "confidence": 1.0, "params": {"txn_id": "TXN000203", "order_id": "ORD0203", "amount_paise": 268600}}
{"timestamp": "2026-09-04T11:23:51.613270+00:00", "event": "ROWS_MATCHED", "status": "OK", "rule": "PASS1_EXACT", "confidence": 1.0, "params": {"txn_id": "TXN000204", "order_id": "ORD0204", "amount_paise": 501100}}
{"timestamp": "2026-09-04T11:23:51.613907+00:00", "event": "ROWS_MATCHED", "status": "OK", "rule": "PASS1_EXACT", "confidence": 1.0, "params": {"txn_id": "TXN000205", "order_id": "ORD0205", "amount_paise": 110800}}
{"timestamp": "2026-09-04T11:23:51.614636+00:00", "event": "ROWS_MATCHED", "status": "OK", "rule": "PASS1_EXACT", "confidence": 1.0, "params": {"txn_id": "TXN000206", "order_id": "ORD0206", "amount_paise": 1220400}}
{"timestamp": "2026-09-04T11:23:51.615298+00:00", "event": "ROWS_MATCHED", "status": "OK", "rule": "PASS1_EXACT", "confidence": 1.0, "params": {"txn_id": "TXN000207", "order_id": "ORD0207", "amount_paise": 114800}}
{"timestamp": "2026-09-04T11:23:51.615857+00:00", "event": "ROWS_MATCHED", "status": "OK", "rule": "PASS1_EXACT", "confidence": 1.0, "params": {"txn_id": "TXN000208", "order_id": "ORD0208", "amount_paise": 528800}}
{"timestamp": "2026-09-04T11:23:51.616520+00:00", "event": "ROWS_MATCHED", "status": "OK", "rule": "PASS1_EXACT", "confidence": 1.0, "params": {"txn_id": "TXN000209", "order_id": "ORD0209", "amount_paise": 97100}}
{"timestamp": "2026-09-04T11:23:51.616956+00:00", "event": "ROWS_MATCHED", "status": "OK", "rule": "PASS1_EXACT", "confidence": 1.0, "params": {"txn_id": "TXN000210", "order_id": "ORD0210", "amount_paise": 796100}}
{"timestamp": "2026-09-04T11:23:51.617444+00:00", "event": "ROWS_MATCHED", "status": "OK", "rule": "PASS1_EXACT", "confidence": 1.0, "params": {"txn_id": "TXN000211", "order_id": "ORD0211", "amount_paise": 1412000}}
{"timestamp": "2026-09-04T11:23:51.617870+00:00", "event": "ROWS_MATCHED", "status": "OK", "rule": "PASS1_EXACT", "confidence": 1.0, "params": {"txn_id": "TXN000212", "order_id": "ORD0212", "amount_paise": 272900}}
{"timestamp": "2026-09-04T11:23:51.618282+00:00", "event": "ROWS_MATCHED", "status": "OK", "rule": "PASS1_EXACT", "confidence": 1.0, "params": {"txn_id": "TXN000213", "order_id": "ORD0213", "amount_paise": 847000}}
{"timestamp": "2026-09-04T11:23:51.618684+00:00", "event": "ROWS_MATCHED", "status": "OK", "rule": "PASS1_EXACT", "confidence": 1.0, "params": {"txn_id": "TXN000214", "order_id": "ORD0214", "amount_paise": 1409800}}
{"timestamp": "2026-09-04T11:23:51.619142+00:00", "event": "ROWS_MATCHED", "status": "OK", "rule": "PASS1_EXACT", "confidence": 1.0, "params": {"txn_id": "TXN000215", "order_id": "ORD0215", "amount_paise": 127200}}
{"timestamp": "2026-09-04T11:23:51.619595+00:00", "event": "ROWS_MATCHED", "status": "OK", "rule": "PASS1_EXACT", "confidence": 1.0, "params": {"txn_id": "TXN000216", "order_id": "ORD0216", "amount_paise": 126300}}
{"timestamp": "2026-09-04T11:23:51.619957+00:00", "event": "ROWS_MATCHED", "status": "OK", "rule": "PASS1_EXACT", "confidence": 1.0, "params": {"txn_id": "TXN000217", "order_id": "ORD0217", "amount_paise": 1427000}}
{"timestamp": "2026-09-04T11:23:51.620299+00:00", "event": "ROWS_MATCHED", "status": "OK", "rule": "PASS1_EXACT", "confidence": 1.0, "params": {"txn_id": "TXN000218", "order_id": "ORD0218", "amount_paise": 676500}}
{"timestamp": "2026-09-04T11:23:51.620748+00:00", "event": "ROWS_MATCHED", "status": "OK", "rule": "PASS1_EXACT", "confidence": 1.0, "params": {"txn_id": "TXN000219", "order_id": "ORD0219", "amount_paise": 1473600}}
{"timestamp": "2026-09-04T11:23:51.621198+00:00", "event": "ROWS_MATCHED", "status": "OK", "rule": "PASS1_EXACT", "confidence": 1.0, "params": {"txn_id": "TXN000220", "order_id": "ORD0220", "amount_paise": 418300}}
{"timestamp": "2026-09-04T11:23:51.621555+00:00", "event": "ROWS_MATCHED", "status": "OK", "rule": "PASS1_EXACT", "confidence": 1.0, "params": {"txn_id": "TXN000221", "order_id": "ORD0221", "amount_paise": 989000}}
{"timestamp": "2026-09-04T11:23:51.621980+00:00", "event": "ROWS_MATCHED", "status": "OK", "rule": "PASS1_EXACT", "confidence": 1.0, "params": {"txn_id": "TXN000222", "order_id": "ORD0222", "amount_paise": 1029700}}
{"timestamp": "2026-09-04T11:23:51.622517+00:00", "event": "ROWS_MATCHED", "status": "OK", "rule": "PASS1_EXACT", "confidence": 1.0, "params": {"txn_id": "TXN000223", "order_id": "ORD0223", "amount_paise": 701800}}
{"timestamp": "2026-09-04T11:23:51.623027+00:00", "event": "ROWS_MATCHED", "status": "OK", "rule": "PASS1_EXACT", "confidence": 1.0, "params": {"txn_id": "TXN000224", "order_id": "ORD0224", "amount_paise": 971200}}
{"timestamp": "2026-09-04T11:23:51.623489+00:00", "event": "ROWS_MATCHED", "status": "OK", "rule": "PASS1_EXACT", "confidence": 1.0, "params": {"txn_id": "TXN000225", "order_id": "ORD0225", "amount_paise": 871500}}
{"timestamp": "2026-09-04T11:23:51.623933+00:00", "event": "ROWS_MATCHED", "status": "OK", "rule": "PASS1_EXACT", "confidence": 1.0, "params": {"txn_id": "TXN000226", "order_id": "ORD0226", "amount_paise": 442200}}
{"timestamp": "2026-09-04T11:23:51.624304+00:00", "event": "ROWS_MATCHED", "status": "OK", "rule": "PASS1_EXACT", "confidence": 1.0, "params": {"txn_id": "TXN000227", "order_id": "ORD0227", "amount_paise": 1112200}}
{"timestamp": "2026-09-04T11:23:51.624767+00:00", "event": "ROWS_MATCHED", "status": "OK", "rule": "PASS1_EXACT", "confidence": 1.0, "params": {"txn_id": "TXN000228", "order_id": "ORD0228", "amount_paise": 529700}}
{"timestamp": "2026-09-04T11:23:51.625189+00:00", "event": "ROWS_MATCHED", "status": "OK", "rule": "PASS1_EXACT", "confidence": 1.0, "params": {"txn_id": "TXN000229", "order_id": "ORD0229", "amount_paise": 450100}}
{"timestamp": "2026-09-04T11:23:51.625570+00:00", "event": "ROWS_MATCHED", "status": "OK", "rule": "PASS1_EXACT", "confidence": 1.0, "params": {"txn_id": "TXN000230", "order_id": "ORD0230", "amount_paise": 229400}}
{"timestamp": "2026-09-04T11:23:51.626098+00:00", "event": "ROWS_MATCHED", "status": "OK", "rule": "PASS1_EXACT", "confidence": 1.0, "params": {"txn_id": "TXN000231", "order_id": "ORD0231", "amount_paise": 1072500}}
{"timestamp": "2026-09-04T11:23:51.626641+00:00", "event": "ROWS_MATCHED", "status": "OK", "rule": "PASS1_EXACT", "confidence": 1.0, "params": {"txn_id": "TXN000232", "order_id": "ORD0232", "amount_paise": 764100}}
{"timestamp": "2026-09-04T11:23:51.627112+00:00", "event": "ROWS_MATCHED", "status": "OK", "rule": "PASS1_EXACT", "confidence": 1.0, "params": {"txn_id": "TXN000233", "order_id": "ORD0233", "amount_paise": 1246800}}
{"timestamp": "2026-09-04T11:23:51.627560+00:00", "event": "ROWS_MATCHED", "status": "OK", "rule": "PASS1_EXACT", "confidence": 1.0, "params": {"txn_id": "TXN000234", "order_id": "ORD0234", "amount_paise": 30200}}
{"timestamp": "2026-09-04T11:23:51.627988+00:00", "event": "ROWS_MATCHED", "status": "OK", "rule": "PASS1_EXACT", "confidence": 1.0, "params": {"txn_id": "TXN000235", "order_id": "ORD0235", "amount_paise": 1032700}}
{"timestamp": "2026-09-04T11:23:51.628389+00:00", "event": "ROWS_MATCHED", "status": "OK", "rule": "PASS1_EXACT", "confidence": 1.0, "params": {"txn_id": "TXN000236", "order_id": "ORD0236", "amount_paise": 178800}}
{"timestamp": "2026-09-04T11:23:51.628764+00:00", "event": "ROWS_MATCHED", "status": "OK", "rule": "PASS1_EXACT", "confidence": 1.0, "params": {"txn_id": "TXN000237", "order_id": "ORD0237", "amount_paise": 895800}}
{"timestamp": "2026-09-04T11:23:51.629128+00:00", "event": "ROWS_MATCHED", "status": "OK", "rule": "PASS1_EXACT", "confidence": 1.0, "params": {"txn_id": "TXN000238", "order_id": "ORD0238", "amount_paise": 843800}}
{"timestamp": "2026-09-04T11:23:51.629783+00:00", "event": "ROWS_MATCHED", "status": "OK", "rule": "PASS1_EXACT", "confidence": 1.0, "params": {"txn_id": "TXN000239", "order_id": "ORD0239", "amount_paise": 232000}}
{"timestamp": "2026-09-04T11:23:51.630315+00:00", "event": "ROWS_MATCHED", "status": "OK", "rule": "PASS1_EXACT", "confidence": 1.0, "params": {"txn_id": "TXN000240", "order_id": "ORD0240", "amount_paise": 1458200}}
{"timestamp": "2026-09-04T11:23:51.630901+00:00", "event": "ROWS_MATCHED", "status": "OK", "rule": "PASS1_EXACT", "confidence": 1.0, "params": {"txn_id": "TXN000241", "order_id": "ORD0241", "amount_paise": 1455500}}
{"timestamp": "2026-09-04T11:23:51.631452+00:00", "event": "ROWS_MATCHED", "status": "OK", "rule": "PASS1_EXACT", "confidence": 1.0, "params": {"txn_id": "TXN000242", "order_id": "ORD0242", "amount_paise": 620400}}
{"timestamp": "2026-09-04T11:23:51.631941+00:00", "event": "ROWS_MATCHED", "status": "OK", "rule": "PASS1_EXACT", "confidence": 1.0, "params": {"txn_id": "TXN000243", "order_id": "ORD0243", "amount_paise": 273400}}
{"timestamp": "2026-09-04T11:23:51.632437+00:00", "event": "ROWS_MATCHED", "status": "OK", "rule": "PASS1_EXACT", "confidence": 1.0, "params": {"txn_id": "TXN000244", "order_id": "ORD0244", "amount_paise": 1381000}}
{"timestamp": "2026-09-04T11:23:51.632889+00:00", "event": "ROWS_MATCHED", "status": "OK", "rule": "PASS1_EXACT", "confidence": 1.0, "params": {"txn_id": "TXN000245", "order_id": "ORD0245", "amount_paise": 1167600}}
{"timestamp": "2026-09-04T11:23:51.633264+00:00", "event": "ROWS_MATCHED", "status": "OK", "rule": "PASS1_EXACT", "confidence": 1.0, "params": {"txn_id": "TXN000246", "order_id": "ORD0246", "amount_paise": 1017100}}
{"timestamp": "2026-09-04T11:23:51.633634+00:00", "event": "ROWS_MATCHED", "status": "OK", "rule": "PASS1_EXACT", "confidence": 1.0, "params": {"txn_id": "TXN000247", "order_id": "ORD0247", "amount_paise": 1086400}}
{"timestamp": "2026-09-04T11:23:51.633968+00:00", "event": "ROWS_MATCHED", "status": "OK", "rule": "PASS1_EXACT", "confidence": 1.0, "params": {"txn_id": "TXN000248", "order_id": "ORD0248", "amount_paise": 27800}}
{"timestamp": "2026-09-04T11:23:51.634325+00:00", "event": "ROWS_MATCHED", "status": "OK", "rule": "PASS1_EXACT", "confidence": 1.0, "params": {"txn_id": "TXN000249", "order_id": "ORD0249", "amount_paise": 1353700}}
{"timestamp": "2026-09-04T11:23:51.634714+00:00", "event": "ROWS_MATCHED", "status": "OK", "rule": "PASS1_EXACT", "confidence": 1.0, "params": {"txn_id": "TXN000250", "order_id": "ORD0250", "amount_paise": 505500}}
{"timestamp": "2026-09-04T11:23:51.635289+00:00", "event": "ROWS_MATCHED", "status": "OK", "rule": "PASS1_EXACT", "confidence": 1.0, "params": {"txn_id": "TXN000251", "order_id": "ORD0251", "amount_paise": 184700}}
{"timestamp": "2026-09-04T11:23:51.635799+00:00", "event": "ROWS_MATCHED", "status": "OK", "rule": "PASS1_EXACT", "confidence": 1.0, "params": {"txn_id": "TXN000252", "order_id": "ORD0252", "amount_paise": 235000}}
{"timestamp": "2026-09-04T11:23:51.636288+00:00", "event": "ROWS_MATCHED", "status": "OK", "rule": "PASS1_EXACT", "confidence": 1.0, "params": {"txn_id": "TXN000253", "order_id": "ORD0253", "amount_paise": 204100}}
{"timestamp": "2026-09-04T11:23:51.636624+00:00", "event": "ROWS_MATCHED", "status": "OK", "rule": "PASS1_EXACT", "confidence": 1.0, "params": {"txn_id": "TXN000254", "order_id": "ORD0254", "amount_paise": 190300}}
{"timestamp": "2026-09-04T11:23:51.636988+00:00", "event": "ROWS_MATCHED", "status": "OK", "rule": "PASS1_EXACT", "confidence": 1.0, "params": {"txn_id": "TXN000255", "order_id": "ORD0255", "amount_paise": 921400}}
{"timestamp": "2026-09-04T11:23:51.637471+00:00", "event": "ROWS_MATCHED", "status": "OK", "rule": "PASS1_EXACT", "confidence": 1.0, "params": {"txn_id": "TXN000256", "order_id": "ORD0256", "amount_paise": 461200}}
{"timestamp": "2026-09-04T11:23:51.637849+00:00", "event": "ROWS_MATCHED", "status": "OK", "rule": "PASS1_EXACT", "confidence": 1.0, "params": {"txn_id": "TXN000257", "order_id": "ORD0257", "amount_paise": 1005900}}
{"timestamp": "2026-09-04T11:23:51.638421+00:00", "event": "ROWS_MATCHED", "status": "OK", "rule": "PASS1_EXACT", "confidence": 1.0, "params": {"txn_id": "TXN000258", "order_id": "ORD0258", "amount_paise": 1190700}}
{"timestamp": "2026-09-04T11:23:51.639021+00:00", "event": "ROWS_MATCHED", "status": "OK", "rule": "PASS1_EXACT", "confidence": 1.0, "params": {"txn_id": "TXN000259", "order_id": "ORD0259", "amount_paise": 348500}}
{"timestamp": "2026-09-04T11:23:51.639550+00:00", "event": "ROWS_MATCHED", "status": "OK", "rule": "PASS1_EXACT", "confidence": 1.0, "params": {"txn_id": "TXN000260", "order_id": "ORD0260", "amount_paise": 1054100}}
{"timestamp": "2026-09-04T11:23:51.640090+00:00", "event": "ROWS_MATCHED", "status": "OK", "rule": "PASS1_EXACT", "confidence": 1.0, "params": {"txn_id": "TXN000261", "order_id": "ORD0261", "amount_paise": 447500}}
{"timestamp": "2026-09-04T11:23:51.640577+00:00", "event": "ROWS_MATCHED", "status": "OK", "rule": "PASS1_EXACT", "confidence": 1.0, "params": {"txn_id": "TXN000262", "order_id": "ORD0262", "amount_paise": 815400}}
{"timestamp": "2026-09-04T11:23:51.641170+00:00", "event": "ROWS_MATCHED", "status": "OK", "rule": "PASS1_EXACT", "confidence": 1.0, "params": {"txn_id": "TXN000263", "order_id": "ORD0263", "amount_paise": 1498300}}
{"timestamp": "2026-09-04T11:23:51.641748+00:00", "event": "ROWS_MATCHED", "status": "OK", "rule": "PASS1_EXACT", "confidence": 1.0, "params": {"txn_id": "TXN000264", "order_id": "ORD0264", "amount_paise": 1401200}}
{"timestamp": "2026-09-04T11:23:51.642327+00:00", "event": "ROWS_MATCHED", "status": "OK", "rule": "PASS1_EXACT", "confidence": 1.0, "params": {"txn_id": "TXN000265", "order_id": "ORD0265", "amount_paise": 166200}}
{"timestamp": "2026-09-04T11:23:51.642829+00:00", "event": "ROWS_MATCHED", "status": "OK", "rule": "PASS1_EXACT", "confidence": 1.0, "params": {"txn_id": "TXN000266", "order_id": "ORD0266", "amount_paise": 708900}}
{"timestamp": "2026-09-04T11:23:51.643357+00:00", "event": "ROWS_MATCHED", "status": "OK", "rule": "PASS1_EXACT", "confidence": 1.0, "params": {"txn_id": "TXN000267", "order_id": "ORD0267", "amount_paise": 468300}}
{"timestamp": "2026-09-04T11:23:51.643854+00:00", "event": "ROWS_MATCHED", "status": "OK", "rule": "PASS1_EXACT", "confidence": 1.0, "params": {"txn_id": "TXN000268", "order_id": "ORD0268", "amount_paise": 20800}}
{"timestamp": "2026-09-04T11:23:51.644534+00:00", "event": "ROWS_MATCHED", "status": "OK", "rule": "PASS1_EXACT", "confidence": 1.0, "params": {"txn_id": "TXN000269", "order_id": "ORD0269", "amount_paise": 1278400}}
{"timestamp": "2026-09-04T11:23:51.645152+00:00", "event": "ROWS_MATCHED", "status": "OK", "rule": "PASS1_EXACT", "confidence": 1.0, "params": {"txn_id": "TXN000270", "order_id": "ORD0270", "amount_paise": 1058800}}
{"timestamp": "2026-09-04T11:23:51.645872+00:00", "event": "ROWS_MATCHED", "status": "OK", "rule": "PASS1_EXACT", "confidence": 1.0, "params": {"txn_id": "TXN000271", "order_id": "ORD0271", "amount_paise": 279700}}
{"timestamp": "2026-09-04T11:23:51.646579+00:00", "event": "ROWS_MATCHED", "status": "OK", "rule": "PASS1_EXACT", "confidence": 1.0, "params": {"txn_id": "TXN000272", "order_id": "ORD0272", "amount_paise": 738900}}
{"timestamp": "2026-09-04T11:23:51.647274+00:00", "event": "ROWS_MATCHED", "status": "OK", "rule": "PASS1_EXACT", "confidence": 1.0, "params": {"txn_id": "TXN000273", "order_id": "ORD0273", "amount_paise": 1171100}}
{"timestamp": "2026-09-04T11:23:51.647897+00:00", "event": "ROWS_MATCHED", "status": "OK", "rule": "PASS1_EXACT", "confidence": 1.0, "params": {"txn_id": "TXN000274", "order_id": "ORD0274", "amount_paise": 933900}}
{"timestamp": "2026-09-04T11:23:51.648469+00:00", "event": "ROWS_MATCHED", "status": "OK", "rule": "PASS1_EXACT", "confidence": 1.0, "params": {"txn_id": "TXN000275", "order_id": "ORD0275", "amount_paise": 198200}}
{"timestamp": "2026-09-04T11:23:51.648965+00:00", "event": "ROWS_MATCHED", "status": "OK", "rule": "PASS1_EXACT", "confidence": 1.0, "params": {"txn_id": "TXN000276", "order_id": "ORD0276", "amount_paise": 1461800}}
{"timestamp": "2026-09-04T11:23:51.649443+00:00", "event": "ROWS_MATCHED", "status": "OK", "rule": "PASS1_EXACT", "confidence": 1.0, "params": {"txn_id": "TXN000277", "order_id": "ORD0277", "amount_paise": 1495900}}
{"timestamp": "2026-09-04T11:23:51.650020+00:00", "event": "ROWS_MATCHED", "status": "OK", "rule": "PASS1_EXACT", "confidence": 1.0, "params": {"txn_id": "TXN000278", "order_id": "ORD0278", "amount_paise": 908800}}
{"timestamp": "2026-09-04T11:23:51.650593+00:00", "event": "ROWS_MATCHED", "status": "OK", "rule": "PASS1_EXACT", "confidence": 1.0, "params": {"txn_id": "TXN000279", "order_id": "ORD0279", "amount_paise": 1382400}}
{"timestamp": "2026-09-04T11:23:51.651182+00:00", "event": "ROWS_MATCHED", "status": "OK", "rule": "PASS1_EXACT", "confidence": 1.0, "params": {"txn_id": "TXN000280", "order_id": "ORD0280", "amount_paise": 969300}}
{"timestamp": "2026-09-04T11:23:51.651690+00:00", "event": "ROWS_MATCHED", "status": "OK", "rule": "PASS1_EXACT", "confidence": 1.0, "params": {"txn_id": "TXN000281", "order_id": "ORD0281", "amount_paise": 257600}}
{"timestamp": "2026-09-04T11:23:51.652287+00:00", "event": "ROWS_MATCHED", "status": "OK", "rule": "PASS1_EXACT", "confidence": 1.0, "params": {"txn_id": "TXN000282", "order_id": "ORD0282", "amount_paise": 223800}}
{"timestamp": "2026-09-04T11:23:51.652793+00:00", "event": "ROWS_MATCHED", "status": "OK", "rule": "PASS1_EXACT", "confidence": 1.0, "params": {"txn_id": "TXN000283", "order_id": "ORD0283", "amount_paise": 520000}}
{"timestamp": "2026-09-04T11:23:51.653159+00:00", "event": "ROWS_MATCHED", "status": "OK", "rule": "PASS1_EXACT", "confidence": 1.0, "params": {"txn_id": "TXN000284", "order_id": "ORD0284", "amount_paise": 1487800}}
{"timestamp": "2026-09-04T11:23:51.653468+00:00", "event": "ROWS_MATCHED", "status": "OK", "rule": "PASS1_EXACT", "confidence": 1.0, "params": {"txn_id": "TXN000285", "order_id": "ORD0285", "amount_paise": 1425100}}
{"timestamp": "2026-09-04T11:23:51.653887+00:00", "event": "ROWS_MATCHED", "status": "OK", "rule": "PASS1_EXACT", "confidence": 1.0, "params": {"txn_id": "TXN000286", "order_id": "ORD0286", "amount_paise": 1487700}}
{"timestamp": "2026-09-04T11:23:51.654223+00:00", "event": "ROWS_MATCHED", "status": "OK", "rule": "PASS1_EXACT", "confidence": 1.0, "params": {"txn_id": "TXN000287", "order_id": "ORD0287", "amount_paise": 359100}}
{"timestamp": "2026-09-04T11:23:51.654637+00:00", "event": "ROWS_MATCHED", "status": "OK", "rule": "PASS1_EXACT", "confidence": 1.0, "params": {"txn_id": "TXN000288", "order_id": "ORD0288", "amount_paise": 423800}}
{"timestamp": "2026-09-04T11:23:51.655056+00:00", "event": "ROWS_MATCHED", "status": "OK", "rule": "PASS1_EXACT", "confidence": 1.0, "params": {"txn_id": "TXN000289", "order_id": "ORD0289", "amount_paise": 183400}}
{"timestamp": "2026-09-04T11:23:51.655459+00:00", "event": "ROWS_MATCHED", "status": "OK", "rule": "PASS1_EXACT", "confidence": 1.0, "params": {"txn_id": "TXN000290", "order_id": "ORD0290", "amount_paise": 1293100}}
{"timestamp": "2026-09-04T11:23:51.655926+00:00", "event": "ROWS_MATCHED", "status": "OK", "rule": "PASS1_EXACT", "confidence": 1.0, "params": {"txn_id": "TXN000291", "order_id": "ORD0291", "amount_paise": 1463500}}
{"timestamp": "2026-09-04T11:23:51.656352+00:00", "event": "ROWS_MATCHED", "status": "OK", "rule": "PASS1_EXACT", "confidence": 1.0, "params": {"txn_id": "TXN000292", "order_id": "ORD0292", "amount_paise": 680800}}
{"timestamp": "2026-09-04T11:23:51.656989+00:00", "event": "ROWS_MATCHED", "status": "OK", "rule": "PASS1_EXACT", "confidence": 1.0, "params": {"txn_id": "TXN000293", "order_id": "ORD0293", "amount_paise": 1242900}}
{"timestamp": "2026-09-04T11:23:51.657589+00:00", "event": "ROWS_MATCHED", "status": "OK", "rule": "PASS1_EXACT", "confidence": 1.0, "params": {"txn_id": "TXN000294", "order_id": "ORD0294", "amount_paise": 402800}}
{"timestamp": "2026-09-04T11:23:51.658091+00:00", "event": "ROWS_MATCHED", "status": "OK", "rule": "PASS1_EXACT", "confidence": 1.0, "params": {"txn_id": "TXN000295", "order_id": "ORD0295", "amount_paise": 281200}}
{"timestamp": "2026-09-04T11:23:51.658832+00:00", "event": "ROWS_MATCHED", "status": "OK", "rule": "PASS1_EXACT", "confidence": 1.0, "params": {"txn_id": "TXN000296", "order_id": "ORD0296", "amount_paise": 1343300}}
{"timestamp": "2026-09-04T11:23:51.659548+00:00", "event": "ROWS_MATCHED", "status": "OK", "rule": "PASS1_EXACT", "confidence": 1.0, "params": {"txn_id": "TXN000297", "order_id": "ORD0297", "amount_paise": 1459100}}
{"timestamp": "2026-09-04T11:23:51.660119+00:00", "event": "ROWS_MATCHED", "status": "OK", "rule": "PASS1_EXACT", "confidence": 1.0, "params": {"txn_id": "TXN000298", "order_id": "ORD0298", "amount_paise": 55600}}
{"timestamp": "2026-09-04T11:23:51.660663+00:00", "event": "ROWS_MATCHED", "status": "OK", "rule": "PASS1_EXACT", "confidence": 1.0, "params": {"txn_id": "TXN000299", "order_id": "ORD0299", "amount_paise": 1221700}}
{"timestamp": "2026-09-04T11:23:51.661143+00:00", "event": "ROWS_MATCHED", "status": "OK", "rule": "PASS1_EXACT", "confidence": 1.0, "params": {"txn_id": "TXN000300", "order_id": "ORD0300", "amount_paise": 559200}}
{"timestamp": "2026-09-04T11:23:51.661811+00:00", "event": "ROWS_MATCHED", "status": "OK", "rule": "PASS1_EXACT", "confidence": 1.0, "params": {"txn_id": "TXN000301", "order_id": "ORD0301", "amount_paise": 689500}}
{"timestamp": "2026-09-04T11:23:51.662474+00:00", "event": "ROWS_MATCHED", "status": "OK", "rule": "PASS1_EXACT", "confidence": 1.0, "params": {"txn_id": "TXN000302", "order_id": "ORD0302", "amount_paise": 1112500}}
{"timestamp": "2026-09-04T11:23:51.663012+00:00", "event": "ROWS_MATCHED", "status": "OK", "rule": "PASS1_EXACT", "confidence": 1.0, "params": {"txn_id": "TXN000303", "order_id": "ORD0303", "amount_paise": 1219300}}
{"timestamp": "2026-09-04T11:23:51.663499+00:00", "event": "ROWS_MATCHED", "status": "OK", "rule": "PASS1_EXACT", "confidence": 1.0, "params": {"txn_id": "TXN000304", "order_id": "ORD0304", "amount_paise": 421500}}
{"timestamp": "2026-09-04T11:23:51.664000+00:00", "event": "ROWS_MATCHED", "status": "OK", "rule": "PASS1_EXACT", "confidence": 1.0, "params": {"txn_id": "TXN000305", "order_id": "ORD0305", "amount_paise": 275800}}
{"timestamp": "2026-09-04T11:23:51.664480+00:00", "event": "ROWS_MATCHED", "status": "OK", "rule": "PASS1_EXACT", "confidence": 1.0, "params": {"txn_id": "TXN000306", "order_id": "ORD0306", "amount_paise": 1163900}}
{"timestamp": "2026-09-04T11:23:51.664953+00:00", "event": "ROWS_MATCHED", "status": "OK", "rule": "PASS1_EXACT", "confidence": 1.0, "params": {"txn_id": "TXN000307", "order_id": "ORD0307", "amount_paise": 641700}}
{"timestamp": "2026-09-04T11:23:51.665393+00:00", "event": "ROWS_MATCHED", "status": "OK", "rule": "PASS1_EXACT", "confidence": 1.0, "params": {"txn_id": "TXN000308", "order_id": "ORD0308", "amount_paise": 78400}}
{"timestamp": "2026-09-04T11:23:51.665865+00:00", "event": "ROWS_MATCHED", "status": "OK", "rule": "PASS1_EXACT", "confidence": 1.0, "params": {"txn_id": "TXN000309", "order_id": "ORD0309", "amount_paise": 786100}}
{"timestamp": "2026-09-04T11:23:51.666353+00:00", "event": "ROWS_MATCHED", "status": "OK", "rule": "PASS1_EXACT", "confidence": 1.0, "params": {"txn_id": "TXN000310", "order_id": "ORD0310", "amount_paise": 341900}}
{"timestamp": "2026-09-04T11:23:51.666798+00:00", "event": "ROWS_MATCHED", "status": "OK", "rule": "PASS1_EXACT", "confidence": 1.0, "params": {"txn_id": "TXN000311", "order_id": "ORD0311", "amount_paise": 769100}}
{"timestamp": "2026-09-04T11:23:51.667229+00:00", "event": "ROWS_MATCHED", "status": "OK", "rule": "PASS1_EXACT", "confidence": 1.0, "params": {"txn_id": "TXN000312", "order_id": "ORD0312", "amount_paise": 515000}}
{"timestamp": "2026-09-04T11:23:51.667750+00:00", "event": "ROWS_MATCHED", "status": "OK", "rule": "PASS1_EXACT", "confidence": 1.0, "params": {"txn_id": "TXN000313", "order_id": "ORD0313", "amount_paise": 1318000}}
{"timestamp": "2026-09-04T11:23:51.668282+00:00", "event": "ROWS_MATCHED", "status": "OK", "rule": "PASS1_EXACT", "confidence": 1.0, "params": {"txn_id": "TXN000314", "order_id": "ORD0314", "amount_paise": 387800}}
{"timestamp": "2026-09-04T11:23:51.668765+00:00", "event": "ROWS_MATCHED", "status": "OK", "rule": "PASS1_EXACT", "confidence": 1.0, "params": {"txn_id": "TXN000315", "order_id": "ORD0315", "amount_paise": 53700}}
{"timestamp": "2026-09-04T11:23:51.669371+00:00", "event": "ROWS_MATCHED", "status": "OK", "rule": "PASS1_EXACT", "confidence": 1.0, "params": {"txn_id": "TXN000316", "order_id": "ORD0316", "amount_paise": 331400}}
{"timestamp": "2026-09-04T11:23:51.669989+00:00", "event": "ROWS_MATCHED", "status": "OK", "rule": "PASS1_EXACT", "confidence": 1.0, "params": {"txn_id": "TXN000317", "order_id": "ORD0317", "amount_paise": 552800}}
{"timestamp": "2026-09-04T11:23:51.670465+00:00", "event": "ROWS_MATCHED", "status": "OK", "rule": "PASS1_EXACT", "confidence": 1.0, "params": {"txn_id": "TXN000318", "order_id": "ORD0318", "amount_paise": 1431100}}
{"timestamp": "2026-09-04T11:23:51.670823+00:00", "event": "ROWS_MATCHED", "status": "OK", "rule": "PASS1_EXACT", "confidence": 1.0, "params": {"txn_id": "TXN000319", "order_id": "ORD0319", "amount_paise": 1282000}}
{"timestamp": "2026-09-04T11:23:51.671261+00:00", "event": "ROWS_MATCHED", "status": "OK", "rule": "PASS1_EXACT", "confidence": 1.0, "params": {"txn_id": "TXN000320", "order_id": "ORD0320", "amount_paise": 590300}}
{"timestamp": "2026-09-04T11:23:51.671589+00:00", "event": "ROWS_MATCHED", "status": "OK", "rule": "PASS1_EXACT", "confidence": 1.0, "params": {"txn_id": "TXN000321", "order_id": "ORD0321", "amount_paise": 849600}}
{"timestamp": "2026-09-04T11:23:51.671899+00:00", "event": "ROWS_MATCHED", "status": "OK", "rule": "PASS1_EXACT", "confidence": 1.0, "params": {"txn_id": "TXN000322", "order_id": "ORD0322", "amount_paise": 1128300}}
{"timestamp": "2026-09-04T11:23:51.672209+00:00", "event": "ROWS_MATCHED", "status": "OK", "rule": "PASS1_EXACT", "confidence": 1.0, "params": {"txn_id": "TXN000323", "order_id": "ORD0323", "amount_paise": 893500}}
{"timestamp": "2026-09-04T11:23:51.672483+00:00", "event": "ROWS_MATCHED", "status": "OK", "rule": "PASS1_EXACT", "confidence": 1.0, "params": {"txn_id": "TXN000324", "order_id": "ORD0324", "amount_paise": 60200}}
{"timestamp": "2026-09-04T11:23:51.672770+00:00", "event": "ROWS_MATCHED", "status": "OK", "rule": "PASS1_EXACT", "confidence": 1.0, "params": {"txn_id": "TXN000325", "order_id": "ORD0325", "amount_paise": 1451900}}
{"timestamp": "2026-09-04T11:23:51.673089+00:00", "event": "ROWS_MATCHED", "status": "OK", "rule": "PASS1_EXACT", "confidence": 1.0, "params": {"txn_id": "TXN000411", "order_id": "ORD0411", "amount_paise": 221800}}
{"timestamp": "2026-09-04T11:23:51.673377+00:00", "event": "ROWS_MATCHED", "status": "OK", "rule": "PASS1_EXACT", "confidence": 1.0, "params": {"txn_id": "TXN000412", "order_id": "ORD0412", "amount_paise": 1111800}}
{"timestamp": "2026-09-04T11:23:51.673717+00:00", "event": "ROWS_MATCHED", "status": "OK", "rule": "PASS1_EXACT", "confidence": 1.0, "params": {"txn_id": "TXN000413", "order_id": "ORD0413", "amount_paise": 939000}}
{"timestamp": "2026-09-04T11:23:51.673985+00:00", "event": "ROWS_MATCHED", "status": "OK", "rule": "PASS1_EXACT", "confidence": 1.0, "params": {"txn_id": "TXN000414", "order_id": "ORD0414", "amount_paise": 776900}}
{"timestamp": "2026-09-04T11:23:51.674254+00:00", "event": "ROWS_MATCHED", "status": "OK", "rule": "PASS1_EXACT", "confidence": 1.0, "params": {"txn_id": "TXN000415", "order_id": "ORD0415", "amount_paise": 434800}}
{"timestamp": "2026-09-04T11:23:51.674595+00:00", "event": "ROWS_MATCHED", "status": "OK", "rule": "PASS1_EXACT", "confidence": 1.0, "params": {"txn_id": "TXN000416", "order_id": "ORD0416", "amount_paise": 619300}}
{"timestamp": "2026-09-04T11:23:51.674951+00:00", "event": "ROWS_MATCHED", "status": "OK", "rule": "PASS1_EXACT", "confidence": 1.0, "params": {"txn_id": "TXN000417", "order_id": "ORD0417", "amount_paise": 1007600}}
{"timestamp": "2026-09-04T11:23:51.675294+00:00", "event": "ROWS_MATCHED", "status": "OK", "rule": "PASS1_EXACT", "confidence": 1.0, "params": {"txn_id": "TXN000418", "order_id": "ORD0418", "amount_paise": 1240400}}
{"timestamp": "2026-09-04T11:23:51.675705+00:00", "event": "ROWS_MATCHED", "status": "OK", "rule": "PASS1_EXACT", "confidence": 1.0, "params": {"txn_id": "TXN000419", "order_id": "ORD0419", "amount_paise": 202600}}
{"timestamp": "2026-09-04T11:23:51.676112+00:00", "event": "ROWS_MATCHED", "status": "OK", "rule": "PASS1_EXACT", "confidence": 1.0, "params": {"txn_id": "TXN000420", "order_id": "ORD0420", "amount_paise": 1357300}}
{"timestamp": "2026-09-04T11:23:51.676454+00:00", "event": "ROWS_MATCHED", "status": "OK", "rule": "PASS1_EXACT", "confidence": 1.0, "params": {"txn_id": "TXN000421", "order_id": "ORD0421", "amount_paise": 524600}}
{"timestamp": "2026-09-04T11:23:51.676750+00:00", "event": "ROWS_MATCHED", "status": "OK", "rule": "PASS1_EXACT", "confidence": 1.0, "params": {"txn_id": "TXN000422", "order_id": "ORD0422", "amount_paise": 963100}}
{"timestamp": "2026-09-04T11:23:51.677032+00:00", "event": "ROWS_MATCHED", "status": "OK", "rule": "PASS1_EXACT", "confidence": 1.0, "params": {"txn_id": "TXN000423", "order_id": "ORD0423", "amount_paise": 526100}}
{"timestamp": "2026-09-04T11:23:51.677362+00:00", "event": "ROWS_MATCHED", "status": "OK", "rule": "PASS1_EXACT", "confidence": 1.0, "params": {"txn_id": "TXN000424", "order_id": "ORD0424", "amount_paise": 1124700}}
{"timestamp": "2026-09-04T11:23:51.677872+00:00", "event": "ROWS_MATCHED", "status": "OK", "rule": "PASS1_EXACT", "confidence": 1.0, "params": {"txn_id": "TXN000425", "order_id": "ORD0425", "amount_paise": 629900}}
{"timestamp": "2026-09-04T11:23:51.678296+00:00", "event": "ROWS_MATCHED", "status": "OK", "rule": "PASS1_EXACT", "confidence": 1.0, "params": {"txn_id": "TXN000426", "order_id": "ORD0426", "amount_paise": 1186400}}
{"timestamp": "2026-09-04T11:23:51.678712+00:00", "event": "ROWS_MATCHED", "status": "OK", "rule": "PASS1_EXACT", "confidence": 1.0, "params": {"txn_id": "TXN000427", "order_id": "ORD0427", "amount_paise": 139500}}
{"timestamp": "2026-09-04T11:23:51.679122+00:00", "event": "ROWS_MATCHED", "status": "OK", "rule": "PASS1_EXACT", "confidence": 1.0, "params": {"txn_id": "TXN000428", "order_id": "ORD0428", "amount_paise": 1146500}}
{"timestamp": "2026-09-04T11:23:51.679474+00:00", "event": "ROWS_MATCHED", "status": "OK", "rule": "PASS1_EXACT", "confidence": 1.0, "params": {"txn_id": "TXN000429", "order_id": "ORD0429", "amount_paise": 1042600}}
{"timestamp": "2026-09-04T11:23:51.679939+00:00", "event": "ROWS_MATCHED", "status": "OK", "rule": "PASS1_EXACT", "confidence": 1.0, "params": {"txn_id": "TXN000430", "order_id": "ORD0430", "amount_paise": 181900}}
{"timestamp": "2026-09-04T11:23:51.680355+00:00", "event": "ROWS_MATCHED", "status": "OK", "rule": "PASS1_EXACT", "confidence": 1.0, "params": {"txn_id": "TXN000431", "order_id": "ORD0431", "amount_paise": 1280600}}
{"timestamp": "2026-09-04T11:23:51.680739+00:00", "event": "ROWS_MATCHED", "status": "OK", "rule": "PASS1_EXACT", "confidence": 1.0, "params": {"txn_id": "TXN000432", "order_id": "ORD0432", "amount_paise": 1408100}}
{"timestamp": "2026-09-04T11:23:51.681096+00:00", "event": "ROWS_MATCHED", "status": "OK", "rule": "PASS1_EXACT", "confidence": 1.0, "params": {"txn_id": "TXN000433", "order_id": "ORD0433", "amount_paise": 998700}}
{"timestamp": "2026-09-04T11:23:51.681526+00:00", "event": "ROWS_MATCHED", "status": "OK", "rule": "PASS1_EXACT", "confidence": 1.0, "params": {"txn_id": "TXN000434", "order_id": "ORD0434", "amount_paise": 213300}}
{"timestamp": "2026-09-04T11:23:51.681992+00:00", "event": "ROWS_MATCHED", "status": "OK", "rule": "PASS1_EXACT", "confidence": 1.0, "params": {"txn_id": "TXN000435", "order_id": "ORD0435", "amount_paise": 942200}}
{"timestamp": "2026-09-04T11:23:51.682405+00:00", "event": "ROWS_MATCHED", "status": "OK", "rule": "PASS1_EXACT", "confidence": 1.0, "params": {"txn_id": "TXN000436", "order_id": "ORD0436", "amount_paise": 82200}}
{"timestamp": "2026-09-04T11:23:51.682815+00:00", "event": "ROWS_MATCHED", "status": "OK", "rule": "PASS1_EXACT", "confidence": 1.0, "params": {"txn_id": "TXN000437", "order_id": "ORD0437", "amount_paise": 887800}}
{"timestamp": "2026-09-04T11:23:51.683144+00:00", "event": "ROWS_MATCHED", "status": "OK", "rule": "PASS1_EXACT", "confidence": 1.0, "params": {"txn_id": "TXN000438", "order_id": "ORD0438", "amount_paise": 1098800}}
{"timestamp": "2026-09-04T11:23:51.683481+00:00", "event": "ROWS_MATCHED", "status": "OK", "rule": "PASS1_EXACT", "confidence": 1.0, "params": {"txn_id": "TXN000439", "order_id": "ORD0439", "amount_paise": 127900}}
{"timestamp": "2026-09-04T11:23:51.683833+00:00", "event": "ROWS_MATCHED", "status": "OK", "rule": "PASS1_EXACT", "confidence": 1.0, "params": {"txn_id": "TXN000440", "order_id": "ORD0440", "amount_paise": 1075900}}
{"timestamp": "2026-09-04T11:23:51.684171+00:00", "event": "ROWS_MATCHED", "status": "OK", "rule": "PASS1_EXACT", "confidence": 1.0, "params": {"txn_id": "TXN000441", "order_id": "ORD0441", "amount_paise": 35700}}
{"timestamp": "2026-09-04T11:23:51.684497+00:00", "event": "ROWS_MATCHED", "status": "OK", "rule": "PASS1_EXACT", "confidence": 1.0, "params": {"txn_id": "TXN000442", "order_id": "ORD0442", "amount_paise": 703200}}
{"timestamp": "2026-09-04T11:23:51.684876+00:00", "event": "ROWS_MATCHED", "status": "OK", "rule": "PASS1_EXACT", "confidence": 1.0, "params": {"txn_id": "TXN000443", "order_id": "ORD0443", "amount_paise": 818100}}
{"timestamp": "2026-09-04T11:23:51.685201+00:00", "event": "ROWS_MATCHED", "status": "OK", "rule": "PASS1_EXACT", "confidence": 1.0, "params": {"txn_id": "TXN000444", "order_id": "ORD0444", "amount_paise": 725200}}
{"timestamp": "2026-09-04T11:23:51.685542+00:00", "event": "ROWS_MATCHED", "status": "OK", "rule": "PASS1_EXACT", "confidence": 1.0, "params": {"txn_id": "TXN000445", "order_id": "ORD0445", "amount_paise": 1056300}}
{"timestamp": "2026-09-04T11:23:51.685840+00:00", "event": "ROWS_MATCHED", "status": "OK", "rule": "PASS1_EXACT", "confidence": 1.0, "params": {"txn_id": "TXN000446", "order_id": "ORD0446", "amount_paise": 1372700}}
{"timestamp": "2026-09-04T11:23:51.686119+00:00", "event": "ROWS_MATCHED", "status": "OK", "rule": "PASS1_EXACT", "confidence": 1.0, "params": {"txn_id": "TXN000447", "order_id": "ORD0447", "amount_paise": 1173800}}
{"timestamp": "2026-09-04T11:23:51.686430+00:00", "event": "ROWS_MATCHED", "status": "OK", "rule": "PASS1_EXACT", "confidence": 1.0, "params": {"txn_id": "TXN000448", "order_id": "ORD0448", "amount_paise": 728500}}
{"timestamp": "2026-09-04T11:23:51.686763+00:00", "event": "ROWS_MATCHED", "status": "OK", "rule": "PASS1_EXACT", "confidence": 1.0, "params": {"txn_id": "TXN000449", "order_id": "ORD0449", "amount_paise": 1217200}}
{"timestamp": "2026-09-04T11:23:51.687085+00:00", "event": "ROWS_MATCHED", "status": "OK", "rule": "PASS1_EXACT", "confidence": 1.0, "params": {"txn_id": "TXN000450", "order_id": "ORD0450", "amount_paise": 1080700}}
{"timestamp": "2026-09-04T11:23:51.687435+00:00", "event": "ROWS_MATCHED", "status": "OK", "rule": "PASS1_EXACT", "confidence": 1.0, "params": {"txn_id": "TXN000451", "order_id": "ORD0451", "amount_paise": 1024100}}
{"timestamp": "2026-09-04T11:23:51.687888+00:00", "event": "ROWS_MATCHED", "status": "OK", "rule": "PASS1_EXACT", "confidence": 1.0, "params": {"txn_id": "TXN000452", "order_id": "ORD0452", "amount_paise": 896700}}
{"timestamp": "2026-09-04T11:23:51.688323+00:00", "event": "ROWS_MATCHED", "status": "OK", "rule": "PASS1_EXACT", "confidence": 1.0, "params": {"txn_id": "TXN000453", "order_id": "ORD0453", "amount_paise": 807100}}
{"timestamp": "2026-09-04T11:23:51.688759+00:00", "event": "ROWS_MATCHED", "status": "OK", "rule": "PASS1_EXACT", "confidence": 1.0, "params": {"txn_id": "TXN000454", "order_id": "ORD0454", "amount_paise": 728600}}
{"timestamp": "2026-09-04T11:23:51.689160+00:00", "event": "ROWS_MATCHED", "status": "OK", "rule": "PASS1_EXACT", "confidence": 1.0, "params": {"txn_id": "TXN000455", "order_id": "ORD0455", "amount_paise": 1212700}}
{"timestamp": "2026-09-04T11:23:51.689555+00:00", "event": "ROWS_MATCHED", "status": "OK", "rule": "PASS1_EXACT", "confidence": 1.0, "params": {"txn_id": "TXN000456", "order_id": "ORD0456", "amount_paise": 454700}}
{"timestamp": "2026-09-04T11:23:51.690016+00:00", "event": "ROWS_MATCHED", "status": "OK", "rule": "PASS1_EXACT", "confidence": 1.0, "params": {"txn_id": "TXN000457", "order_id": "ORD0457", "amount_paise": 1410400}}
{"timestamp": "2026-09-04T11:23:51.690430+00:00", "event": "ROWS_MATCHED", "status": "OK", "rule": "PASS1_EXACT", "confidence": 1.0, "params": {"txn_id": "TXN000458", "order_id": "ORD0458", "amount_paise": 1376000}}
{"timestamp": "2026-09-04T11:23:51.690955+00:00", "event": "ROWS_MATCHED", "status": "OK", "rule": "PASS1_EXACT", "confidence": 1.0, "params": {"txn_id": "TXN000459", "order_id": "ORD0459", "amount_paise": 471900}}
{"timestamp": "2026-09-04T11:23:51.691365+00:00", "event": "ROWS_MATCHED", "status": "OK", "rule": "PASS1_EXACT", "confidence": 1.0, "params": {"txn_id": "TXN000460", "order_id": "ORD0460", "amount_paise": 753500}}
{"timestamp": "2026-09-04T11:23:51.691749+00:00", "event": "ROWS_MATCHED", "status": "OK", "rule": "PASS1_EXACT", "confidence": 1.0, "params": {"txn_id": "TXN000462", "order_id": "ORD0462", "amount_paise": 1109700}}
{"timestamp": "2026-09-04T11:23:51.692097+00:00", "event": "ROWS_MATCHED", "status": "OK", "rule": "PASS1_EXACT", "confidence": 1.0, "params": {"txn_id": "TXN000463", "order_id": "ORD0463", "amount_paise": 824800}}
{"timestamp": "2026-09-04T11:23:51.692384+00:00", "event": "ROWS_MATCHED", "status": "OK", "rule": "PASS1_EXACT", "confidence": 1.0, "params": {"txn_id": "TXN000464", "order_id": "ORD0464", "amount_paise": 813800}}
{"timestamp": "2026-09-04T11:23:51.692671+00:00", "event": "ROWS_MATCHED", "status": "OK", "rule": "PASS1_EXACT", "confidence": 1.0, "params": {"txn_id": "TXN000465", "order_id": "ORD0465", "amount_paise": 438200}}
{"timestamp": "2026-09-04T11:23:51.692978+00:00", "event": "ROWS_MATCHED", "status": "OK", "rule": "PASS1_EXACT", "confidence": 1.0, "params": {"txn_id": "TXN000468", "order_id": "ORD0468", "amount_paise": 328000}}
{"timestamp": "2026-09-04T11:23:51.693326+00:00", "event": "ROWS_MATCHED", "status": "OK", "rule": "PASS1_EXACT", "confidence": 1.0, "params": {"txn_id": "TXN000470", "order_id": "ORD0470", "amount_paise": 408700}}
{"timestamp": "2026-09-04T11:23:51.693787+00:00", "event": "ROWS_MATCHED", "status": "OK", "rule": "PASS1_EXACT", "confidence": 1.0, "params": {"txn_id": "TXN000471", "order_id": "ORD0471", "amount_paise": 1181200}}
{"timestamp": "2026-09-04T11:23:51.694219+00:00", "event": "ROWS_MATCHED", "status": "OK", "rule": "PASS1_EXACT", "confidence": 1.0, "params": {"txn_id": "TXN000472", "order_id": "ORD0472", "amount_paise": 43200}}
{"timestamp": "2026-09-04T11:23:51.694632+00:00", "event": "ROWS_MATCHED", "status": "OK", "rule": "PASS1_EXACT", "confidence": 1.0, "params": {"txn_id": "TXN000473", "order_id": "ORD0473", "amount_paise": 677500}}
{"timestamp": "2026-09-04T11:23:51.695251+00:00", "event": "ROWS_MATCHED", "status": "OK", "rule": "PASS1_EXACT", "confidence": 1.0, "params": {"txn_id": "TXN000474", "order_id": "ORD0474", "amount_paise": 1102800}}
{"timestamp": "2026-09-04T11:23:51.695784+00:00", "event": "ROWS_MATCHED", "status": "OK", "rule": "PASS1_EXACT", "confidence": 1.0, "params": {"txn_id": "TXN000475", "order_id": "ORD0475", "amount_paise": 921800}}
{"timestamp": "2026-09-04T11:23:51.696254+00:00", "event": "ROWS_MATCHED", "status": "OK", "rule": "PASS1_EXACT", "confidence": 1.0, "params": {"txn_id": "TXN000476", "order_id": "ORD0476", "amount_paise": 1237100}}
{"timestamp": "2026-09-04T11:23:51.696820+00:00", "event": "ROWS_MATCHED", "status": "OK", "rule": "PASS1_EXACT", "confidence": 1.0, "params": {"txn_id": "TXN000477", "order_id": "ORD0477", "amount_paise": 1166500}}
{"timestamp": "2026-09-04T11:23:51.697450+00:00", "event": "ROWS_MATCHED", "status": "OK", "rule": "PASS1_EXACT", "confidence": 1.0, "params": {"txn_id": "TXN000478", "order_id": "ORD0478", "amount_paise": 426800}}
{"timestamp": "2026-09-04T11:23:51.697969+00:00", "event": "ROWS_MATCHED", "status": "OK", "rule": "PASS1_EXACT", "confidence": 1.0, "params": {"txn_id": "TXN000479", "order_id": "ORD0479", "amount_paise": 330500}}
{"timestamp": "2026-09-04T11:23:51.698524+00:00", "event": "ROWS_MATCHED", "status": "OK", "rule": "PASS1_EXACT", "confidence": 1.0, "params": {"txn_id": "TXN000484", "order_id": "ORD0484", "amount_paise": 179700}}
{"timestamp": "2026-09-04T11:23:51.698978+00:00", "event": "ROWS_MATCHED", "status": "OK", "rule": "PASS1_EXACT", "confidence": 1.0, "params": {"txn_id": "TXN000485", "order_id": "ORD0485", "amount_paise": 387700}}
{"timestamp": "2026-09-04T11:23:51.699474+00:00", "event": "ROWS_MATCHED", "status": "OK", "rule": "PASS1_EXACT", "confidence": 1.0, "params": {"txn_id": "TXN000491", "order_id": "ORD0491", "amount_paise": 955500}}
{"timestamp": "2026-09-04T11:23:51.699949+00:00", "event": "ROWS_MATCHED", "status": "OK", "rule": "PASS1_EXACT", "confidence": 1.0, "params": {"txn_id": "TXN000492", "order_id": "ORD0492", "amount_paise": 736600}}
{"timestamp": "2026-09-04T11:23:51.700525+00:00", "event": "ROWS_MATCHED", "status": "OK", "rule": "PASS1_EXACT", "confidence": 1.0, "params": {"txn_id": "TXN000495", "order_id": "ORD0495", "amount_paise": 671500}}
{"timestamp": "2026-09-04T11:23:51.701005+00:00", "event": "ROWS_MATCHED", "status": "OK", "rule": "PASS1_EXACT", "confidence": 1.0, "params": {"txn_id": "TXN000496", "order_id": "ORD0496", "amount_paise": 1046200}}
{"timestamp": "2026-09-04T11:23:51.701416+00:00", "event": "PASS1_COMPLETE", "status": "OK", "rule": "exact", "confidence": null, "params": {"matched": 396, "remaining_gateway": 104}}
{"timestamp": "2026-09-04T11:23:51.736490+00:00", "event": "ROWS_MATCHED", "status": "OK", "rule": "PASS2_FEE_TOLERANT", "confidence": 0.95, "params": {"txn_id": "TXN000326", "order_id": "ORD0326", "amount_paise": 307500}}
{"timestamp": "2026-09-04T11:23:51.737016+00:00", "event": "ROWS_MATCHED", "status": "OK", "rule": "PASS2_FEE_TOLERANT", "confidence": 0.95, "params": {"txn_id": "TXN000327", "order_id": "ORD0327", "amount_paise": 449900}}
{"timestamp": "2026-09-04T11:23:51.737380+00:00", "event": "ROWS_MATCHED", "status": "OK", "rule": "PASS2_FEE_TOLERANT", "confidence": 0.95, "params": {"txn_id": "TXN000328", "order_id": "ORD0328", "amount_paise": 726900}}
{"timestamp": "2026-09-04T11:23:51.737702+00:00", "event": "ROWS_MATCHED", "status": "OK", "rule": "PASS2_FEE_TOLERANT", "confidence": 0.95, "params": {"txn_id": "TXN000329", "order_id": "ORD0329", "amount_paise": 528900}}
{"timestamp": "2026-09-04T11:23:51.738107+00:00", "event": "ROWS_MATCHED", "status": "OK", "rule": "PASS2_FEE_TOLERANT", "confidence": 0.95, "params": {"txn_id": "TXN000330", "order_id": "ORD0330", "amount_paise": 852900}}
{"timestamp": "2026-09-04T11:23:51.738479+00:00", "event": "ROWS_MATCHED", "status": "OK", "rule": "PASS2_FEE_TOLERANT", "confidence": 0.95, "params": {"txn_id": "TXN000331", "order_id": "ORD0331", "amount_paise": 959600}}
{"timestamp": "2026-09-04T11:23:51.738825+00:00", "event": "ROWS_MATCHED", "status": "OK", "rule": "PASS2_FEE_TOLERANT", "confidence": 0.95, "params": {"txn_id": "TXN000332", "order_id": "ORD0332", "amount_paise": 1176200}}
{"timestamp": "2026-09-04T11:23:51.739175+00:00", "event": "ROWS_MATCHED", "status": "OK", "rule": "PASS2_FEE_TOLERANT", "confidence": 0.95, "params": {"txn_id": "TXN000333", "order_id": "ORD0333", "amount_paise": 1336300}}
{"timestamp": "2026-09-04T11:23:51.739488+00:00", "event": "ROWS_MATCHED", "status": "OK", "rule": "PASS2_FEE_TOLERANT", "confidence": 0.95, "params": {"txn_id": "TXN000334", "order_id": "ORD0334", "amount_paise": 1230600}}
{"timestamp": "2026-09-04T11:23:51.739917+00:00", "event": "ROWS_MATCHED", "status": "OK", "rule": "PASS2_FEE_TOLERANT", "confidence": 0.95, "params": {"txn_id": "TXN000335", "order_id": "ORD0335", "amount_paise": 611700}}
{"timestamp": "2026-09-04T11:23:51.740277+00:00", "event": "ROWS_MATCHED", "status": "OK", "rule": "PASS2_FEE_TOLERANT", "confidence": 0.95, "params": {"txn_id": "TXN000336", "order_id": "ORD0336", "amount_paise": 1103200}}
{"timestamp": "2026-09-04T11:23:51.740749+00:00", "event": "ROWS_MATCHED", "status": "OK", "rule": "PASS2_FEE_TOLERANT", "confidence": 0.95, "params": {"txn_id": "TXN000337", "order_id": "ORD0337", "amount_paise": 529300}}
{"timestamp": "2026-09-04T11:23:51.741218+00:00", "event": "ROWS_MATCHED", "status": "OK", "rule": "PASS2_FEE_TOLERANT", "confidence": 0.95, "params": {"txn_id": "TXN000338", "order_id": "ORD0338", "amount_paise": 1194200}}
{"timestamp": "2026-09-04T11:23:51.741659+00:00", "event": "ROWS_MATCHED", "status": "OK", "rule": "PASS2_FEE_TOLERANT", "confidence": 0.95, "params": {"txn_id": "TXN000339", "order_id": "ORD0339", "amount_paise": 521700}}
{"timestamp": "2026-09-04T11:23:51.742293+00:00", "event": "ROWS_MATCHED", "status": "OK", "rule": "PASS2_FEE_TOLERANT", "confidence": 0.95, "params": {"txn_id": "TXN000340", "order_id": "ORD0340", "amount_paise": 674200}}
{"timestamp": "2026-09-04T11:23:51.742788+00:00", "event": "ROWS_MATCHED", "status": "OK", "rule": "PASS2_FEE_TOLERANT", "confidence": 0.95, "params": {"txn_id": "TXN000341", "order_id": "ORD0341", "amount_paise": 223500}}
{"timestamp": "2026-09-04T11:23:51.743338+00:00", "event": "ROWS_MATCHED", "status": "OK", "rule": "PASS2_FEE_TOLERANT", "confidence": 0.95, "params": {"txn_id": "TXN000342", "order_id": "ORD0342", "amount_paise": 636100}}
{"timestamp": "2026-09-04T11:23:51.743647+00:00", "event": "ROWS_MATCHED", "status": "OK", "rule": "PASS2_FEE_TOLERANT", "confidence": 0.95, "params": {"txn_id": "TXN000343", "order_id": "ORD0343", "amount_paise": 300100}}
{"timestamp": "2026-09-04T11:23:51.743974+00:00", "event": "ROWS_MATCHED", "status": "OK", "rule": "PASS2_FEE_TOLERANT", "confidence": 0.95, "params": {"txn_id": "TXN000344", "order_id": "ORD0344", "amount_paise": 680300}}
{"timestamp": "2026-09-04T11:23:51.744327+00:00", "event": "ROWS_MATCHED", "status": "OK", "rule": "PASS2_FEE_TOLERANT", "confidence": 0.95, "params": {"txn_id": "TXN000345", "order_id": "ORD0345", "amount_paise": 512800}}
{"timestamp": "2026-09-04T11:23:51.744816+00:00", "event": "ROWS_MATCHED", "status": "OK", "rule": "PASS2_FEE_TOLERANT", "confidence": 0.95, "params": {"txn_id": "TXN000346", "order_id": "ORD0346", "amount_paise": 1302300}}
{"timestamp": "2026-09-04T11:23:51.745476+00:00", "event": "ROWS_MATCHED", "status": "OK", "rule": "PASS2_FEE_TOLERANT", "confidence": 0.95, "params": {"txn_id": "TXN000347", "order_id": "ORD0347", "amount_paise": 542900}}
{"timestamp": "2026-09-04T11:23:51.746085+00:00", "event": "ROWS_MATCHED", "status": "OK", "rule": "PASS2_FEE_TOLERANT", "confidence": 0.95, "params": {"txn_id": "TXN000348", "order_id": "ORD0348", "amount_paise": 1121900}}
{"timestamp": "2026-09-04T11:23:51.746563+00:00", "event": "ROWS_MATCHED", "status": "OK", "rule": "PASS2_FEE_TOLERANT", "confidence": 0.95, "params": {"txn_id": "TXN000349", "order_id": "ORD0349", "amount_paise": 1315400}}
{"timestamp": "2026-09-04T11:23:51.747008+00:00", "event": "ROWS_MATCHED", "status": "OK", "rule": "PASS2_FEE_TOLERANT", "confidence": 0.95, "params": {"txn_id": "TXN000350", "order_id": "ORD0350", "amount_paise": 1220700}}
{"timestamp": "2026-09-04T11:23:51.747532+00:00", "event": "ROWS_MATCHED", "status": "OK", "rule": "PASS2_FEE_TOLERANT", "confidence": 0.95, "params": {"txn_id": "TXN000351", "order_id": "ORD0351", "amount_paise": 479900}}
{"timestamp": "2026-09-04T11:23:51.748012+00:00", "event": "ROWS_MATCHED", "status": "OK", "rule": "PASS2_FEE_TOLERANT", "confidence": 0.95, "params": {"txn_id": "TXN000352", "order_id": "ORD0352", "amount_paise": 1029500}}
{"timestamp": "2026-09-04T11:23:51.748476+00:00", "event": "ROWS_MATCHED", "status": "OK", "rule": "PASS2_FEE_TOLERANT", "confidence": 0.95, "params": {"txn_id": "TXN000353", "order_id": "ORD0353", "amount_paise": 1245600}}
{"timestamp": "2026-09-04T11:23:51.748911+00:00", "event": "ROWS_MATCHED", "status": "OK", "rule": "PASS2_FEE_TOLERANT", "confidence": 0.95, "params": {"txn_id": "TXN000354", "order_id": "ORD0354", "amount_paise": 383000}}
{"timestamp": "2026-09-04T11:23:51.749339+00:00", "event": "ROWS_MATCHED", "status": "OK", "rule": "PASS2_FEE_TOLERANT", "confidence": 0.95, "params": {"txn_id": "TXN000355", "order_id": "ORD0355", "amount_paise": 55000}}
{"timestamp": "2026-09-04T11:23:51.749907+00:00", "event": "ROWS_MATCHED", "status": "OK", "rule": "PASS2_FEE_TOLERANT", "confidence": 0.95, "params": {"txn_id": "TXN000356", "order_id": "ORD0356", "amount_paise": 793400}}
{"timestamp": "2026-09-04T11:23:51.750278+00:00", "event": "ROWS_MATCHED", "status": "OK", "rule": "PASS2_FEE_TOLERANT", "confidence": 0.95, "params": {"txn_id": "TXN000357", "order_id": "ORD0357", "amount_paise": 134300}}
{"timestamp": "2026-09-04T11:23:51.750616+00:00", "event": "ROWS_MATCHED", "status": "OK", "rule": "PASS2_FEE_TOLERANT", "confidence": 0.95, "params": {"txn_id": "TXN000358", "order_id": "ORD0358", "amount_paise": 1046800}}
{"timestamp": "2026-09-04T11:23:51.751207+00:00", "event": "ROWS_MATCHED", "status": "OK", "rule": "PASS2_FEE_TOLERANT", "confidence": 0.95, "params": {"txn_id": "TXN000359", "order_id": "ORD0359", "amount_paise": 1155900}}
{"timestamp": "2026-09-04T11:23:51.751706+00:00", "event": "ROWS_MATCHED", "status": "OK", "rule": "PASS2_FEE_TOLERANT", "confidence": 0.95, "params": {"txn_id": "TXN000360", "order_id": "ORD0360", "amount_paise": 414700}}
{"timestamp": "2026-09-04T11:23:51.752133+00:00", "event": "ROWS_MATCHED", "status": "OK", "rule": "PASS2_FEE_TOLERANT", "confidence": 0.95, "params": {"txn_id": "TXN000361", "order_id": "ORD0361", "amount_paise": 24000}}
{"timestamp": "2026-09-04T11:23:51.752615+00:00", "event": "ROWS_MATCHED", "status": "OK", "rule": "PASS2_FEE_TOLERANT", "confidence": 0.95, "params": {"txn_id": "TXN000362", "order_id": "ORD0362", "amount_paise": 1276600}}
{"timestamp": "2026-09-04T11:23:51.753035+00:00", "event": "ROWS_MATCHED", "status": "OK", "rule": "PASS2_FEE_TOLERANT", "confidence": 0.95, "params": {"txn_id": "TXN000363", "order_id": "ORD0363", "amount_paise": 711500}}
{"timestamp": "2026-09-04T11:23:51.753476+00:00", "event": "ROWS_MATCHED", "status": "OK", "rule": "PASS2_FEE_TOLERANT", "confidence": 0.95, "params": {"txn_id": "TXN000364", "order_id": "ORD0364", "amount_paise": 1155100}}
{"timestamp": "2026-09-04T11:23:51.753893+00:00", "event": "ROWS_MATCHED", "status": "OK", "rule": "PASS2_FEE_TOLERANT", "confidence": 0.95, "params": {"txn_id": "TXN000365", "order_id": "ORD0365", "amount_paise": 928200}}
{"timestamp": "2026-09-04T11:23:51.754322+00:00", "event": "ROWS_MATCHED", "status": "OK", "rule": "PASS2_FEE_TOLERANT", "confidence": 0.95, "params": {"txn_id": "TXN000366", "order_id": "ORD0366", "amount_paise": 213800}}
{"timestamp": "2026-09-04T11:23:51.754799+00:00", "event": "ROWS_MATCHED", "status": "OK", "rule": "PASS2_FEE_TOLERANT", "confidence": 0.95, "params": {"txn_id": "TXN000367", "order_id": "ORD0367", "amount_paise": 776200}}
{"timestamp": "2026-09-04T11:23:51.755194+00:00", "event": "ROWS_MATCHED", "status": "OK", "rule": "PASS2_FEE_TOLERANT", "confidence": 0.95, "params": {"txn_id": "TXN000368", "order_id": "ORD0368", "amount_paise": 930700}}
{"timestamp": "2026-09-04T11:23:51.755643+00:00", "event": "ROWS_MATCHED", "status": "OK", "rule": "PASS2_FEE_TOLERANT", "confidence": 0.95, "params": {"txn_id": "TXN000369", "order_id": "ORD0369", "amount_paise": 1252400}}
{"timestamp": "2026-09-04T11:23:51.756096+00:00", "event": "ROWS_MATCHED", "status": "OK", "rule": "PASS2_FEE_TOLERANT", "confidence": 0.95, "params": {"txn_id": "TXN000370", "order_id": "ORD0370", "amount_paise": 1350300}}
{"timestamp": "2026-09-04T11:23:51.756658+00:00", "event": "ROWS_MATCHED", "status": "OK", "rule": "PASS2_FEE_TOLERANT", "confidence": 0.95, "params": {"txn_id": "TXN000371", "order_id": "ORD0371", "amount_paise": 714100}}
{"timestamp": "2026-09-04T11:23:51.757262+00:00", "event": "ROWS_MATCHED", "status": "OK", "rule": "PASS2_FEE_TOLERANT", "confidence": 0.95, "params": {"txn_id": "TXN000372", "order_id": "ORD0372", "amount_paise": 745500}}
{"timestamp": "2026-09-04T11:23:51.757825+00:00", "event": "ROWS_MATCHED", "status": "OK", "rule": "PASS2_FEE_TOLERANT", "confidence": 0.95, "params": {"txn_id": "TXN000373", "order_id": "ORD0373", "amount_paise": 1426400}}
{"timestamp": "2026-09-04T11:23:51.758452+00:00", "event": "ROWS_MATCHED", "status": "OK", "rule": "PASS2_FEE_TOLERANT", "confidence": 0.95, "params": {"txn_id": "TXN000374", "order_id": "ORD0374", "amount_paise": 1246700}}
{"timestamp": "2026-09-04T11:23:51.759072+00:00", "event": "ROWS_MATCHED", "status": "OK", "rule": "PASS2_FEE_TOLERANT", "confidence": 0.95, "params": {"txn_id": "TXN000375", "order_id": "ORD0375", "amount_paise": 469300}}
{"timestamp": "2026-09-04T11:23:51.759630+00:00", "event": "ROWS_MATCHED", "status": "OK", "rule": "PASS2_FEE_TOLERANT", "confidence": 0.95, "params": {"txn_id": "TXN000376", "order_id": "ORD0376", "amount_paise": 808900}}
{"timestamp": "2026-09-04T11:23:51.760306+00:00", "event": "ROWS_MATCHED", "status": "OK", "rule": "PASS2_FEE_TOLERANT", "confidence": 0.95, "params": {"txn_id": "TXN000377", "order_id": "ORD0377", "amount_paise": 735600}}
{"timestamp": "2026-09-04T11:23:51.761208+00:00", "event": "ROWS_MATCHED", "status": "OK", "rule": "PASS2_FEE_TOLERANT", "confidence": 0.95, "params": {"txn_id": "TXN000378", "order_id": "ORD0378", "amount_paise": 399100}}
{"timestamp": "2026-09-04T11:23:51.761691+00:00", "event": "ROWS_MATCHED", "status": "OK", "rule": "PASS2_FEE_TOLERANT", "confidence": 0.95, "params": {"txn_id": "TXN000379", "order_id": "ORD0379", "amount_paise": 1478100}}
{"timestamp": "2026-09-04T11:23:51.762045+00:00", "event": "ROWS_MATCHED", "status": "OK", "rule": "PASS2_FEE_TOLERANT", "confidence": 0.95, "params": {"txn_id": "TXN000380", "order_id": "ORD0380", "amount_paise": 262100}}
{"timestamp": "2026-09-04T11:23:51.762355+00:00", "event": "ROWS_MATCHED", "status": "OK", "rule": "PASS2_FEE_TOLERANT", "confidence": 0.95, "params": {"txn_id": "TXN000381", "order_id": "ORD0381", "amount_paise": 265300}}
{"timestamp": "2026-09-04T11:23:51.762749+00:00", "event": "ROWS_MATCHED", "status": "OK", "rule": "PASS2_FEE_TOLERANT", "confidence": 0.95, "params": {"txn_id": "TXN000382", "order_id": "ORD0382", "amount_paise": 694700}}
{"timestamp": "2026-09-04T11:23:51.763472+00:00", "event": "ROWS_MATCHED", "status": "OK", "rule": "PASS2_FEE_TOLERANT", "confidence": 0.95, "params": {"txn_id": "TXN000383", "order_id": "ORD0383", "amount_paise": 778300}}
{"timestamp": "2026-09-04T11:23:51.764033+00:00", "event": "ROWS_MATCHED", "status": "OK", "rule": "PASS2_FEE_TOLERANT", "confidence": 0.95, "params": {"txn_id": "TXN000384", "order_id": "ORD0384", "amount_paise": 1379600}}
{"timestamp": "2026-09-04T11:23:51.764582+00:00", "event": "ROWS_MATCHED", "status": "OK", "rule": "PASS2_FEE_TOLERANT", "confidence": 0.95, "params": {"txn_id": "TXN000385", "order_id": "ORD0385", "amount_paise": 1276200}}
{"timestamp": "2026-09-04T11:23:51.765099+00:00", "event": "ROWS_MATCHED", "status": "OK", "rule": "PASS2_FEE_TOLERANT", "confidence": 0.95, "params": {"txn_id": "TXN000386", "order_id": "ORD0386", "amount_paise": 47000}}
{"timestamp": "2026-09-04T11:23:51.765616+00:00", "event": "ROWS_MATCHED", "status": "OK", "rule": "PASS2_FEE_TOLERANT", "confidence": 0.95, "params": {"txn_id": "TXN000387", "order_id": "ORD0387", "amount_paise": 958200}}
{"timestamp": "2026-09-04T11:23:51.766176+00:00", "event": "ROWS_MATCHED", "status": "OK", "rule": "PASS2_FEE_TOLERANT", "confidence": 0.95, "params": {"txn_id": "TXN000388", "order_id": "ORD0388", "amount_paise": 591300}}
{"timestamp": "2026-09-04T11:23:51.766720+00:00", "event": "ROWS_MATCHED", "status": "OK", "rule": "PASS2_FEE_TOLERANT", "confidence": 0.95, "params": {"txn_id": "TXN000389", "order_id": "ORD0389", "amount_paise": 1413200}}
{"timestamp": "2026-09-04T11:23:51.767241+00:00", "event": "ROWS_MATCHED", "status": "OK", "rule": "PASS2_FEE_TOLERANT", "confidence": 0.95, "params": {"txn_id": "TXN000390", "order_id": "ORD0390", "amount_paise": 701500}}
{"timestamp": "2026-09-04T11:23:51.767744+00:00", "event": "ROWS_MATCHED", "status": "OK", "rule": "PASS2_FEE_TOLERANT", "confidence": 0.95, "params": {"txn_id": "TXN000391", "order_id": "ORD0391", "amount_paise": 909700}}
{"timestamp": "2026-09-04T11:23:51.768298+00:00", "event": "ROWS_MATCHED", "status": "OK", "rule": "PASS2_FEE_TOLERANT", "confidence": 0.95, "params": {"txn_id": "TXN000392", "order_id": "ORD0392", "amount_paise": 376300}}
{"timestamp": "2026-09-04T11:23:51.769320+00:00", "event": "ROWS_MATCHED", "status": "OK", "rule": "PASS2_FEE_TOLERANT", "confidence": 0.95, "params": {"txn_id": "TXN000393", "order_id": "ORD0393", "amount_paise": 729000}}
{"timestamp": "2026-09-04T11:23:51.770260+00:00", "event": "ROWS_MATCHED", "status": "OK", "rule": "PASS2_FEE_TOLERANT", "confidence": 0.95, "params": {"txn_id": "TXN000394", "order_id": "ORD0394", "amount_paise": 565700}}
{"timestamp": "2026-09-04T11:23:51.771379+00:00", "event": "ROWS_MATCHED", "status": "OK", "rule": "PASS2_FEE_TOLERANT", "confidence": 0.95, "params": {"txn_id": "TXN000395", "order_id": "ORD0395", "amount_paise": 677400}}
{"timestamp": "2026-09-04T11:23:51.772075+00:00", "event": "ROWS_MATCHED", "status": "OK", "rule": "PASS2_FEE_TOLERANT", "confidence": 0.95, "params": {"txn_id": "TXN000396", "order_id": "ORD0396", "amount_paise": 780700}}
{"timestamp": "2026-09-04T11:23:51.772854+00:00", "event": "ROWS_MATCHED", "status": "OK", "rule": "PASS2_FEE_TOLERANT", "confidence": 0.95, "params": {"txn_id": "TXN000397", "order_id": "ORD0397", "amount_paise": 1034500}}
{"timestamp": "2026-09-04T11:23:51.773589+00:00", "event": "ROWS_MATCHED", "status": "OK", "rule": "PASS2_FEE_TOLERANT", "confidence": 0.95, "params": {"txn_id": "TXN000398", "order_id": "ORD0398", "amount_paise": 660500}}
{"timestamp": "2026-09-04T11:23:51.774426+00:00", "event": "ROWS_MATCHED", "status": "OK", "rule": "PASS2_FEE_TOLERANT", "confidence": 0.95, "params": {"txn_id": "TXN000399", "order_id": "ORD0399", "amount_paise": 59400}}
{"timestamp": "2026-09-04T11:23:51.775549+00:00", "event": "ROWS_MATCHED", "status": "OK", "rule": "PASS2_FEE_TOLERANT", "confidence": 0.95, "params": {"txn_id": "TXN000400", "order_id": "ORD0400", "amount_paise": 237300}}
{"timestamp": "2026-09-04T11:23:51.776336+00:00", "event": "ROWS_MATCHED", "status": "OK", "rule": "PASS2_FEE_TOLERANT", "confidence": 0.95, "params": {"txn_id": "TXN000401", "order_id": "ORD0401", "amount_paise": 97300}}
{"timestamp": "2026-09-04T11:23:51.776897+00:00", "event": "ROWS_MATCHED", "status": "OK", "rule": "PASS2_FEE_TOLERANT", "confidence": 0.95, "params": {"txn_id": "TXN000402", "order_id": "ORD0402", "amount_paise": 361700}}
{"timestamp": "2026-09-04T11:23:51.777645+00:00", "event": "ROWS_MATCHED", "status": "OK", "rule": "PASS2_FEE_TOLERANT", "confidence": 0.95, "params": {"txn_id": "TXN000403", "order_id": "ORD0403", "amount_paise": 1262100}}
{"timestamp": "2026-09-04T11:23:51.778316+00:00", "event": "ROWS_MATCHED", "status": "OK", "rule": "PASS2_FEE_TOLERANT", "confidence": 0.95, "params": {"txn_id": "TXN000404", "order_id": "ORD0404", "amount_paise": 1247000}}
{"timestamp": "2026-09-04T11:23:51.779171+00:00", "event": "ROWS_MATCHED", "status": "OK", "rule": "PASS2_FEE_TOLERANT", "confidence": 0.95, "params": {"txn_id": "TXN000405", "order_id": "ORD0405", "amount_paise": 1382900}}
{"timestamp": "2026-09-04T11:23:51.779840+00:00", "event": "ROWS_MATCHED", "status": "OK", "rule": "PASS2_FEE_TOLERANT", "confidence": 0.95, "params": {"txn_id": "TXN000406", "order_id": "ORD0406", "amount_paise": 1242200}}
{"timestamp": "2026-09-04T11:23:51.780560+00:00", "event": "ROWS_MATCHED", "status": "OK", "rule": "PASS2_FEE_TOLERANT", "confidence": 0.95, "params": {"txn_id": "TXN000407", "order_id": "ORD0407", "amount_paise": 588300}}
{"timestamp": "2026-09-04T11:23:51.781459+00:00", "event": "ROWS_MATCHED", "status": "OK", "rule": "PASS2_FEE_TOLERANT", "confidence": 0.95, "params": {"txn_id": "TXN000408", "order_id": "ORD0408", "amount_paise": 1294900}}
{"timestamp": "2026-09-04T11:23:51.782318+00:00", "event": "ROWS_MATCHED", "status": "OK", "rule": "PASS2_FEE_TOLERANT", "confidence": 0.95, "params": {"txn_id": "TXN000409", "order_id": "ORD0409", "amount_paise": 65800}}
{"timestamp": "2026-09-04T11:23:51.782942+00:00", "event": "ROWS_MATCHED", "status": "OK", "rule": "PASS2_FEE_TOLERANT", "confidence": 0.95, "params": {"txn_id": "TXN000410", "order_id": "ORD0410", "amount_paise": 48300}}
{"timestamp": "2026-09-04T11:23:51.783414+00:00", "event": "PASS2_COMPLETE", "status": "OK", "rule": "fee_tolerant", "confidence": null, "params": {"matched": 85, "remaining_gateway": 19}}
{"timestamp": "2026-09-04T11:23:51.783805+00:00", "event": "PASS3_START", "status": "OK", "rule": "ai", "confidence": null, "params": {"residual": 19}}
{"timestamp": "2026-09-04T11:23:51.786079+00:00", "event": "DECISION_ESCALATED", "status": "ESCALATED_TO_HUMAN", "rule": "heuristic", "confidence": 0.2, "params": {"txn_id": "TXN000461", "order_id": "ORD0461", "gateway_paise": 1244500, "bank_paise": 1199500, "ledger_paise": 1244500, "gateway_rupees": 12445.0, "bank_rupees": 11995.0}}
{"timestamp": "2026-09-04T11:23:51.787614+00:00", "event": "DECISION_ESCALATED", "status": "ESCALATED_TO_HUMAN", "rule": "heuristic", "confidence": 0.2, "params": {"txn_id": "TXN000466", "order_id": "ORD0466", "gateway_paise": 991700, "bank_paise": 946700, "ledger_paise": 991700, "gateway_rupees": 9917.0, "bank_rupees": 9467.0}}
{"timestamp": "2026-09-04T11:23:51.789153+00:00", "event": "DECISION_ESCALATED", "status": "ESCALATED_TO_HUMAN", "rule": "heuristic", "confidence": 0.2, "params": {"txn_id": "TXN000467", "order_id": "ORD0467", "gateway_paise": 925600, "bank_paise": 880600, "ledger_paise": 925600, "gateway_rupees": 9256.0, "bank_rupees": 8806.0}}
{"timestamp": "2026-09-04T11:23:51.790585+00:00", "event": "DECISION_ESCALATED", "status": "ESCALATED_TO_HUMAN", "rule": "heuristic", "confidence": 0.2, "params": {"txn_id": "TXN000469", "order_id": "ORD0469", "gateway_paise": 680800, "bank_paise": 635800, "ledger_paise": 680800, "gateway_rupees": 6808.0, "bank_rupees": 6358.0}}
{"timestamp": "2026-09-04T11:23:51.792042+00:00", "event": "DECISION_ESCALATED", "status": "ESCALATED_TO_HUMAN", "rule": "heuristic", "confidence": 0.2, "params": {"txn_id": "TXN000480", "order_id": "ORD0480", "gateway_paise": 892900, "bank_paise": 847900, "ledger_paise": 892900, "gateway_rupees": 8929.0, "bank_rupees": 8479.0}}
{"timestamp": "2026-09-04T11:23:51.793466+00:00", "event": "DECISION_ESCALATED", "status": "ESCALATED_TO_HUMAN", "rule": "heuristic", "confidence": 0.2, "params": {"txn_id": "TXN000481", "order_id": "ORD0481", "gateway_paise": 328800, "bank_paise": 283800, "ledger_paise": 328800, "gateway_rupees": 3288.0, "bank_rupees": 2838.0}}
{"timestamp": "2026-09-04T11:23:51.795109+00:00", "event": "DECISION_ESCALATED", "status": "ESCALATED_TO_HUMAN", "rule": "heuristic", "confidence": 0.2, "params": {"txn_id": "TXN000482", "order_id": "ORD0482", "gateway_paise": 468000, "bank_paise": 423000, "ledger_paise": 468000, "gateway_rupees": 4680.0, "bank_rupees": 4230.0}}
{"timestamp": "2026-09-04T11:23:51.797039+00:00", "event": "DECISION_ESCALATED", "status": "ESCALATED_TO_HUMAN", "rule": "heuristic", "confidence": 0.2, "params": {"txn_id": "TXN000483", "order_id": "ORD0483", "gateway_paise": 1260500, "bank_paise": 1215500, "ledger_paise": 1260500, "gateway_rupees": 12605.0, "bank_rupees": 12155.0}}
{"timestamp": "2026-09-04T11:23:51.799390+00:00", "event": "DECISION_ESCALATED", "status": "ESCALATED_TO_HUMAN", "rule": "heuristic", "confidence": 0.2, "params": {"txn_id": "TXN000486", "order_id": "ORD0486", "gateway_paise": 38100, "bank_paise": -6900, "ledger_paise": 38100, "gateway_rupees": 381.0, "bank_rupees": -69.0}}
{"timestamp": "2026-09-04T11:23:51.801163+00:00", "event": "DECISION_ESCALATED", "status": "ESCALATED_TO_HUMAN", "rule": "heuristic", "confidence": 0.2, "params": {"txn_id": "TXN000487", "order_id": "ORD0487", "gateway_paise": 464400, "bank_paise": 419400, "ledger_paise": 464400, "gateway_rupees": 4644.0, "bank_rupees": 4194.0}}
{"timestamp": "2026-09-04T11:23:51.802625+00:00", "event": "DECISION_ESCALATED", "status": "ESCALATED_TO_HUMAN", "rule": "heuristic", "confidence": 0.2, "params": {"txn_id": "TXN000488", "order_id": "ORD0488", "gateway_paise": 921600, "bank_paise": 876600, "ledger_paise": 921600, "gateway_rupees": 9216.0, "bank_rupees": 8766.0}}
{"timestamp": "2026-09-04T11:23:51.804064+00:00", "event": "DECISION_ESCALATED", "status": "ESCALATED_TO_HUMAN", "rule": "heuristic", "confidence": 0.2, "params": {"txn_id": "TXN000489", "order_id": "ORD0489", "gateway_paise": 221800, "bank_paise": 176800, "ledger_paise": 221800, "gateway_rupees": 2218.0, "bank_rupees": 1768.0}}
{"timestamp": "2026-09-04T11:23:51.805492+00:00", "event": "DECISION_ESCALATED", "status": "ESCALATED_TO_HUMAN", "rule": "heuristic", "confidence": 0.2, "params": {"txn_id": "TXN000490", "order_id": "ORD0490", "gateway_paise": 819200, "bank_paise": 774200, "ledger_paise": 819200, "gateway_rupees": 8192.0, "bank_rupees": 7742.0}}
{"timestamp": "2026-09-04T11:23:51.806895+00:00", "event": "DECISION_ESCALATED", "status": "ESCALATED_TO_HUMAN", "rule": "heuristic", "confidence": 0.2, "params": {"txn_id": "TXN000493", "order_id": "ORD0493", "gateway_paise": 99100, "bank_paise": 54100, "ledger_paise": 99100, "gateway_rupees": 991.0, "bank_rupees": 541.0}}
{"timestamp": "2026-09-04T11:23:51.808341+00:00", "event": "DECISION_ESCALATED", "status": "ESCALATED_TO_HUMAN", "rule": "heuristic", "confidence": 0.2, "params": {"txn_id": "TXN000494", "order_id": "ORD0494", "gateway_paise": 797700, "bank_paise": 752700, "ledger_paise": 797700, "gateway_rupees": 7977.0, "bank_rupees": 7527.0}}
{"timestamp": "2026-09-04T11:23:51.809875+00:00", "event": "DECISION_ESCALATED", "status": "ESCALATED_TO_HUMAN", "rule": "heuristic", "confidence": 0.2, "params": {"txn_id": "TXN000497", "order_id": "ORD0497", "gateway_paise": 259400, "bank_paise": 214400, "ledger_paise": 259400, "gateway_rupees": 2594.0, "bank_rupees": 2144.0}}
{"timestamp": "2026-09-04T11:23:51.811471+00:00", "event": "DECISION_ESCALATED", "status": "ESCALATED_TO_HUMAN", "rule": "heuristic", "confidence": 0.2, "params": {"txn_id": "TXN000498", "order_id": "ORD0498", "gateway_paise": 512800, "bank_paise": 467800, "ledger_paise": 512800, "gateway_rupees": 5128.0, "bank_rupees": 4678.0}}
{"timestamp": "2026-09-04T11:23:51.813693+00:00", "event": "DECISION_ESCALATED", "status": "ESCALATED_TO_HUMAN", "rule": "heuristic", "confidence": 0.2, "params": {"txn_id": "TXN000499", "order_id": "ORD0499", "gateway_paise": 209000, "bank_paise": 164000, "ledger_paise": 209000, "gateway_rupees": 2090.0, "bank_rupees": 1640.0}}
{"timestamp": "2026-09-04T11:23:51.816033+00:00", "event": "DECISION_ESCALATED", "status": "ESCALATED_TO_HUMAN", "rule": "heuristic", "confidence": 0.2, "params": {"txn_id": "TXN000500", "order_id": "ORD0500", "gateway_paise": 1008300, "bank_paise": 963300, "ledger_paise": 1008300, "gateway_rupees": 10083.0, "bank_rupees": 9633.0}}
{"timestamp": "2026-09-04T11:23:51.818314+00:00", "event": "BATCH_COMPLETE", "status": "OK", "rule": "engine", "confidence": null, "params": {"total_gateway": 500, "total_bank": 500, "total_ledger": 500, "matched_exact_pass1": 396, "matched_fee_pass2": 85, "matched_ai_pass3": 0, "total_matched": 481, "unresolved_count": 19, "match_rate_pct": 96.2, "elapsed_sec": 0.527, "throughput_rec_sec": 912.69, "precision_pct": 100.0, "ai_settled": 0, "ai_escalated": 19}}
{"timestamp": "2026-09-04T11:24:17.687037+00:00", "event": "BATCH_START", "status": "OK", "rule": "engine", "confidence": null, "params": {"gateway": 100, "bank": 100, "ledger": 100}}
{"timestamp": "2026-09-04T11:24:17.746639+00:00", "event": "ROWS_MATCHED", "status": "OK", "rule": "PASS1_EXACT", "confidence": 1.0, "params": {"txn_id": "TXN000001", "order_id": "ORD0001", "amount_paise": 1062600}}
{"timestamp": "2026-09-04T11:24:17.747345+00:00", "event": "ROWS_MATCHED", "status": "OK", "rule": "PASS1_EXACT", "confidence": 1.0, "params": {"txn_id": "TXN000002", "order_id": "ORD0002", "amount_paise": 55900}}
{"timestamp": "2026-09-04T11:24:17.747745+00:00", "event": "ROWS_MATCHED", "status": "OK", "rule": "PASS1_EXACT", "confidence": 1.0, "params": {"txn_id": "TXN000003", "order_id": "ORD0003", "amount_paise": 465600}}
{"timestamp": "2026-09-04T11:24:17.748166+00:00", "event": "ROWS_MATCHED", "status": "OK", "rule": "PASS1_EXACT", "confidence": 1.0, "params": {"txn_id": "TXN000004", "order_id": "ORD0004", "amount_paise": 380700}}
{"timestamp": "2026-09-04T11:24:17.748583+00:00", "event": "ROWS_MATCHED", "status": "OK", "rule": "PASS1_EXACT", "confidence": 1.0, "params": {"txn_id": "TXN000005", "order_id": "ORD0005", "amount_paise": 1221600}}
{"timestamp": "2026-09-04T11:24:17.749144+00:00", "event": "ROWS_MATCHED", "status": "OK", "rule": "PASS1_EXACT", "confidence": 1.0, "params": {"txn_id": "TXN000006", "order_id": "ORD0006", "amount_paise": 1123700}}
{"timestamp": "2026-09-04T11:24:17.750080+00:00", "event": "ROWS_MATCHED", "status": "OK", "rule": "PASS1_EXACT", "confidence": 1.0, "params": {"txn_id": "TXN000007", "order_id": "ORD0007", "amount_paise": 1476700}}
{"timestamp": "2026-09-04T11:24:17.751427+00:00", "event": "ROWS_MATCHED", "status": "OK", "rule": "PASS1_EXACT", "confidence": 1.0, "params": {"txn_id": "TXN000008", "order_id": "ORD0008", "amount_paise": 157400}}
{"timestamp": "2026-09-04T11:24:17.752878+00:00", "event": "ROWS_MATCHED", "status": "OK", "rule": "PASS1_EXACT", "confidence": 1.0, "params": {"txn_id": "TXN000009", "order_id": "ORD0009", "amount_paise": 706200}}
{"timestamp": "2026-09-04T11:24:17.754052+00:00", "event": "ROWS_MATCHED", "status": "OK", "rule": "PASS1_EXACT", "confidence": 1.0, "params": {"txn_id": "TXN000010", "order_id": "ORD0010", "amount_paise": 63800}}
{"timestamp": "2026-09-04T11:24:17.755284+00:00", "event": "ROWS_MATCHED", "status": "OK", "rule": "PASS1_EXACT", "confidence": 1.0, "params": {"txn_id": "TXN000011", "order_id": "ORD0011", "amount_paise": 373200}}
{"timestamp": "2026-09-04T11:24:17.756364+00:00", "event": "ROWS_MATCHED", "status": "OK", "rule": "PASS1_EXACT", "confidence": 1.0, "params": {"txn_id": "TXN000012", "order_id": "ORD0012", "amount_paise": 842900}}
{"timestamp": "2026-09-04T11:24:17.757367+00:00", "event": "ROWS_MATCHED", "status": "OK", "rule": "PASS1_EXACT", "confidence": 1.0, "params": {"txn_id": "TXN000013", "order_id": "ORD0013", "amount_paise": 58400}}
{"timestamp": "2026-09-04T11:24:17.759570+00:00", "event": "ROWS_MATCHED", "status": "OK", "rule": "PASS1_EXACT", "confidence": 1.0, "params": {"txn_id": "TXN000014", "order_id": "ORD0014", "amount_paise": 340700}}
{"timestamp": "2026-09-04T11:24:17.761039+00:00", "event": "ROWS_MATCHED", "status": "OK", "rule": "PASS1_EXACT", "confidence": 1.0, "params": {"txn_id": "TXN000015", "order_id": "ORD0015", "amount_paise": 1079700}}
{"timestamp": "2026-09-04T11:24:17.762218+00:00", "event": "ROWS_MATCHED", "status": "OK", "rule": "PASS1_EXACT", "confidence": 1.0, "params": {"txn_id": "TXN000016", "order_id": "ORD0016", "amount_paise": 907800}}
{"timestamp": "2026-09-04T11:24:17.763399+00:00", "event": "ROWS_MATCHED", "status": "OK", "rule": "PASS1_EXACT", "confidence": 1.0, "params": {"txn_id": "TXN000017", "order_id": "ORD0017", "amount_paise": 376100}}
{"timestamp": "2026-09-04T11:24:17.764580+00:00", "event": "ROWS_MATCHED", "status": "OK", "rule": "PASS1_EXACT", "confidence": 1.0, "params": {"txn_id": "TXN000018", "order_id": "ORD0018", "amount_paise": 980400}}
{"timestamp": "2026-09-04T11:24:17.765769+00:00", "event": "ROWS_MATCHED", "status": "OK", "rule": "PASS1_EXACT", "confidence": 1.0, "params": {"txn_id": "TXN000019", "order_id": "ORD0019", "amount_paise": 1341100}}
{"timestamp": "2026-09-04T11:24:17.767591+00:00", "event": "ROWS_MATCHED", "status": "OK", "rule": "PASS1_EXACT", "confidence": 1.0, "params": {"txn_id": "TXN000020", "order_id": "ORD0020", "amount_paise": 25600}}
{"timestamp": "2026-09-04T11:24:17.769140+00:00", "event": "ROWS_MATCHED", "status": "OK", "rule": "PASS1_EXACT", "confidence": 1.0, "params": {"txn_id": "TXN000021", "order_id": "ORD0021", "amount_paise": 1335200}}
{"timestamp": "2026-09-04T11:24:17.770403+00:00", "event": "ROWS_MATCHED", "status": "OK", "rule": "PASS1_EXACT", "confidence": 1.0, "params": {"txn_id": "TXN000022", "order_id": "ORD0022", "amount_paise": 1158800}}
{"timestamp": "2026-09-04T11:24:17.771537+00:00", "event": "ROWS_MATCHED", "status": "OK", "rule": "PASS1_EXACT", "confidence": 1.0, "params": {"txn_id": "TXN000023", "order_id": "ORD0023", "amount_paise": 572400}}
{"timestamp": "2026-09-04T11:24:17.772508+00:00", "event": "ROWS_MATCHED", "status": "OK", "rule": "PASS1_EXACT", "confidence": 1.0, "params": {"txn_id": "TXN000024", "order_id": "ORD0024", "amount_paise": 269700}}
{"timestamp": "2026-09-04T11:24:17.773523+00:00", "event": "ROWS_MATCHED", "status": "OK", "rule": "PASS1_EXACT", "confidence": 1.0, "params": {"txn_id": "TXN000025", "order_id": "ORD0025", "amount_paise": 1265900}}
{"timestamp": "2026-09-04T11:24:17.774942+00:00", "event": "ROWS_MATCHED", "status": "OK", "rule": "PASS1_EXACT", "confidence": 1.0, "params": {"txn_id": "TXN000026", "order_id": "ORD0026", "amount_paise": 182400}}
{"timestamp": "2026-09-04T11:24:17.776310+00:00", "event": "ROWS_MATCHED", "status": "OK", "rule": "PASS1_EXACT", "confidence": 1.0, "params": {"txn_id": "TXN000027", "order_id": "ORD0027", "amount_paise": 637400}}
{"timestamp": "2026-09-04T11:24:17.777393+00:00", "event": "ROWS_MATCHED", "status": "OK", "rule": "PASS1_EXACT", "confidence": 1.0, "params": {"txn_id": "TXN000028", "order_id": "ORD0028", "amount_paise": 603100}}
{"timestamp": "2026-09-04T11:24:17.778155+00:00", "event": "ROWS_MATCHED", "status": "OK", "rule": "PASS1_EXACT", "confidence": 1.0, "params": {"txn_id": "TXN000029", "order_id": "ORD0029", "amount_paise": 578500}}
{"timestamp": "2026-09-04T11:24:17.779140+00:00", "event": "ROWS_MATCHED", "status": "OK", "rule": "PASS1_EXACT", "confidence": 1.0, "params": {"txn_id": "TXN000030", "order_id": "ORD0030", "amount_paise": 448300}}
{"timestamp": "2026-09-04T11:24:17.780717+00:00", "event": "ROWS_MATCHED", "status": "OK", "rule": "PASS1_EXACT", "confidence": 1.0, "params": {"txn_id": "TXN000031", "order_id": "ORD0031", "amount_paise": 86100}}
{"timestamp": "2026-09-04T11:24:17.782506+00:00", "event": "ROWS_MATCHED", "status": "OK", "rule": "PASS1_EXACT", "confidence": 1.0, "params": {"txn_id": "TXN000032", "order_id": "ORD0032", "amount_paise": 767700}}
{"timestamp": "2026-09-04T11:24:17.784121+00:00", "event": "ROWS_MATCHED", "status": "OK", "rule": "PASS1_EXACT", "confidence": 1.0, "params": {"txn_id": "TXN000033", "order_id": "ORD0033", "amount_paise": 219500}}
{"timestamp": "2026-09-04T11:24:17.785516+00:00", "event": "ROWS_MATCHED", "status": "OK", "rule": "PASS1_EXACT", "confidence": 1.0, "params": {"txn_id": "TXN000034", "order_id": "ORD0034", "amount_paise": 635100}}
{"timestamp": "2026-09-04T11:24:17.786894+00:00", "event": "ROWS_MATCHED", "status": "OK", "rule": "PASS1_EXACT", "confidence": 1.0, "params": {"txn_id": "TXN000035", "order_id": "ORD0035", "amount_paise": 919400}}
{"timestamp": "2026-09-04T11:24:17.788430+00:00", "event": "ROWS_MATCHED", "status": "OK", "rule": "PASS1_EXACT", "confidence": 1.0, "params": {"txn_id": "TXN000036", "order_id": "ORD0036", "amount_paise": 1373800}}
{"timestamp": "2026-09-04T11:24:17.790327+00:00", "event": "ROWS_MATCHED", "status": "OK", "rule": "PASS1_EXACT", "confidence": 1.0, "params": {"txn_id": "TXN000037", "order_id": "ORD0037", "amount_paise": 1028300}}
{"timestamp": "2026-09-04T11:24:17.791578+00:00", "event": "ROWS_MATCHED", "status": "OK", "rule": "PASS1_EXACT", "confidence": 1.0, "params": {"txn_id": "TXN000038", "order_id": "ORD0038", "amount_paise": 1426800}}
{"timestamp": "2026-09-04T11:24:17.792662+00:00", "event": "ROWS_MATCHED", "status": "OK", "rule": "PASS1_EXACT", "confidence": 1.0, "params": {"txn_id": "TXN000039", "order_id": "ORD0039", "amount_paise": 960900}}
{"timestamp": "2026-09-04T11:24:17.794393+00:00", "event": "ROWS_MATCHED", "status": "OK", "rule": "PASS1_EXACT", "confidence": 1.0, "params": {"txn_id": "TXN000040", "order_id": "ORD0040", "amount_paise": 1169300}}
{"timestamp": "2026-09-04T11:24:17.795425+00:00", "event": "ROWS_MATCHED", "status": "OK", "rule": "PASS1_EXACT", "confidence": 1.0, "params": {"txn_id": "TXN000041", "order_id": "ORD0041", "amount_paise": 90000}}
{"timestamp": "2026-09-04T11:24:17.796030+00:00", "event": "ROWS_MATCHED", "status": "OK", "rule": "PASS1_EXACT", "confidence": 1.0, "params": {"txn_id": "TXN000042", "order_id": "ORD0042", "amount_paise": 388300}}
{"timestamp": "2026-09-04T11:24:17.796364+00:00", "event": "ROWS_MATCHED", "status": "OK", "rule": "PASS1_EXACT", "confidence": 1.0, "params": {"txn_id": "TXN000043", "order_id": "ORD0043", "amount_paise": 489100}}
{"timestamp": "2026-09-04T11:24:17.796866+00:00", "event": "ROWS_MATCHED", "status": "OK", "rule": "PASS1_EXACT", "confidence": 1.0, "params": {"txn_id": "TXN000044", "order_id": "ORD0044", "amount_paise": 1416300}}
{"timestamp": "2026-09-04T11:24:17.797302+00:00", "event": "ROWS_MATCHED", "status": "OK", "rule": "PASS1_EXACT", "confidence": 1.0, "params": {"txn_id": "TXN000045", "order_id": "ORD0045", "amount_paise": 1434600}}
{"timestamp": "2026-09-04T11:24:17.797679+00:00", "event": "ROWS_MATCHED", "status": "OK", "rule": "PASS1_EXACT", "confidence": 1.0, "params": {"txn_id": "TXN000046", "order_id": "ORD0046", "amount_paise": 637700}}
{"timestamp": "2026-09-04T11:24:17.798172+00:00", "event": "ROWS_MATCHED", "status": "OK", "rule": "PASS1_EXACT", "confidence": 1.0, "params": {"txn_id": "TXN000047", "order_id": "ORD0047", "amount_paise": 757800}}
{"timestamp": "2026-09-04T11:24:17.798639+00:00", "event": "ROWS_MATCHED", "status": "OK", "rule": "PASS1_EXACT", "confidence": 1.0, "params": {"txn_id": "TXN000048", "order_id": "ORD0048", "amount_paise": 1381600}}
{"timestamp": "2026-09-04T11:24:17.799299+00:00", "event": "ROWS_MATCHED", "status": "OK", "rule": "PASS1_EXACT", "confidence": 1.0, "params": {"txn_id": "TXN000049", "order_id": "ORD0049", "amount_paise": 281400}}
{"timestamp": "2026-09-04T11:24:17.800443+00:00", "event": "ROWS_MATCHED", "status": "OK", "rule": "PASS1_EXACT", "confidence": 1.0, "params": {"txn_id": "TXN000050", "order_id": "ORD0050", "amount_paise": 597000}}
{"timestamp": "2026-09-04T11:24:17.801167+00:00", "event": "ROWS_MATCHED", "status": "OK", "rule": "PASS1_EXACT", "confidence": 1.0, "params": {"txn_id": "TXN000051", "order_id": "ORD0051", "amount_paise": 1113000}}
{"timestamp": "2026-09-04T11:24:17.802084+00:00", "event": "ROWS_MATCHED", "status": "OK", "rule": "PASS1_EXACT", "confidence": 1.0, "params": {"txn_id": "TXN000052", "order_id": "ORD0052", "amount_paise": 1164800}}
{"timestamp": "2026-09-04T11:24:17.802559+00:00", "event": "ROWS_MATCHED", "status": "OK", "rule": "PASS1_EXACT", "confidence": 1.0, "params": {"txn_id": "TXN000053", "order_id": "ORD0053", "amount_paise": 1076700}}
{"timestamp": "2026-09-04T11:24:17.802939+00:00", "event": "ROWS_MATCHED", "status": "OK", "rule": "PASS1_EXACT", "confidence": 1.0, "params": {"txn_id": "TXN000054", "order_id": "ORD0054", "amount_paise": 1013000}}
{"timestamp": "2026-09-04T11:24:17.803371+00:00", "event": "ROWS_MATCHED", "status": "OK", "rule": "PASS1_EXACT", "confidence": 1.0, "params": {"txn_id": "TXN000055", "order_id": "ORD0055", "amount_paise": 295300}}
{"timestamp": "2026-09-04T11:24:17.804013+00:00", "event": "ROWS_MATCHED", "status": "OK", "rule": "PASS1_EXACT", "confidence": 1.0, "params": {"txn_id": "TXN000056", "order_id": "ORD0056", "amount_paise": 1209600}}
{"timestamp": "2026-09-04T11:24:17.804626+00:00", "event": "ROWS_MATCHED", "status": "OK", "rule": "PASS1_EXACT", "confidence": 1.0, "params": {"txn_id": "TXN000057", "order_id": "ORD0057", "amount_paise": 282700}}
{"timestamp": "2026-09-04T11:24:17.805014+00:00", "event": "ROWS_MATCHED", "status": "OK", "rule": "PASS1_EXACT", "confidence": 1.0, "params": {"txn_id": "TXN000058", "order_id": "ORD0058", "amount_paise": 636600}}
{"timestamp": "2026-09-04T11:24:17.805355+00:00", "event": "ROWS_MATCHED", "status": "OK", "rule": "PASS1_EXACT", "confidence": 1.0, "params": {"txn_id": "TXN000059", "order_id": "ORD0059", "amount_paise": 1063500}}
{"timestamp": "2026-09-04T11:24:17.805867+00:00", "event": "ROWS_MATCHED", "status": "OK", "rule": "PASS1_EXACT", "confidence": 1.0, "params": {"txn_id": "TXN000060", "order_id": "ORD0060", "amount_paise": 927500}}
{"timestamp": "2026-09-04T11:24:17.806473+00:00", "event": "ROWS_MATCHED", "status": "OK", "rule": "PASS1_EXACT", "confidence": 1.0, "params": {"txn_id": "TXN000061", "order_id": "ORD0061", "amount_paise": 1136600}}
{"timestamp": "2026-09-04T11:24:17.807390+00:00", "event": "ROWS_MATCHED", "status": "OK", "rule": "PASS1_EXACT", "confidence": 1.0, "params": {"txn_id": "TXN000062", "order_id": "ORD0062", "amount_paise": 1395900}}
{"timestamp": "2026-09-04T11:24:17.808295+00:00", "event": "ROWS_MATCHED", "status": "OK", "rule": "PASS1_EXACT", "confidence": 1.0, "params": {"txn_id": "TXN000063", "order_id": "ORD0063", "amount_paise": 1286300}}
{"timestamp": "2026-09-04T11:24:17.809272+00:00", "event": "ROWS_MATCHED", "status": "OK", "rule": "PASS1_EXACT", "confidence": 1.0, "params": {"txn_id": "TXN000064", "order_id": "ORD0064", "amount_paise": 390200}}
{"timestamp": "2026-09-04T11:24:17.810016+00:00", "event": "ROWS_MATCHED", "status": "OK", "rule": "PASS1_EXACT", "confidence": 1.0, "params": {"txn_id": "TXN000065", "order_id": "ORD0065", "amount_paise": 67500}}
{"timestamp": "2026-09-04T11:24:17.810710+00:00", "event": "ROWS_MATCHED", "status": "OK", "rule": "PASS1_EXACT", "confidence": 1.0, "params": {"txn_id": "TXN000083", "order_id": "ORD0083", "amount_paise": 1464600}}
{"timestamp": "2026-09-04T11:24:17.811268+00:00", "event": "ROWS_MATCHED", "status": "OK", "rule": "PASS1_EXACT", "confidence": 1.0, "params": {"txn_id": "TXN000084", "order_id": "ORD0084", "amount_paise": 1245200}}
{"timestamp": "2026-09-04T11:24:17.812430+00:00", "event": "ROWS_MATCHED", "status": "OK", "rule": "PASS1_EXACT", "confidence": 1.0, "params": {"txn_id": "TXN000085", "order_id": "ORD0085", "amount_paise": 1274200}}
{"timestamp": "2026-09-04T11:24:17.813417+00:00", "event": "ROWS_MATCHED", "status": "OK", "rule": "PASS1_EXACT", "confidence": 1.0, "params": {"txn_id": "TXN000086", "order_id": "ORD0086", "amount_paise": 572300}}
{"timestamp": "2026-09-04T11:24:17.815016+00:00", "event": "ROWS_MATCHED", "status": "OK", "rule": "PASS1_EXACT", "confidence": 1.0, "params": {"txn_id": "TXN000087", "order_id": "ORD0087", "amount_paise": 495800}}
{"timestamp": "2026-09-04T11:24:17.817301+00:00", "event": "ROWS_MATCHED", "status": "OK", "rule": "PASS1_EXACT", "confidence": 1.0, "params": {"txn_id": "TXN000088", "order_id": "ORD0088", "amount_paise": 274100}}
{"timestamp": "2026-09-04T11:24:17.818993+00:00", "event": "ROWS_MATCHED", "status": "OK", "rule": "PASS1_EXACT", "confidence": 1.0, "params": {"txn_id": "TXN000089", "order_id": "ORD0089", "amount_paise": 20300}}
{"timestamp": "2026-09-04T11:24:17.820614+00:00", "event": "ROWS_MATCHED", "status": "OK", "rule": "PASS1_EXACT", "confidence": 1.0, "params": {"txn_id": "TXN000090", "order_id": "ORD0090", "amount_paise": 1449900}}
{"timestamp": "2026-09-04T11:24:17.822057+00:00", "event": "ROWS_MATCHED", "status": "OK", "rule": "PASS1_EXACT", "confidence": 1.0, "params": {"txn_id": "TXN000091", "order_id": "ORD0091", "amount_paise": 446500}}
{"timestamp": "2026-09-04T11:24:17.823466+00:00", "event": "ROWS_MATCHED", "status": "OK", "rule": "PASS1_EXACT", "confidence": 1.0, "params": {"txn_id": "TXN000092", "order_id": "ORD0092", "amount_paise": 1263300}}
{"timestamp": "2026-09-04T11:24:17.825046+00:00", "event": "ROWS_MATCHED", "status": "OK", "rule": "PASS1_EXACT", "confidence": 1.0, "params": {"txn_id": "TXN000093", "order_id": "ORD0093", "amount_paise": 846700}}
{"timestamp": "2026-09-04T11:24:17.826177+00:00", "event": "ROWS_MATCHED", "status": "OK", "rule": "PASS1_EXACT", "confidence": 1.0, "params": {"txn_id": "TXN000095", "order_id": "ORD0095", "amount_paise": 846700}}
{"timestamp": "2026-09-04T11:24:17.827345+00:00", "event": "ROWS_MATCHED", "status": "OK", "rule": "PASS1_EXACT", "confidence": 1.0, "params": {"txn_id": "TXN000096", "order_id": "ORD0096", "amount_paise": 627600}}
{"timestamp": "2026-09-04T11:24:17.828476+00:00", "event": "ROWS_MATCHED", "status": "OK", "rule": "PASS1_EXACT", "confidence": 1.0, "params": {"txn_id": "TXN000098", "order_id": "ORD0098", "amount_paise": 15900}}
{"timestamp": "2026-09-04T11:24:17.829349+00:00", "event": "PASS1_COMPLETE", "status": "OK", "rule": "exact", "confidence": null, "params": {"matched": 79, "remaining_gateway": 21}}
{"timestamp": "2026-09-04T11:24:17.872373+00:00", "event": "ROWS_MATCHED", "status": "OK", "rule": "PASS2_FEE_TOLERANT", "confidence": 0.95, "params": {"txn_id": "TXN000066", "order_id": "ORD0066", "amount_paise": 531800}}
{"timestamp": "2026-09-04T11:24:17.873036+00:00", "event": "ROWS_MATCHED", "status": "OK", "rule": "PASS2_FEE_TOLERANT", "confidence": 0.95, "params": {"txn_id": "TXN000067", "order_id": "ORD0067", "amount_paise": 360600}}
{"timestamp": "2026-09-04T11:24:17.873404+00:00", "event": "ROWS_MATCHED", "status": "OK", "rule": "PASS2_FEE_TOLERANT", "confidence": 0.95, "params": {"txn_id": "TXN000068", "order_id": "ORD0068", "amount_paise": 1450800}}
{"timestamp": "2026-09-04T11:24:17.873745+00:00", "event": "ROWS_MATCHED", "status": "OK", "rule": "PASS2_FEE_TOLERANT", "confidence": 0.95, "params": {"txn_id": "TXN000069", "order_id": "ORD0069", "amount_paise": 1088800}}
{"timestamp": "2026-09-04T11:24:17.874090+00:00", "event": "ROWS_MATCHED", "status": "OK", "rule": "PASS2_FEE_TOLERANT", "confidence": 0.95, "params": {"txn_id": "TXN000070", "order_id": "ORD0070", "amount_paise": 1068200}}
{"timestamp": "2026-09-04T11:24:17.874389+00:00", "event": "ROWS_MATCHED", "status": "OK", "rule": "PASS2_FEE_TOLERANT", "confidence": 0.95, "params": {"txn_id": "TXN000071", "order_id": "ORD0071", "amount_paise": 243700}}
{"timestamp": "2026-09-04T11:24:17.874697+00:00", "event": "ROWS_MATCHED", "status": "OK", "rule": "PASS2_FEE_TOLERANT", "confidence": 0.95, "params": {"txn_id": "TXN000072", "order_id": "ORD0072", "amount_paise": 898000}}
{"timestamp": "2026-09-04T11:24:17.874990+00:00", "event": "ROWS_MATCHED", "status": "OK", "rule": "PASS2_FEE_TOLERANT", "confidence": 0.95, "params": {"txn_id": "TXN000073", "order_id": "ORD0073", "amount_paise": 716900}}
{"timestamp": "2026-09-04T11:24:17.875288+00:00", "event": "ROWS_MATCHED", "status": "OK", "rule": "PASS2_FEE_TOLERANT", "confidence": 0.95, "params": {"txn_id": "TXN000074", "order_id": "ORD0074", "amount_paise": 608000}}
{"timestamp": "2026-09-04T11:24:17.875615+00:00", "event": "ROWS_MATCHED", "status": "OK", "rule": "PASS2_FEE_TOLERANT", "confidence": 0.95, "params": {"txn_id": "TXN000075", "order_id": "ORD0075", "amount_paise": 241600}}
{"timestamp": "2026-09-04T11:24:17.875905+00:00", "event": "ROWS_MATCHED", "status": "OK", "rule": "PASS2_FEE_TOLERANT", "confidence": 0.95, "params": {"txn_id": "TXN000076", "order_id": "ORD0076", "amount_paise": 1253200}}
{"timestamp": "2026-09-04T11:24:17.876185+00:00", "event": "ROWS_MATCHED", "status": "OK", "rule": "PASS2_FEE_TOLERANT", "confidence": 0.95, "params": {"txn_id": "TXN000077", "order_id": "ORD0077", "amount_paise": 265400}}
{"timestamp": "2026-09-04T11:24:17.876476+00:00", "event": "ROWS_MATCHED", "status": "OK", "rule": "PASS2_FEE_TOLERANT", "confidence": 0.95, "params": {"txn_id": "TXN000078", "order_id": "ORD0078", "amount_paise": 1129900}}
{"timestamp": "2026-09-04T11:24:17.876751+00:00", "event": "ROWS_MATCHED", "status": "OK", "rule": "PASS2_FEE_TOLERANT", "confidence": 0.95, "params": {"txn_id": "TXN000079", "order_id": "ORD0079", "amount_paise": 645400}}
{"timestamp": "2026-09-04T11:24:17.877023+00:00", "event": "ROWS_MATCHED", "status": "OK", "rule": "PASS2_FEE_TOLERANT", "confidence": 0.95, "params": {"txn_id": "TXN000080", "order_id": "ORD0080", "amount_paise": 781800}}
{"timestamp": "2026-09-04T11:24:17.877353+00:00", "event": "ROWS_MATCHED", "status": "OK", "rule": "PASS2_FEE_TOLERANT", "confidence": 0.95, "params": {"txn_id": "TXN000081", "order_id": "ORD0081", "amount_paise": 921400}}
{"timestamp": "2026-09-04T11:24:17.877771+00:00", "event": "ROWS_MATCHED", "status": "OK", "rule": "PASS2_FEE_TOLERANT", "confidence": 0.95, "params": {"txn_id": "TXN000082", "order_id": "ORD0082", "amount_paise": 1129500}}
{"timestamp": "2026-09-04T11:24:17.878071+00:00", "event": "PASS2_COMPLETE", "status": "OK", "rule": "fee_tolerant", "confidence": null, "params": {"matched": 17, "remaining_gateway": 4}}
{"timestamp": "2026-09-04T11:24:17.878376+00:00", "event": "PASS3_START", "status": "OK", "rule": "ai", "confidence": null, "params": {"residual": 4}}
{"timestamp": "2026-09-04T11:24:17.881397+00:00", "event": "DECISION_ESCALATED", "status": "ESCALATED_TO_HUMAN", "rule": "heuristic", "confidence": 0.2, "params": {"txn_id": "TXN000094", "order_id": "ORD0094", "gateway_paise": 1039400, "bank_paise": 994400, "ledger_paise": 1039400, "gateway_rupees": 10394.0, "bank_rupees": 9944.0}}
{"timestamp": "2026-09-04T11:24:17.883420+00:00", "event": "DECISION_ESCALATED", "status": "ESCALATED_TO_HUMAN", "rule": "heuristic", "confidence": 0.2, "params": {"txn_id": "TXN000097", "order_id": "ORD0097", "gateway_paise": 1290700, "bank_paise": 1245700, "ledger_paise": 1290700, "gateway_rupees": 12907.0, "bank_rupees": 12457.0}}
{"timestamp": "2026-09-04T11:24:17.885897+00:00", "event": "DECISION_ESCALATED", "status": "ESCALATED_TO_HUMAN", "rule": "heuristic", "confidence": 0.2, "params": {"txn_id": "TXN000099", "order_id": "ORD0099", "gateway_paise": 46900, "bank_paise": 1900, "ledger_paise": 46900, "gateway_rupees": 469.0, "bank_rupees": 19.0}}
{"timestamp": "2026-09-04T11:24:17.889156+00:00", "event": "DECISION_ESCALATED", "status": "ESCALATED_TO_HUMAN", "rule": "heuristic", "confidence": 0.2, "params": {"txn_id": "TXN000100", "order_id": "ORD0100", "gateway_paise": 1454600, "bank_paise": 1409600, "ledger_paise": 1454600, "gateway_rupees": 14546.0, "bank_rupees": 14096.0}}
{"timestamp": "2026-09-04T11:24:17.891832+00:00", "event": "BATCH_COMPLETE", "status": "OK", "rule": "engine", "confidence": null, "params": {"total_gateway": 100, "total_bank": 100, "total_ledger": 100, "matched_exact_pass1": 79, "matched_fee_pass2": 17, "matched_ai_pass3": 0, "total_matched": 96, "unresolved_count": 4, "match_rate_pct": 96.0, "elapsed_sec": 0.2317, "throughput_rec_sec": 414.37, "precision_pct": 100.0, "ai_settled": 0, "ai_escalated": 4}}
{"timestamp": "2026-09-04T11:25:38.158781+00:00", "event": "BATCH_START", "status": "OK", "rule": "engine", "confidence": null, "params": {"gateway": 100, "bank": 100, "ledger": 100}}
{"timestamp": "2026-09-04T11:25:38.219054+00:00", "event": "ROWS_MATCHED", "status": "OK", "rule": "PASS1_EXACT", "confidence": 1.0, "params": {"txn_id": "TXN000001", "order_id": "ORD0001", "amount_paise": 1062600}}
{"timestamp": "2026-09-04T11:25:38.220202+00:00", "event": "ROWS_MATCHED", "status": "OK", "rule": "PASS1_EXACT", "confidence": 1.0, "params": {"txn_id": "TXN000002", "order_id": "ORD0002", "amount_paise": 55900}}
{"timestamp": "2026-09-04T11:25:38.220981+00:00", "event": "ROWS_MATCHED", "status": "OK", "rule": "PASS1_EXACT", "confidence": 1.0, "params": {"txn_id": "TXN000003", "order_id": "ORD0003", "amount_paise": 465600}}
{"timestamp": "2026-09-04T11:25:38.221822+00:00", "event": "ROWS_MATCHED", "status": "OK", "rule": "PASS1_EXACT", "confidence": 1.0, "params": {"txn_id": "TXN000004", "order_id": "ORD0004", "amount_paise": 380700}}
{"timestamp": "2026-09-04T11:25:38.222684+00:00", "event": "ROWS_MATCHED", "status": "OK", "rule": "PASS1_EXACT", "confidence": 1.0, "params": {"txn_id": "TXN000005", "order_id": "ORD0005", "amount_paise": 1221600}}
{"timestamp": "2026-09-04T11:25:38.223423+00:00", "event": "ROWS_MATCHED", "status": "OK", "rule": "PASS1_EXACT", "confidence": 1.0, "params": {"txn_id": "TXN000006", "order_id": "ORD0006", "amount_paise": 1123700}}
{"timestamp": "2026-09-04T11:25:38.224198+00:00", "event": "ROWS_MATCHED", "status": "OK", "rule": "PASS1_EXACT", "confidence": 1.0, "params": {"txn_id": "TXN000007", "order_id": "ORD0007", "amount_paise": 1476700}}
{"timestamp": "2026-09-04T11:25:38.225491+00:00", "event": "ROWS_MATCHED", "status": "OK", "rule": "PASS1_EXACT", "confidence": 1.0, "params": {"txn_id": "TXN000008", "order_id": "ORD0008", "amount_paise": 157400}}
{"timestamp": "2026-09-04T11:25:38.227585+00:00", "event": "ROWS_MATCHED", "status": "OK", "rule": "PASS1_EXACT", "confidence": 1.0, "params": {"txn_id": "TXN000009", "order_id": "ORD0009", "amount_paise": 706200}}
{"timestamp": "2026-09-04T11:25:38.228509+00:00", "event": "ROWS_MATCHED", "status": "OK", "rule": "PASS1_EXACT", "confidence": 1.0, "params": {"txn_id": "TXN000010", "order_id": "ORD0010", "amount_paise": 63800}}
{"timestamp": "2026-09-04T11:25:38.229434+00:00", "event": "ROWS_MATCHED", "status": "OK", "rule": "PASS1_EXACT", "confidence": 1.0, "params": {"txn_id": "TXN000011", "order_id": "ORD0011", "amount_paise": 373200}}
{"timestamp": "2026-09-04T11:25:38.230415+00:00", "event": "ROWS_MATCHED", "status": "OK", "rule": "PASS1_EXACT", "confidence": 1.0, "params": {"txn_id": "TXN000012", "order_id": "ORD0012", "amount_paise": 842900}}
{"timestamp": "2026-09-04T11:25:38.231180+00:00", "event": "ROWS_MATCHED", "status": "OK", "rule": "PASS1_EXACT", "confidence": 1.0, "params": {"txn_id": "TXN000013", "order_id": "ORD0013", "amount_paise": 58400}}
{"timestamp": "2026-09-04T11:25:38.231876+00:00", "event": "ROWS_MATCHED", "status": "OK", "rule": "PASS1_EXACT", "confidence": 1.0, "params": {"txn_id": "TXN000014", "order_id": "ORD0014", "amount_paise": 340700}}
{"timestamp": "2026-09-04T11:25:38.232597+00:00", "event": "ROWS_MATCHED", "status": "OK", "rule": "PASS1_EXACT", "confidence": 1.0, "params": {"txn_id": "TXN000015", "order_id": "ORD0015", "amount_paise": 1079700}}
{"timestamp": "2026-09-04T11:25:38.233640+00:00", "event": "ROWS_MATCHED", "status": "OK", "rule": "PASS1_EXACT", "confidence": 1.0, "params": {"txn_id": "TXN000016", "order_id": "ORD0016", "amount_paise": 907800}}
{"timestamp": "2026-09-04T11:25:38.235773+00:00", "event": "ROWS_MATCHED", "status": "OK", "rule": "PASS1_EXACT", "confidence": 1.0, "params": {"txn_id": "TXN000017", "order_id": "ORD0017", "amount_paise": 376100}}
{"timestamp": "2026-09-04T11:25:38.237232+00:00", "event": "ROWS_MATCHED", "status": "OK", "rule": "PASS1_EXACT", "confidence": 1.0, "params": {"txn_id": "TXN000018", "order_id": "ORD0018", "amount_paise": 980400}}
{"timestamp": "2026-09-04T11:25:38.238640+00:00", "event": "ROWS_MATCHED", "status": "OK", "rule": "PASS1_EXACT", "confidence": 1.0, "params": {"txn_id": "TXN000019", "order_id": "ORD0019", "amount_paise": 1341100}}
{"timestamp": "2026-09-04T11:25:38.239437+00:00", "event": "ROWS_MATCHED", "status": "OK", "rule": "PASS1_EXACT", "confidence": 1.0, "params": {"txn_id": "TXN000020", "order_id": "ORD0020", "amount_paise": 25600}}
{"timestamp": "2026-09-04T11:25:38.240394+00:00", "event": "ROWS_MATCHED", "status": "OK", "rule": "PASS1_EXACT", "confidence": 1.0, "params": {"txn_id": "TXN000021", "order_id": "ORD0021", "amount_paise": 1335200}}
{"timestamp": "2026-09-04T11:25:38.241381+00:00", "event": "ROWS_MATCHED", "status": "OK", "rule": "PASS1_EXACT", "confidence": 1.0, "params": {"txn_id": "TXN000022", "order_id": "ORD0022", "amount_paise": 1158800}}
{"timestamp": "2026-09-04T11:25:38.242296+00:00", "event": "ROWS_MATCHED", "status": "OK", "rule": "PASS1_EXACT", "confidence": 1.0, "params": {"txn_id": "TXN000023", "order_id": "ORD0023", "amount_paise": 572400}}
{"timestamp": "2026-09-04T11:25:38.243166+00:00", "event": "ROWS_MATCHED", "status": "OK", "rule": "PASS1_EXACT", "confidence": 1.0, "params": {"txn_id": "TXN000024", "order_id": "ORD0024", "amount_paise": 269700}}
{"timestamp": "2026-09-04T11:25:38.244049+00:00", "event": "ROWS_MATCHED", "status": "OK", "rule": "PASS1_EXACT", "confidence": 1.0, "params": {"txn_id": "TXN000025", "order_id": "ORD0025", "amount_paise": 1265900}}
{"timestamp": "2026-09-04T11:25:38.244677+00:00", "event": "ROWS_MATCHED", "status": "OK", "rule": "PASS1_EXACT", "confidence": 1.0, "params": {"txn_id": "TXN000026", "order_id": "ORD0026", "amount_paise": 182400}}
{"timestamp": "2026-09-04T11:25:38.245421+00:00", "event": "ROWS_MATCHED", "status": "OK", "rule": "PASS1_EXACT", "confidence": 1.0, "params": {"txn_id": "TXN000027", "order_id": "ORD0027", "amount_paise": 637400}}
{"timestamp": "2026-09-04T11:25:38.246205+00:00", "event": "ROWS_MATCHED", "status": "OK", "rule": "PASS1_EXACT", "confidence": 1.0, "params": {"txn_id": "TXN000028", "order_id": "ORD0028", "amount_paise": 603100}}
{"timestamp": "2026-09-04T11:25:38.246701+00:00", "event": "ROWS_MATCHED", "status": "OK", "rule": "PASS1_EXACT", "confidence": 1.0, "params": {"txn_id": "TXN000029", "order_id": "ORD0029", "amount_paise": 578500}}
{"timestamp": "2026-09-04T11:25:38.247198+00:00", "event": "ROWS_MATCHED", "status": "OK", "rule": "PASS1_EXACT", "confidence": 1.0, "params": {"txn_id": "TXN000030", "order_id": "ORD0030", "amount_paise": 448300}}
{"timestamp": "2026-09-04T11:25:38.247600+00:00", "event": "ROWS_MATCHED", "status": "OK", "rule": "PASS1_EXACT", "confidence": 1.0, "params": {"txn_id": "TXN000031", "order_id": "ORD0031", "amount_paise": 86100}}
{"timestamp": "2026-09-04T11:25:38.247974+00:00", "event": "ROWS_MATCHED", "status": "OK", "rule": "PASS1_EXACT", "confidence": 1.0, "params": {"txn_id": "TXN000032", "order_id": "ORD0032", "amount_paise": 767700}}
{"timestamp": "2026-09-04T11:25:38.248323+00:00", "event": "ROWS_MATCHED", "status": "OK", "rule": "PASS1_EXACT", "confidence": 1.0, "params": {"txn_id": "TXN000033", "order_id": "ORD0033", "amount_paise": 219500}}
{"timestamp": "2026-09-04T11:25:38.248725+00:00", "event": "ROWS_MATCHED", "status": "OK", "rule": "PASS1_EXACT", "confidence": 1.0, "params": {"txn_id": "TXN000034", "order_id": "ORD0034", "amount_paise": 635100}}
{"timestamp": "2026-09-04T11:25:38.249083+00:00", "event": "ROWS_MATCHED", "status": "OK", "rule": "PASS1_EXACT", "confidence": 1.0, "params": {"txn_id": "TXN000035", "order_id": "ORD0035", "amount_paise": 919400}}
{"timestamp": "2026-09-04T11:25:38.249382+00:00", "event": "ROWS_MATCHED", "status": "OK", "rule": "PASS1_EXACT", "confidence": 1.0, "params": {"txn_id": "TXN000036", "order_id": "ORD0036", "amount_paise": 1373800}}
{"timestamp": "2026-09-04T11:25:38.249689+00:00", "event": "ROWS_MATCHED", "status": "OK", "rule": "PASS1_EXACT", "confidence": 1.0, "params": {"txn_id": "TXN000037", "order_id": "ORD0037", "amount_paise": 1028300}}
{"timestamp": "2026-09-04T11:25:38.250006+00:00", "event": "ROWS_MATCHED", "status": "OK", "rule": "PASS1_EXACT", "confidence": 1.0, "params": {"txn_id": "TXN000038", "order_id": "ORD0038", "amount_paise": 1426800}}
{"timestamp": "2026-09-04T11:25:38.250346+00:00", "event": "ROWS_MATCHED", "status": "OK", "rule": "PASS1_EXACT", "confidence": 1.0, "params": {"txn_id": "TXN000039", "order_id": "ORD0039", "amount_paise": 960900}}
{"timestamp": "2026-09-04T11:25:38.250839+00:00", "event": "ROWS_MATCHED", "status": "OK", "rule": "PASS1_EXACT", "confidence": 1.0, "params": {"txn_id": "TXN000040", "order_id": "ORD0040", "amount_paise": 1169300}}
{"timestamp": "2026-09-04T11:25:38.251473+00:00", "event": "ROWS_MATCHED", "status": "OK", "rule": "PASS1_EXACT", "confidence": 1.0, "params": {"txn_id": "TXN000041", "order_id": "ORD0041", "amount_paise": 90000}}
{"timestamp": "2026-09-04T11:25:38.252169+00:00", "event": "ROWS_MATCHED", "status": "OK", "rule": "PASS1_EXACT", "confidence": 1.0, "params": {"txn_id": "TXN000042", "order_id": "ORD0042", "amount_paise": 388300}}
{"timestamp": "2026-09-04T11:25:38.252775+00:00", "event": "ROWS_MATCHED", "status": "OK", "rule": "PASS1_EXACT", "confidence": 1.0, "params": {"txn_id": "TXN000043", "order_id": "ORD0043", "amount_paise": 489100}}
{"timestamp": "2026-09-04T11:25:38.253351+00:00", "event": "ROWS_MATCHED", "status": "OK", "rule": "PASS1_EXACT", "confidence": 1.0, "params": {"txn_id": "TXN000044", "order_id": "ORD0044", "amount_paise": 1416300}}
{"timestamp": "2026-09-04T11:25:38.253929+00:00", "event": "ROWS_MATCHED", "status": "OK", "rule": "PASS1_EXACT", "confidence": 1.0, "params": {"txn_id": "TXN000045", "order_id": "ORD0045", "amount_paise": 1434600}}
{"timestamp": "2026-09-04T11:25:38.254501+00:00", "event": "ROWS_MATCHED", "status": "OK", "rule": "PASS1_EXACT", "confidence": 1.0, "params": {"txn_id": "TXN000046", "order_id": "ORD0046", "amount_paise": 637700}}
{"timestamp": "2026-09-04T11:25:38.255201+00:00", "event": "ROWS_MATCHED", "status": "OK", "rule": "PASS1_EXACT", "confidence": 1.0, "params": {"txn_id": "TXN000047", "order_id": "ORD0047", "amount_paise": 757800}}
{"timestamp": "2026-09-04T11:25:38.255970+00:00", "event": "ROWS_MATCHED", "status": "OK", "rule": "PASS1_EXACT", "confidence": 1.0, "params": {"txn_id": "TXN000048", "order_id": "ORD0048", "amount_paise": 1381600}}
{"timestamp": "2026-09-04T11:25:38.256641+00:00", "event": "ROWS_MATCHED", "status": "OK", "rule": "PASS1_EXACT", "confidence": 1.0, "params": {"txn_id": "TXN000049", "order_id": "ORD0049", "amount_paise": 281400}}
{"timestamp": "2026-09-04T11:25:38.257681+00:00", "event": "ROWS_MATCHED", "status": "OK", "rule": "PASS1_EXACT", "confidence": 1.0, "params": {"txn_id": "TXN000050", "order_id": "ORD0050", "amount_paise": 597000}}
{"timestamp": "2026-09-04T11:25:38.258573+00:00", "event": "ROWS_MATCHED", "status": "OK", "rule": "PASS1_EXACT", "confidence": 1.0, "params": {"txn_id": "TXN000051", "order_id": "ORD0051", "amount_paise": 1113000}}
{"timestamp": "2026-09-04T11:25:38.259626+00:00", "event": "ROWS_MATCHED", "status": "OK", "rule": "PASS1_EXACT", "confidence": 1.0, "params": {"txn_id": "TXN000052", "order_id": "ORD0052", "amount_paise": 1164800}}
{"timestamp": "2026-09-04T11:25:38.260564+00:00", "event": "ROWS_MATCHED", "status": "OK", "rule": "PASS1_EXACT", "confidence": 1.0, "params": {"txn_id": "TXN000053", "order_id": "ORD0053", "amount_paise": 1076700}}
{"timestamp": "2026-09-04T11:25:38.261818+00:00", "event": "ROWS_MATCHED", "status": "OK", "rule": "PASS1_EXACT", "confidence": 1.0, "params": {"txn_id": "TXN000054", "order_id": "ORD0054", "amount_paise": 1013000}}
{"timestamp": "2026-09-04T11:25:38.263365+00:00", "event": "ROWS_MATCHED", "status": "OK", "rule": "PASS1_EXACT", "confidence": 1.0, "params": {"txn_id": "TXN000055", "order_id": "ORD0055", "amount_paise": 295300}}
{"timestamp": "2026-09-04T11:25:38.264924+00:00", "event": "ROWS_MATCHED", "status": "OK", "rule": "PASS1_EXACT", "confidence": 1.0, "params": {"txn_id": "TXN000056", "order_id": "ORD0056", "amount_paise": 1209600}}
{"timestamp": "2026-09-04T11:25:38.265637+00:00", "event": "ROWS_MATCHED", "status": "OK", "rule": "PASS1_EXACT", "confidence": 1.0, "params": {"txn_id": "TXN000057", "order_id": "ORD0057", "amount_paise": 282700}}
{"timestamp": "2026-09-04T11:25:38.266246+00:00", "event": "ROWS_MATCHED", "status": "OK", "rule": "PASS1_EXACT", "confidence": 1.0, "params": {"txn_id": "TXN000058", "order_id": "ORD0058", "amount_paise": 636600}}
{"timestamp": "2026-09-04T11:25:38.266845+00:00", "event": "ROWS_MATCHED", "status": "OK", "rule": "PASS1_EXACT", "confidence": 1.0, "params": {"txn_id": "TXN000059", "order_id": "ORD0059", "amount_paise": 1063500}}
{"timestamp": "2026-09-04T11:25:38.267387+00:00", "event": "ROWS_MATCHED", "status": "OK", "rule": "PASS1_EXACT", "confidence": 1.0, "params": {"txn_id": "TXN000060", "order_id": "ORD0060", "amount_paise": 927500}}
{"timestamp": "2026-09-04T11:25:38.267973+00:00", "event": "ROWS_MATCHED", "status": "OK", "rule": "PASS1_EXACT", "confidence": 1.0, "params": {"txn_id": "TXN000061", "order_id": "ORD0061", "amount_paise": 1136600}}
{"timestamp": "2026-09-04T11:25:38.268614+00:00", "event": "ROWS_MATCHED", "status": "OK", "rule": "PASS1_EXACT", "confidence": 1.0, "params": {"txn_id": "TXN000062", "order_id": "ORD0062", "amount_paise": 1395900}}
{"timestamp": "2026-09-04T11:25:38.269220+00:00", "event": "ROWS_MATCHED", "status": "OK", "rule": "PASS1_EXACT", "confidence": 1.0, "params": {"txn_id": "TXN000063", "order_id": "ORD0063", "amount_paise": 1286300}}
{"timestamp": "2026-09-04T11:25:38.269814+00:00", "event": "ROWS_MATCHED", "status": "OK", "rule": "PASS1_EXACT", "confidence": 1.0, "params": {"txn_id": "TXN000064", "order_id": "ORD0064", "amount_paise": 390200}}
{"timestamp": "2026-09-04T11:25:38.270345+00:00", "event": "ROWS_MATCHED", "status": "OK", "rule": "PASS1_EXACT", "confidence": 1.0, "params": {"txn_id": "TXN000065", "order_id": "ORD0065", "amount_paise": 67500}}
{"timestamp": "2026-09-04T11:25:38.270834+00:00", "event": "ROWS_MATCHED", "status": "OK", "rule": "PASS1_EXACT", "confidence": 1.0, "params": {"txn_id": "TXN000083", "order_id": "ORD0083", "amount_paise": 1464600}}
{"timestamp": "2026-09-04T11:25:38.271335+00:00", "event": "ROWS_MATCHED", "status": "OK", "rule": "PASS1_EXACT", "confidence": 1.0, "params": {"txn_id": "TXN000084", "order_id": "ORD0084", "amount_paise": 1245200}}
{"timestamp": "2026-09-04T11:25:38.272117+00:00", "event": "ROWS_MATCHED", "status": "OK", "rule": "PASS1_EXACT", "confidence": 1.0, "params": {"txn_id": "TXN000085", "order_id": "ORD0085", "amount_paise": 1274200}}
{"timestamp": "2026-09-04T11:25:38.272796+00:00", "event": "ROWS_MATCHED", "status": "OK", "rule": "PASS1_EXACT", "confidence": 1.0, "params": {"txn_id": "TXN000086", "order_id": "ORD0086", "amount_paise": 572300}}
{"timestamp": "2026-09-04T11:25:38.273425+00:00", "event": "ROWS_MATCHED", "status": "OK", "rule": "PASS1_EXACT", "confidence": 1.0, "params": {"txn_id": "TXN000087", "order_id": "ORD0087", "amount_paise": 495800}}
{"timestamp": "2026-09-04T11:25:38.274162+00:00", "event": "ROWS_MATCHED", "status": "OK", "rule": "PASS1_EXACT", "confidence": 1.0, "params": {"txn_id": "TXN000088", "order_id": "ORD0088", "amount_paise": 274100}}
{"timestamp": "2026-09-04T11:25:38.274697+00:00", "event": "ROWS_MATCHED", "status": "OK", "rule": "PASS1_EXACT", "confidence": 1.0, "params": {"txn_id": "TXN000089", "order_id": "ORD0089", "amount_paise": 20300}}
{"timestamp": "2026-09-04T11:25:38.275693+00:00", "event": "ROWS_MATCHED", "status": "OK", "rule": "PASS1_EXACT", "confidence": 1.0, "params": {"txn_id": "TXN000090", "order_id": "ORD0090", "amount_paise": 1449900}}
{"timestamp": "2026-09-04T11:25:38.276625+00:00", "event": "ROWS_MATCHED", "status": "OK", "rule": "PASS1_EXACT", "confidence": 1.0, "params": {"txn_id": "TXN000091", "order_id": "ORD0091", "amount_paise": 446500}}
{"timestamp": "2026-09-04T11:25:38.277516+00:00", "event": "ROWS_MATCHED", "status": "OK", "rule": "PASS1_EXACT", "confidence": 1.0, "params": {"txn_id": "TXN000092", "order_id": "ORD0092", "amount_paise": 1263300}}
{"timestamp": "2026-09-04T11:25:38.278258+00:00", "event": "ROWS_MATCHED", "status": "OK", "rule": "PASS1_EXACT", "confidence": 1.0, "params": {"txn_id": "TXN000093", "order_id": "ORD0093", "amount_paise": 846700}}
{"timestamp": "2026-09-04T11:25:38.279190+00:00", "event": "ROWS_MATCHED", "status": "OK", "rule": "PASS1_EXACT", "confidence": 1.0, "params": {"txn_id": "TXN000095", "order_id": "ORD0095", "amount_paise": 846700}}
{"timestamp": "2026-09-04T11:25:38.279826+00:00", "event": "ROWS_MATCHED", "status": "OK", "rule": "PASS1_EXACT", "confidence": 1.0, "params": {"txn_id": "TXN000096", "order_id": "ORD0096", "amount_paise": 627600}}
{"timestamp": "2026-09-04T11:25:38.280420+00:00", "event": "ROWS_MATCHED", "status": "OK", "rule": "PASS1_EXACT", "confidence": 1.0, "params": {"txn_id": "TXN000098", "order_id": "ORD0098", "amount_paise": 15900}}
{"timestamp": "2026-09-04T11:25:38.281093+00:00", "event": "PASS1_COMPLETE", "status": "OK", "rule": "exact", "confidence": null, "params": {"matched": 79, "remaining_gateway": 21}}
{"timestamp": "2026-09-04T11:25:38.325910+00:00", "event": "ROWS_MATCHED", "status": "OK", "rule": "PASS2_FEE_TOLERANT", "confidence": 0.95, "params": {"txn_id": "TXN000066", "order_id": "ORD0066", "amount_paise": 531800}}
{"timestamp": "2026-09-04T11:25:38.327608+00:00", "event": "ROWS_MATCHED", "status": "OK", "rule": "PASS2_FEE_TOLERANT", "confidence": 0.95, "params": {"txn_id": "TXN000067", "order_id": "ORD0067", "amount_paise": 360600}}
{"timestamp": "2026-09-04T11:25:38.328490+00:00", "event": "ROWS_MATCHED", "status": "OK", "rule": "PASS2_FEE_TOLERANT", "confidence": 0.95, "params": {"txn_id": "TXN000068", "order_id": "ORD0068", "amount_paise": 1450800}}
{"timestamp": "2026-09-04T11:25:38.329212+00:00", "event": "ROWS_MATCHED", "status": "OK", "rule": "PASS2_FEE_TOLERANT", "confidence": 0.95, "params": {"txn_id": "TXN000069", "order_id": "ORD0069", "amount_paise": 1088800}}
{"timestamp": "2026-09-04T11:25:38.329717+00:00", "event": "ROWS_MATCHED", "status": "OK", "rule": "PASS2_FEE_TOLERANT", "confidence": 0.95, "params": {"txn_id": "TXN000070", "order_id": "ORD0070", "amount_paise": 1068200}}
{"timestamp": "2026-09-04T11:25:38.330158+00:00", "event": "ROWS_MATCHED", "status": "OK", "rule": "PASS2_FEE_TOLERANT", "confidence": 0.95, "params": {"txn_id": "TXN000071", "order_id": "ORD0071", "amount_paise": 243700}}
{"timestamp": "2026-09-04T11:25:38.330585+00:00", "event": "ROWS_MATCHED", "status": "OK", "rule": "PASS2_FEE_TOLERANT", "confidence": 0.95, "params": {"txn_id": "TXN000072", "order_id": "ORD0072", "amount_paise": 898000}}
{"timestamp": "2026-09-04T11:25:38.331000+00:00", "event": "ROWS_MATCHED", "status": "OK", "rule": "PASS2_FEE_TOLERANT", "confidence": 0.95, "params": {"txn_id": "TXN000073", "order_id": "ORD0073", "amount_paise": 716900}}
{"timestamp": "2026-09-04T11:25:38.331629+00:00", "event": "ROWS_MATCHED", "status": "OK", "rule": "PASS2_FEE_TOLERANT", "confidence": 0.95, "params": {"txn_id": "TXN000074", "order_id": "ORD0074", "amount_paise": 608000}}
{"timestamp": "2026-09-04T11:25:38.332191+00:00", "event": "ROWS_MATCHED", "status": "OK", "rule": "PASS2_FEE_TOLERANT", "confidence": 0.95, "params": {"txn_id": "TXN000075", "order_id": "ORD0075", "amount_paise": 241600}}
{"timestamp": "2026-09-04T11:25:38.332640+00:00", "event": "ROWS_MATCHED", "status": "OK", "rule": "PASS2_FEE_TOLERANT", "confidence": 0.95, "params": {"txn_id": "TXN000076", "order_id": "ORD0076", "amount_paise": 1253200}}
{"timestamp": "2026-09-04T11:25:38.333079+00:00", "event": "ROWS_MATCHED", "status": "OK", "rule": "PASS2_FEE_TOLERANT", "confidence": 0.95, "params": {"txn_id": "TXN000077", "order_id": "ORD0077", "amount_paise": 265400}}
{"timestamp": "2026-09-04T11:25:38.333493+00:00", "event": "ROWS_MATCHED", "status": "OK", "rule": "PASS2_FEE_TOLERANT", "confidence": 0.95, "params": {"txn_id": "TXN000078", "order_id": "ORD0078", "amount_paise": 1129900}}
{"timestamp": "2026-09-04T11:25:38.333897+00:00", "event": "ROWS_MATCHED", "status": "OK", "rule": "PASS2_FEE_TOLERANT", "confidence": 0.95, "params": {"txn_id": "TXN000079", "order_id": "ORD0079", "amount_paise": 645400}}
{"timestamp": "2026-09-04T11:25:38.334329+00:00", "event": "ROWS_MATCHED", "status": "OK", "rule": "PASS2_FEE_TOLERANT", "confidence": 0.95, "params": {"txn_id": "TXN000080", "order_id": "ORD0080", "amount_paise": 781800}}
{"timestamp": "2026-09-04T11:25:38.334727+00:00", "event": "ROWS_MATCHED", "status": "OK", "rule": "PASS2_FEE_TOLERANT", "confidence": 0.95, "params": {"txn_id": "TXN000081", "order_id": "ORD0081", "amount_paise": 921400}}
{"timestamp": "2026-09-04T11:25:38.335133+00:00", "event": "ROWS_MATCHED", "status": "OK", "rule": "PASS2_FEE_TOLERANT", "confidence": 0.95, "params": {"txn_id": "TXN000082", "order_id": "ORD0082", "amount_paise": 1129500}}
{"timestamp": "2026-09-04T11:25:38.335623+00:00", "event": "PASS2_COMPLETE", "status": "OK", "rule": "fee_tolerant", "confidence": null, "params": {"matched": 17, "remaining_gateway": 4}}
{"timestamp": "2026-09-04T11:25:38.335937+00:00", "event": "PASS3_START", "status": "OK", "rule": "ai", "confidence": null, "params": {"residual": 4}}
{"timestamp": "2026-09-04T11:25:38.338164+00:00", "event": "DECISION_ESCALATED", "status": "ESCALATED_TO_HUMAN", "rule": "heuristic", "confidence": 0.2, "params": {"txn_id": "TXN000094", "order_id": "ORD0094", "gateway_paise": 1039400, "bank_paise": 994400, "ledger_paise": 1039400, "gateway_rupees": 10394.0, "bank_rupees": 9944.0}}
{"timestamp": "2026-09-04T11:25:38.340018+00:00", "event": "DECISION_ESCALATED", "status": "ESCALATED_TO_HUMAN", "rule": "heuristic", "confidence": 0.2, "params": {"txn_id": "TXN000097", "order_id": "ORD0097", "gateway_paise": 1290700, "bank_paise": 1245700, "ledger_paise": 1290700, "gateway_rupees": 12907.0, "bank_rupees": 12457.0}}
{"timestamp": "2026-09-04T11:25:38.342593+00:00", "event": "DECISION_ESCALATED", "status": "ESCALATED_TO_HUMAN", "rule": "heuristic", "confidence": 0.2, "params": {"txn_id": "TXN000099", "order_id": "ORD0099", "gateway_paise": 46900, "bank_paise": 1900, "ledger_paise": 46900, "gateway_rupees": 469.0, "bank_rupees": 19.0}}
{"timestamp": "2026-09-04T11:25:38.345085+00:00", "event": "DECISION_ESCALATED", "status": "ESCALATED_TO_HUMAN", "rule": "heuristic", "confidence": 0.2, "params": {"txn_id": "TXN000100", "order_id": "ORD0100", "gateway_paise": 1454600, "bank_paise": 1409600, "ledger_paise": 1454600, "gateway_rupees": 14546.0, "bank_rupees": 14096.0}}
{"timestamp": "2026-09-04T11:25:38.348214+00:00", "event": "BATCH_COMPLETE", "status": "OK", "rule": "engine", "confidence": null, "params": {"total_gateway": 100, "total_bank": 100, "total_ledger": 100, "matched_exact_pass1": 79, "matched_fee_pass2": 17, "matched_ai_pass3": 0, "total_matched": 96, "unresolved_count": 4, "match_rate_pct": 96.0, "elapsed_sec": 0.2074, "throughput_rec_sec": 462.8, "precision_pct": 100.0, "ai_settled": 0, "ai_escalated": 4}}
{"timestamp": "2026-09-04T11:25:59.067353+00:00", "event": "BATCH_START", "status": "OK", "rule": "engine", "confidence": null, "params": {"gateway": 10, "bank": 10, "ledger": 10}}
{"timestamp": "2026-09-04T11:25:59.133945+00:00", "event": "ROWS_MATCHED", "status": "OK", "rule": "PASS1_EXACT", "confidence": 1.0, "params": {"txn_id": "TXN000001", "order_id": "ORD0001", "amount_paise": 1062600}}
{"timestamp": "2026-09-04T11:25:59.134537+00:00", "event": "ROWS_MATCHED", "status": "OK", "rule": "PASS1_EXACT", "confidence": 1.0, "params": {"txn_id": "TXN000002", "order_id": "ORD0002", "amount_paise": 55900}}
{"timestamp": "2026-09-04T11:25:59.134941+00:00", "event": "ROWS_MATCHED", "status": "OK", "rule": "PASS1_EXACT", "confidence": 1.0, "params": {"txn_id": "TXN000003", "order_id": "ORD0003", "amount_paise": 465600}}
{"timestamp": "2026-09-04T11:25:59.135292+00:00", "event": "ROWS_MATCHED", "status": "OK", "rule": "PASS1_EXACT", "confidence": 1.0, "params": {"txn_id": "TXN000004", "order_id": "ORD0004", "amount_paise": 380700}}
{"timestamp": "2026-09-04T11:25:59.135621+00:00", "event": "ROWS_MATCHED", "status": "OK", "rule": "PASS1_EXACT", "confidence": 1.0, "params": {"txn_id": "TXN000005", "order_id": "ORD0005", "amount_paise": 1221600}}
{"timestamp": "2026-09-04T11:25:59.135934+00:00", "event": "ROWS_MATCHED", "status": "OK", "rule": "PASS1_EXACT", "confidence": 1.0, "params": {"txn_id": "TXN000006", "order_id": "ORD0006", "amount_paise": 1123700}}
{"timestamp": "2026-09-04T11:25:59.136241+00:00", "event": "ROWS_MATCHED", "status": "OK", "rule": "PASS1_EXACT", "confidence": 1.0, "params": {"txn_id": "TXN000009", "order_id": "ORD0009", "amount_paise": 373200}}
{"timestamp": "2026-09-04T11:25:59.136558+00:00", "event": "ROWS_MATCHED", "status": "OK", "rule": "PASS1_EXACT", "confidence": 1.0, "params": {"txn_id": "TXN000010", "order_id": "ORD0010", "amount_paise": 842900}}
{"timestamp": "2026-09-04T11:25:59.136809+00:00", "event": "PASS1_COMPLETE", "status": "OK", "rule": "exact", "confidence": null, "params": {"matched": 8, "remaining_gateway": 2}}
{"timestamp": "2026-09-04T11:25:59.180896+00:00", "event": "ROWS_MATCHED", "status": "OK", "rule": "PASS2_FEE_TOLERANT", "confidence": 0.95, "params": {"txn_id": "TXN000007", "order_id": "ORD0007", "amount_paise": 1476700}}
{"timestamp": "2026-09-04T11:25:59.182059+00:00", "event": "ROWS_MATCHED", "status": "OK", "rule": "PASS2_FEE_TOLERANT", "confidence": 0.95, "params": {"txn_id": "TXN000008", "order_id": "ORD0008", "amount_paise": 706200}}
{"timestamp": "2026-09-04T11:25:59.182677+00:00", "event": "PASS2_COMPLETE", "status": "OK", "rule": "fee_tolerant", "confidence": null, "params": {"matched": 2, "remaining_gateway": 0}}
{"timestamp": "2026-09-04T11:25:59.188888+00:00", "event": "BATCH_COMPLETE", "status": "OK", "rule": "engine", "confidence": null, "params": {"total_gateway": 10, "total_bank": 10, "total_ledger": 10, "matched_exact_pass1": 8, "matched_fee_pass2": 2, "matched_ai_pass3": 0, "total_matched": 10, "unresolved_count": 0, "match_rate_pct": 100.0, "elapsed_sec": 0.1675, "throughput_rec_sec": 59.7, "precision_pct": 100.0, "ai_settled": 0, "ai_escalated": 0}}
{"timestamp": "2026-09-04T11:26:08.961689+00:00", "event": "BATCH_START", "status": "OK", "rule": "engine", "confidence": null, "params": {"gateway": 100, "bank": 100, "ledger": 100}}
{"timestamp": "2026-09-04T11:26:09.003387+00:00", "event": "ROWS_MATCHED", "status": "OK", "rule": "PASS1_EXACT", "confidence": 1.0, "params": {"txn_id": "TXN000001", "order_id": "ORD0001", "amount_paise": 1062600}}
{"timestamp": "2026-09-04T11:26:09.003976+00:00", "event": "ROWS_MATCHED", "status": "OK", "rule": "PASS1_EXACT", "confidence": 1.0, "params": {"txn_id": "TXN000002", "order_id": "ORD0002", "amount_paise": 55900}}
{"timestamp": "2026-09-04T11:26:09.004341+00:00", "event": "ROWS_MATCHED", "status": "OK", "rule": "PASS1_EXACT", "confidence": 1.0, "params": {"txn_id": "TXN000003", "order_id": "ORD0003", "amount_paise": 465600}}
{"timestamp": "2026-09-04T11:26:09.004662+00:00", "event": "ROWS_MATCHED", "status": "OK", "rule": "PASS1_EXACT", "confidence": 1.0, "params": {"txn_id": "TXN000004", "order_id": "ORD0004", "amount_paise": 380700}}
{"timestamp": "2026-09-04T11:26:09.005017+00:00", "event": "ROWS_MATCHED", "status": "OK", "rule": "PASS1_EXACT", "confidence": 1.0, "params": {"txn_id": "TXN000005", "order_id": "ORD0005", "amount_paise": 1221600}}
{"timestamp": "2026-09-04T11:26:09.005403+00:00", "event": "ROWS_MATCHED", "status": "OK", "rule": "PASS1_EXACT", "confidence": 1.0, "params": {"txn_id": "TXN000006", "order_id": "ORD0006", "amount_paise": 1123700}}
{"timestamp": "2026-09-04T11:26:09.005718+00:00", "event": "ROWS_MATCHED", "status": "OK", "rule": "PASS1_EXACT", "confidence": 1.0, "params": {"txn_id": "TXN000007", "order_id": "ORD0007", "amount_paise": 1476700}}
{"timestamp": "2026-09-04T11:26:09.006017+00:00", "event": "ROWS_MATCHED", "status": "OK", "rule": "PASS1_EXACT", "confidence": 1.0, "params": {"txn_id": "TXN000008", "order_id": "ORD0008", "amount_paise": 157400}}
{"timestamp": "2026-09-04T11:26:09.006370+00:00", "event": "ROWS_MATCHED", "status": "OK", "rule": "PASS1_EXACT", "confidence": 1.0, "params": {"txn_id": "TXN000009", "order_id": "ORD0009", "amount_paise": 706200}}
{"timestamp": "2026-09-04T11:26:09.006707+00:00", "event": "ROWS_MATCHED", "status": "OK", "rule": "PASS1_EXACT", "confidence": 1.0, "params": {"txn_id": "TXN000010", "order_id": "ORD0010", "amount_paise": 63800}}
{"timestamp": "2026-09-04T11:26:09.007014+00:00", "event": "ROWS_MATCHED", "status": "OK", "rule": "PASS1_EXACT", "confidence": 1.0, "params": {"txn_id": "TXN000011", "order_id": "ORD0011", "amount_paise": 373200}}
{"timestamp": "2026-09-04T11:26:09.007308+00:00", "event": "ROWS_MATCHED", "status": "OK", "rule": "PASS1_EXACT", "confidence": 1.0, "params": {"txn_id": "TXN000012", "order_id": "ORD0012", "amount_paise": 842900}}
{"timestamp": "2026-09-04T11:26:09.007588+00:00", "event": "ROWS_MATCHED", "status": "OK", "rule": "PASS1_EXACT", "confidence": 1.0, "params": {"txn_id": "TXN000013", "order_id": "ORD0013", "amount_paise": 58400}}
{"timestamp": "2026-09-04T11:26:09.007925+00:00", "event": "ROWS_MATCHED", "status": "OK", "rule": "PASS1_EXACT", "confidence": 1.0, "params": {"txn_id": "TXN000014", "order_id": "ORD0014", "amount_paise": 340700}}
{"timestamp": "2026-09-04T11:26:09.008236+00:00", "event": "ROWS_MATCHED", "status": "OK", "rule": "PASS1_EXACT", "confidence": 1.0, "params": {"txn_id": "TXN000015", "order_id": "ORD0015", "amount_paise": 1079700}}
{"timestamp": "2026-09-04T11:26:09.008521+00:00", "event": "ROWS_MATCHED", "status": "OK", "rule": "PASS1_EXACT", "confidence": 1.0, "params": {"txn_id": "TXN000016", "order_id": "ORD0016", "amount_paise": 907800}}
{"timestamp": "2026-09-04T11:26:09.008860+00:00", "event": "ROWS_MATCHED", "status": "OK", "rule": "PASS1_EXACT", "confidence": 1.0, "params": {"txn_id": "TXN000017", "order_id": "ORD0017", "amount_paise": 376100}}
{"timestamp": "2026-09-04T11:26:09.009316+00:00", "event": "ROWS_MATCHED", "status": "OK", "rule": "PASS1_EXACT", "confidence": 1.0, "params": {"txn_id": "TXN000018", "order_id": "ORD0018", "amount_paise": 980400}}
{"timestamp": "2026-09-04T11:26:09.009770+00:00", "event": "ROWS_MATCHED", "status": "OK", "rule": "PASS1_EXACT", "confidence": 1.0, "params": {"txn_id": "TXN000019", "order_id": "ORD0019", "amount_paise": 1341100}}
{"timestamp": "2026-09-04T11:26:09.010275+00:00", "event": "ROWS_MATCHED", "status": "OK", "rule": "PASS1_EXACT", "confidence": 1.0, "params": {"txn_id": "TXN000020", "order_id": "ORD0020", "amount_paise": 25600}}
{"timestamp": "2026-09-04T11:26:09.011157+00:00", "event": "ROWS_MATCHED", "status": "OK", "rule": "PASS1_EXACT", "confidence": 1.0, "params": {"txn_id": "TXN000021", "order_id": "ORD0021", "amount_paise": 1335200}}
{"timestamp": "2026-09-04T11:26:09.011738+00:00", "event": "ROWS_MATCHED", "status": "OK", "rule": "PASS1_EXACT", "confidence": 1.0, "params": {"txn_id": "TXN000022", "order_id": "ORD0022", "amount_paise": 1158800}}
{"timestamp": "2026-09-04T11:26:09.012461+00:00", "event": "ROWS_MATCHED", "status": "OK", "rule": "PASS1_EXACT", "confidence": 1.0, "params": {"txn_id": "TXN000023", "order_id": "ORD0023", "amount_paise": 572400}}
{"timestamp": "2026-09-04T11:26:09.013107+00:00", "event": "ROWS_MATCHED", "status": "OK", "rule": "PASS1_EXACT", "confidence": 1.0, "params": {"txn_id": "TXN000024", "order_id": "ORD0024", "amount_paise": 269700}}
{"timestamp": "2026-09-04T11:26:09.013768+00:00", "event": "ROWS_MATCHED", "status": "OK", "rule": "PASS1_EXACT", "confidence": 1.0, "params": {"txn_id": "TXN000025", "order_id": "ORD0025", "amount_paise": 1265900}}
{"timestamp": "2026-09-04T11:26:09.014632+00:00", "event": "ROWS_MATCHED", "status": "OK", "rule": "PASS1_EXACT", "confidence": 1.0, "params": {"txn_id": "TXN000026", "order_id": "ORD0026", "amount_paise": 182400}}
{"timestamp": "2026-09-04T11:26:09.015283+00:00", "event": "ROWS_MATCHED", "status": "OK", "rule": "PASS1_EXACT", "confidence": 1.0, "params": {"txn_id": "TXN000027", "order_id": "ORD0027", "amount_paise": 637400}}
{"timestamp": "2026-09-04T11:26:09.015819+00:00", "event": "ROWS_MATCHED", "status": "OK", "rule": "PASS1_EXACT", "confidence": 1.0, "params": {"txn_id": "TXN000028", "order_id": "ORD0028", "amount_paise": 603100}}
{"timestamp": "2026-09-04T11:26:09.016309+00:00", "event": "ROWS_MATCHED", "status": "OK", "rule": "PASS1_EXACT", "confidence": 1.0, "params": {"txn_id": "TXN000029", "order_id": "ORD0029", "amount_paise": 578500}}
{"timestamp": "2026-09-04T11:26:09.016811+00:00", "event": "ROWS_MATCHED", "status": "OK", "rule": "PASS1_EXACT", "confidence": 1.0, "params": {"txn_id": "TXN000030", "order_id": "ORD0030", "amount_paise": 448300}}
{"timestamp": "2026-09-04T11:26:09.017278+00:00", "event": "ROWS_MATCHED", "status": "OK", "rule": "PASS1_EXACT", "confidence": 1.0, "params": {"txn_id": "TXN000031", "order_id": "ORD0031", "amount_paise": 86100}}
{"timestamp": "2026-09-04T11:26:09.017749+00:00", "event": "ROWS_MATCHED", "status": "OK", "rule": "PASS1_EXACT", "confidence": 1.0, "params": {"txn_id": "TXN000032", "order_id": "ORD0032", "amount_paise": 767700}}
{"timestamp": "2026-09-04T11:26:09.018071+00:00", "event": "ROWS_MATCHED", "status": "OK", "rule": "PASS1_EXACT", "confidence": 1.0, "params": {"txn_id": "TXN000033", "order_id": "ORD0033", "amount_paise": 219500}}
{"timestamp": "2026-09-04T11:26:09.018374+00:00", "event": "ROWS_MATCHED", "status": "OK", "rule": "PASS1_EXACT", "confidence": 1.0, "params": {"txn_id": "TXN000034", "order_id": "ORD0034", "amount_paise": 635100}}
{"timestamp": "2026-09-04T11:26:09.018675+00:00", "event": "ROWS_MATCHED", "status": "OK", "rule": "PASS1_EXACT", "confidence": 1.0, "params": {"txn_id": "TXN000035", "order_id": "ORD0035", "amount_paise": 919400}}
{"timestamp": "2026-09-04T11:26:09.018952+00:00", "event": "ROWS_MATCHED", "status": "OK", "rule": "PASS1_EXACT", "confidence": 1.0, "params": {"txn_id": "TXN000036", "order_id": "ORD0036", "amount_paise": 1373800}}
{"timestamp": "2026-09-04T11:26:09.019265+00:00", "event": "ROWS_MATCHED", "status": "OK", "rule": "PASS1_EXACT", "confidence": 1.0, "params": {"txn_id": "TXN000037", "order_id": "ORD0037", "amount_paise": 1028300}}
{"timestamp": "2026-09-04T11:26:09.019555+00:00", "event": "ROWS_MATCHED", "status": "OK", "rule": "PASS1_EXACT", "confidence": 1.0, "params": {"txn_id": "TXN000038", "order_id": "ORD0038", "amount_paise": 1426800}}
{"timestamp": "2026-09-04T11:26:09.019883+00:00", "event": "ROWS_MATCHED", "status": "OK", "rule": "PASS1_EXACT", "confidence": 1.0, "params": {"txn_id": "TXN000039", "order_id": "ORD0039", "amount_paise": 960900}}
{"timestamp": "2026-09-04T11:26:09.020204+00:00", "event": "ROWS_MATCHED", "status": "OK", "rule": "PASS1_EXACT", "confidence": 1.0, "params": {"txn_id": "TXN000040", "order_id": "ORD0040", "amount_paise": 1169300}}
{"timestamp": "2026-09-04T11:26:09.020502+00:00", "event": "ROWS_MATCHED", "status": "OK", "rule": "PASS1_EXACT", "confidence": 1.0, "params": {"txn_id": "TXN000041", "order_id": "ORD0041", "amount_paise": 90000}}
{"timestamp": "2026-09-04T11:26:09.020783+00:00", "event": "ROWS_MATCHED", "status": "OK", "rule": "PASS1_EXACT", "confidence": 1.0, "params": {"txn_id": "TXN000042", "order_id": "ORD0042", "amount_paise": 388300}}
{"timestamp": "2026-09-04T11:26:09.021109+00:00", "event": "ROWS_MATCHED", "status": "OK", "rule": "PASS1_EXACT", "confidence": 1.0, "params": {"txn_id": "TXN000043", "order_id": "ORD0043", "amount_paise": 489100}}
{"timestamp": "2026-09-04T11:26:09.021414+00:00", "event": "ROWS_MATCHED", "status": "OK", "rule": "PASS1_EXACT", "confidence": 1.0, "params": {"txn_id": "TXN000044", "order_id": "ORD0044", "amount_paise": 1416300}}
{"timestamp": "2026-09-04T11:26:09.021759+00:00", "event": "ROWS_MATCHED", "status": "OK", "rule": "PASS1_EXACT", "confidence": 1.0, "params": {"txn_id": "TXN000045", "order_id": "ORD0045", "amount_paise": 1434600}}
{"timestamp": "2026-09-04T11:26:09.022093+00:00", "event": "ROWS_MATCHED", "status": "OK", "rule": "PASS1_EXACT", "confidence": 1.0, "params": {"txn_id": "TXN000046", "order_id": "ORD0046", "amount_paise": 637700}}
{"timestamp": "2026-09-04T11:26:09.022390+00:00", "event": "ROWS_MATCHED", "status": "OK", "rule": "PASS1_EXACT", "confidence": 1.0, "params": {"txn_id": "TXN000047", "order_id": "ORD0047", "amount_paise": 757800}}
{"timestamp": "2026-09-04T11:26:09.023014+00:00", "event": "ROWS_MATCHED", "status": "OK", "rule": "PASS1_EXACT", "confidence": 1.0, "params": {"txn_id": "TXN000048", "order_id": "ORD0048", "amount_paise": 1381600}}
{"timestamp": "2026-09-04T11:26:09.023426+00:00", "event": "ROWS_MATCHED", "status": "OK", "rule": "PASS1_EXACT", "confidence": 1.0, "params": {"txn_id": "TXN000049", "order_id": "ORD0049", "amount_paise": 281400}}
{"timestamp": "2026-09-04T11:26:09.023786+00:00", "event": "ROWS_MATCHED", "status": "OK", "rule": "PASS1_EXACT", "confidence": 1.0, "params": {"txn_id": "TXN000050", "order_id": "ORD0050", "amount_paise": 597000}}
{"timestamp": "2026-09-04T11:26:09.024103+00:00", "event": "ROWS_MATCHED", "status": "OK", "rule": "PASS1_EXACT", "confidence": 1.0, "params": {"txn_id": "TXN000051", "order_id": "ORD0051", "amount_paise": 1113000}}
{"timestamp": "2026-09-04T11:26:09.024400+00:00", "event": "ROWS_MATCHED", "status": "OK", "rule": "PASS1_EXACT", "confidence": 1.0, "params": {"txn_id": "TXN000052", "order_id": "ORD0052", "amount_paise": 1164800}}
{"timestamp": "2026-09-04T11:26:09.024682+00:00", "event": "ROWS_MATCHED", "status": "OK", "rule": "PASS1_EXACT", "confidence": 1.0, "params": {"txn_id": "TXN000053", "order_id": "ORD0053", "amount_paise": 1076700}}
{"timestamp": "2026-09-04T11:26:09.025088+00:00", "event": "ROWS_MATCHED", "status": "OK", "rule": "PASS1_EXACT", "confidence": 1.0, "params": {"txn_id": "TXN000054", "order_id": "ORD0054", "amount_paise": 1013000}}
{"timestamp": "2026-09-04T11:26:09.025490+00:00", "event": "ROWS_MATCHED", "status": "OK", "rule": "PASS1_EXACT", "confidence": 1.0, "params": {"txn_id": "TXN000055", "order_id": "ORD0055", "amount_paise": 295300}}
{"timestamp": "2026-09-04T11:26:09.025861+00:00", "event": "ROWS_MATCHED", "status": "OK", "rule": "PASS1_EXACT", "confidence": 1.0, "params": {"txn_id": "TXN000056", "order_id": "ORD0056", "amount_paise": 1209600}}
{"timestamp": "2026-09-04T11:26:09.026236+00:00", "event": "ROWS_MATCHED", "status": "OK", "rule": "PASS1_EXACT", "confidence": 1.0, "params": {"txn_id": "TXN000057", "order_id": "ORD0057", "amount_paise": 282700}}
{"timestamp": "2026-09-04T11:26:09.026597+00:00", "event": "ROWS_MATCHED", "status": "OK", "rule": "PASS1_EXACT", "confidence": 1.0, "params": {"txn_id": "TXN000058", "order_id": "ORD0058", "amount_paise": 636600}}
{"timestamp": "2026-09-04T11:26:09.027042+00:00", "event": "ROWS_MATCHED", "status": "OK", "rule": "PASS1_EXACT", "confidence": 1.0, "params": {"txn_id": "TXN000059", "order_id": "ORD0059", "amount_paise": 1063500}}
{"timestamp": "2026-09-04T11:26:09.027490+00:00", "event": "ROWS_MATCHED", "status": "OK", "rule": "PASS1_EXACT", "confidence": 1.0, "params": {"txn_id": "TXN000060", "order_id": "ORD0060", "amount_paise": 927500}}
{"timestamp": "2026-09-04T11:26:09.027916+00:00", "event": "ROWS_MATCHED", "status": "OK", "rule": "PASS1_EXACT", "confidence": 1.0, "params": {"txn_id": "TXN000061", "order_id": "ORD0061", "amount_paise": 1136600}}
{"timestamp": "2026-09-04T11:26:09.028385+00:00", "event": "ROWS_MATCHED", "status": "OK", "rule": "PASS1_EXACT", "confidence": 1.0, "params": {"txn_id": "TXN000062", "order_id": "ORD0062", "amount_paise": 1395900}}
{"timestamp": "2026-09-04T11:26:09.028811+00:00", "event": "ROWS_MATCHED", "status": "OK", "rule": "PASS1_EXACT", "confidence": 1.0, "params": {"txn_id": "TXN000063", "order_id": "ORD0063", "amount_paise": 1286300}}
{"timestamp": "2026-09-04T11:26:09.029272+00:00", "event": "ROWS_MATCHED", "status": "OK", "rule": "PASS1_EXACT", "confidence": 1.0, "params": {"txn_id": "TXN000064", "order_id": "ORD0064", "amount_paise": 390200}}
{"timestamp": "2026-09-04T11:26:09.029697+00:00", "event": "ROWS_MATCHED", "status": "OK", "rule": "PASS1_EXACT", "confidence": 1.0, "params": {"txn_id": "TXN000065", "order_id": "ORD0065", "amount_paise": 67500}}
{"timestamp": "2026-09-04T11:26:09.030138+00:00", "event": "ROWS_MATCHED", "status": "OK", "rule": "PASS1_EXACT", "confidence": 1.0, "params": {"txn_id": "TXN000083", "order_id": "ORD0083", "amount_paise": 1464600}}
{"timestamp": "2026-09-04T11:26:09.030539+00:00", "event": "ROWS_MATCHED", "status": "OK", "rule": "PASS1_EXACT", "confidence": 1.0, "params": {"txn_id": "TXN000084", "order_id": "ORD0084", "amount_paise": 1245200}}
{"timestamp": "2026-09-04T11:26:09.031024+00:00", "event": "ROWS_MATCHED", "status": "OK", "rule": "PASS1_EXACT", "confidence": 1.0, "params": {"txn_id": "TXN000085", "order_id": "ORD0085", "amount_paise": 1274200}}
{"timestamp": "2026-09-04T11:26:09.031390+00:00", "event": "ROWS_MATCHED", "status": "OK", "rule": "PASS1_EXACT", "confidence": 1.0, "params": {"txn_id": "TXN000086", "order_id": "ORD0086", "amount_paise": 572300}}
{"timestamp": "2026-09-04T11:26:09.031717+00:00", "event": "ROWS_MATCHED", "status": "OK", "rule": "PASS1_EXACT", "confidence": 1.0, "params": {"txn_id": "TXN000087", "order_id": "ORD0087", "amount_paise": 495800}}
{"timestamp": "2026-09-04T11:26:09.032025+00:00", "event": "ROWS_MATCHED", "status": "OK", "rule": "PASS1_EXACT", "confidence": 1.0, "params": {"txn_id": "TXN000088", "order_id": "ORD0088", "amount_paise": 274100}}
{"timestamp": "2026-09-04T11:26:09.032322+00:00", "event": "ROWS_MATCHED", "status": "OK", "rule": "PASS1_EXACT", "confidence": 1.0, "params": {"txn_id": "TXN000089", "order_id": "ORD0089", "amount_paise": 20300}}
{"timestamp": "2026-09-04T11:26:09.032663+00:00", "event": "ROWS_MATCHED", "status": "OK", "rule": "PASS1_EXACT", "confidence": 1.0, "params": {"txn_id": "TXN000090", "order_id": "ORD0090", "amount_paise": 1449900}}
{"timestamp": "2026-09-04T11:26:09.032968+00:00", "event": "ROWS_MATCHED", "status": "OK", "rule": "PASS1_EXACT", "confidence": 1.0, "params": {"txn_id": "TXN000091", "order_id": "ORD0091", "amount_paise": 446500}}
{"timestamp": "2026-09-04T11:26:09.033288+00:00", "event": "ROWS_MATCHED", "status": "OK", "rule": "PASS1_EXACT", "confidence": 1.0, "params": {"txn_id": "TXN000092", "order_id": "ORD0092", "amount_paise": 1263300}}
{"timestamp": "2026-09-04T11:26:09.033571+00:00", "event": "ROWS_MATCHED", "status": "OK", "rule": "PASS1_EXACT", "confidence": 1.0, "params": {"txn_id": "TXN000093", "order_id": "ORD0093", "amount_paise": 846700}}
{"timestamp": "2026-09-04T11:26:09.033854+00:00", "event": "ROWS_MATCHED", "status": "OK", "rule": "PASS1_EXACT", "confidence": 1.0, "params": {"txn_id": "TXN000095", "order_id": "ORD0095", "amount_paise": 846700}}
{"timestamp": "2026-09-04T11:26:09.034138+00:00", "event": "ROWS_MATCHED", "status": "OK", "rule": "PASS1_EXACT", "confidence": 1.0, "params": {"txn_id": "TXN000096", "order_id": "ORD0096", "amount_paise": 627600}}
{"timestamp": "2026-09-04T11:26:09.034417+00:00", "event": "ROWS_MATCHED", "status": "OK", "rule": "PASS1_EXACT", "confidence": 1.0, "params": {"txn_id": "TXN000098", "order_id": "ORD0098", "amount_paise": 15900}}
{"timestamp": "2026-09-04T11:26:09.034651+00:00", "event": "PASS1_COMPLETE", "status": "OK", "rule": "exact", "confidence": null, "params": {"matched": 79, "remaining_gateway": 21}}
{"timestamp": "2026-09-04T11:26:09.068760+00:00", "event": "ROWS_MATCHED", "status": "OK", "rule": "PASS2_FEE_TOLERANT", "confidence": 0.95, "params": {"txn_id": "TXN000066", "order_id": "ORD0066", "amount_paise": 531800}}
{"timestamp": "2026-09-04T11:26:09.069513+00:00", "event": "ROWS_MATCHED", "status": "OK", "rule": "PASS2_FEE_TOLERANT", "confidence": 0.95, "params": {"txn_id": "TXN000067", "order_id": "ORD0067", "amount_paise": 360600}}
{"timestamp": "2026-09-04T11:26:09.069920+00:00", "event": "ROWS_MATCHED", "status": "OK", "rule": "PASS2_FEE_TOLERANT", "confidence": 0.95, "params": {"txn_id": "TXN000068", "order_id": "ORD0068", "amount_paise": 1450800}}
{"timestamp": "2026-09-04T11:26:09.070292+00:00", "event": "ROWS_MATCHED", "status": "OK", "rule": "PASS2_FEE_TOLERANT", "confidence": 0.95, "params": {"txn_id": "TXN000069", "order_id": "ORD0069", "amount_paise": 1088800}}
{"timestamp": "2026-09-04T11:26:09.070628+00:00", "event": "ROWS_MATCHED", "status": "OK", "rule": "PASS2_FEE_TOLERANT", "confidence": 0.95, "params": {"txn_id": "TXN000070", "order_id": "ORD0070", "amount_paise": 1068200}}
{"timestamp": "2026-09-04T11:26:09.070957+00:00", "event": "ROWS_MATCHED", "status": "OK", "rule": "PASS2_FEE_TOLERANT", "confidence": 0.95, "params": {"txn_id": "TXN000071", "order_id": "ORD0071", "amount_paise": 243700}}
{"timestamp": "2026-09-04T11:26:09.071312+00:00", "event": "ROWS_MATCHED", "status": "OK", "rule": "PASS2_FEE_TOLERANT", "confidence": 0.95, "params": {"txn_id": "TXN000072", "order_id": "ORD0072", "amount_paise": 898000}}
{"timestamp": "2026-09-04T11:26:09.071643+00:00", "event": "ROWS_MATCHED", "status": "OK", "rule": "PASS2_FEE_TOLERANT", "confidence": 0.95, "params": {"txn_id": "TXN000073", "order_id": "ORD0073", "amount_paise": 716900}}
{"timestamp": "2026-09-04T11:26:09.071963+00:00", "event": "ROWS_MATCHED", "status": "OK", "rule": "PASS2_FEE_TOLERANT", "confidence": 0.95, "params": {"txn_id": "TXN000074", "order_id": "ORD0074", "amount_paise": 608000}}
{"timestamp": "2026-09-04T11:26:09.072275+00:00", "event": "ROWS_MATCHED", "status": "OK", "rule": "PASS2_FEE_TOLERANT", "confidence": 0.95, "params": {"txn_id": "TXN000075", "order_id": "ORD0075", "amount_paise": 241600}}
{"timestamp": "2026-09-04T11:26:09.072593+00:00", "event": "ROWS_MATCHED", "status": "OK", "rule": "PASS2_FEE_TOLERANT", "confidence": 0.95, "params": {"txn_id": "TXN000076", "order_id": "ORD0076", "amount_paise": 1253200}}
{"timestamp": "2026-09-04T11:26:09.072890+00:00", "event": "ROWS_MATCHED", "status": "OK", "rule": "PASS2_FEE_TOLERANT", "confidence": 0.95, "params": {"txn_id": "TXN000077", "order_id": "ORD0077", "amount_paise": 265400}}
{"timestamp": "2026-09-04T11:26:09.073792+00:00", "event": "ROWS_MATCHED", "status": "OK", "rule": "PASS2_FEE_TOLERANT", "confidence": 0.95, "params": {"txn_id": "TXN000078", "order_id": "ORD0078", "amount_paise": 1129900}}
{"timestamp": "2026-09-04T11:26:09.074257+00:00", "event": "ROWS_MATCHED", "status": "OK", "rule": "PASS2_FEE_TOLERANT", "confidence": 0.95, "params": {"txn_id": "TXN000079", "order_id": "ORD0079", "amount_paise": 645400}}
{"timestamp": "2026-09-04T11:26:09.074569+00:00", "event": "ROWS_MATCHED", "status": "OK", "rule": "PASS2_FEE_TOLERANT", "confidence": 0.95, "params": {"txn_id": "TXN000080", "order_id": "ORD0080", "amount_paise": 781800}}
{"timestamp": "2026-09-04T11:26:09.074879+00:00", "event": "ROWS_MATCHED", "status": "OK", "rule": "PASS2_FEE_TOLERANT", "confidence": 0.95, "params": {"txn_id": "TXN000081", "order_id": "ORD0081", "amount_paise": 921400}}
{"timestamp": "2026-09-04T11:26:09.075185+00:00", "event": "ROWS_MATCHED", "status": "OK", "rule": "PASS2_FEE_TOLERANT", "confidence": 0.95, "params": {"txn_id": "TXN000082", "order_id": "ORD0082", "amount_paise": 1129500}}
{"timestamp": "2026-09-04T11:26:09.075630+00:00", "event": "PASS2_COMPLETE", "status": "OK", "rule": "fee_tolerant", "confidence": null, "params": {"matched": 17, "remaining_gateway": 4}}
{"timestamp": "2026-09-04T11:26:09.075991+00:00", "event": "PASS3_START", "status": "OK", "rule": "ai", "confidence": null, "params": {"residual": 4}}
{"timestamp": "2026-09-04T11:26:09.080815+00:00", "event": "DECISION_ESCALATED", "status": "ESCALATED_TO_HUMAN", "rule": "heuristic", "confidence": 0.2, "params": {"txn_id": "TXN000094", "order_id": "ORD0094", "gateway_paise": 1039400, "bank_paise": 994400, "ledger_paise": 1039400, "gateway_rupees": 10394.0, "bank_rupees": 9944.0}}
{"timestamp": "2026-09-04T11:26:09.082961+00:00", "event": "DECISION_ESCALATED", "status": "ESCALATED_TO_HUMAN", "rule": "heuristic", "confidence": 0.2, "params": {"txn_id": "TXN000097", "order_id": "ORD0097", "gateway_paise": 1290700, "bank_paise": 1245700, "ledger_paise": 1290700, "gateway_rupees": 12907.0, "bank_rupees": 12457.0}}
{"timestamp": "2026-09-04T11:26:09.084537+00:00", "event": "DECISION_ESCALATED", "status": "ESCALATED_TO_HUMAN", "rule": "heuristic", "confidence": 0.2, "params": {"txn_id": "TXN000099", "order_id": "ORD0099", "gateway_paise": 46900, "bank_paise": 1900, "ledger_paise": 46900, "gateway_rupees": 469.0, "bank_rupees": 19.0}}
{"timestamp": "2026-09-04T11:26:09.086291+00:00", "event": "DECISION_ESCALATED", "status": "ESCALATED_TO_HUMAN", "rule": "heuristic", "confidence": 0.2, "params": {"txn_id": "TXN000100", "order_id": "ORD0100", "gateway_paise": 1454600, "bank_paise": 1409600, "ledger_paise": 1454600, "gateway_rupees": 14546.0, "bank_rupees": 14096.0}}
{"timestamp": "2026-09-04T11:26:09.088835+00:00", "event": "BATCH_COMPLETE", "status": "OK", "rule": "engine", "confidence": null, "params": {"total_gateway": 100, "total_bank": 100, "total_ledger": 100, "matched_exact_pass1": 79, "matched_fee_pass2": 17, "matched_ai_pass3": 0, "total_matched": 96, "unresolved_count": 4, "match_rate_pct": 96.0, "elapsed_sec": 0.1388, "throughput_rec_sec": 691.45, "precision_pct": 100.0, "ai_settled": 0, "ai_escalated": 4}}
{"timestamp": "2026-09-04T11:26:47.295406+00:00", "event": "BATCH_START", "status": "OK", "rule": "engine", "confidence": null, "params": {"gateway": 100, "bank": 100, "ledger": 100}}
{"timestamp": "2026-09-04T11:26:47.346700+00:00", "event": "ROWS_MATCHED", "status": "OK", "rule": "PASS1_EXACT", "confidence": 1.0, "params": {"txn_id": "TXN000001", "order_id": "ORD0001", "amount_paise": 1062600}}
{"timestamp": "2026-09-04T11:26:47.347352+00:00", "event": "ROWS_MATCHED", "status": "OK", "rule": "PASS1_EXACT", "confidence": 1.0, "params": {"txn_id": "TXN000002", "order_id": "ORD0002", "amount_paise": 55900}}
{"timestamp": "2026-09-04T11:26:47.347772+00:00", "event": "ROWS_MATCHED", "status": "OK", "rule": "PASS1_EXACT", "confidence": 1.0, "params": {"txn_id": "TXN000003", "order_id": "ORD0003", "amount_paise": 465600}}
{"timestamp": "2026-09-04T11:26:47.348152+00:00", "event": "ROWS_MATCHED", "status": "OK", "rule": "PASS1_EXACT", "confidence": 1.0, "params": {"txn_id": "TXN000004", "order_id": "ORD0004", "amount_paise": 380700}}
{"timestamp": "2026-09-04T11:26:47.348469+00:00", "event": "ROWS_MATCHED", "status": "OK", "rule": "PASS1_EXACT", "confidence": 1.0, "params": {"txn_id": "TXN000005", "order_id": "ORD0005", "amount_paise": 1221600}}
{"timestamp": "2026-09-04T11:26:47.348770+00:00", "event": "ROWS_MATCHED", "status": "OK", "rule": "PASS1_EXACT", "confidence": 1.0, "params": {"txn_id": "TXN000006", "order_id": "ORD0006", "amount_paise": 1123700}}
{"timestamp": "2026-09-04T11:26:47.349071+00:00", "event": "ROWS_MATCHED", "status": "OK", "rule": "PASS1_EXACT", "confidence": 1.0, "params": {"txn_id": "TXN000007", "order_id": "ORD0007", "amount_paise": 1476700}}
{"timestamp": "2026-09-04T11:26:47.349377+00:00", "event": "ROWS_MATCHED", "status": "OK", "rule": "PASS1_EXACT", "confidence": 1.0, "params": {"txn_id": "TXN000008", "order_id": "ORD0008", "amount_paise": 157400}}
{"timestamp": "2026-09-04T11:26:47.349676+00:00", "event": "ROWS_MATCHED", "status": "OK", "rule": "PASS1_EXACT", "confidence": 1.0, "params": {"txn_id": "TXN000009", "order_id": "ORD0009", "amount_paise": 706200}}
{"timestamp": "2026-09-04T11:26:47.349978+00:00", "event": "ROWS_MATCHED", "status": "OK", "rule": "PASS1_EXACT", "confidence": 1.0, "params": {"txn_id": "TXN000010", "order_id": "ORD0010", "amount_paise": 63800}}
{"timestamp": "2026-09-04T11:26:47.350317+00:00", "event": "ROWS_MATCHED", "status": "OK", "rule": "PASS1_EXACT", "confidence": 1.0, "params": {"txn_id": "TXN000011", "order_id": "ORD0011", "amount_paise": 373200}}
{"timestamp": "2026-09-04T11:26:47.350642+00:00", "event": "ROWS_MATCHED", "status": "OK", "rule": "PASS1_EXACT", "confidence": 1.0, "params": {"txn_id": "TXN000012", "order_id": "ORD0012", "amount_paise": 842900}}
{"timestamp": "2026-09-04T11:26:47.350955+00:00", "event": "ROWS_MATCHED", "status": "OK", "rule": "PASS1_EXACT", "confidence": 1.0, "params": {"txn_id": "TXN000013", "order_id": "ORD0013", "amount_paise": 58400}}
{"timestamp": "2026-09-04T11:26:47.351251+00:00", "event": "ROWS_MATCHED", "status": "OK", "rule": "PASS1_EXACT", "confidence": 1.0, "params": {"txn_id": "TXN000014", "order_id": "ORD0014", "amount_paise": 340700}}
{"timestamp": "2026-09-04T11:26:47.351550+00:00", "event": "ROWS_MATCHED", "status": "OK", "rule": "PASS1_EXACT", "confidence": 1.0, "params": {"txn_id": "TXN000015", "order_id": "ORD0015", "amount_paise": 1079700}}
{"timestamp": "2026-09-04T11:26:47.351868+00:00", "event": "ROWS_MATCHED", "status": "OK", "rule": "PASS1_EXACT", "confidence": 1.0, "params": {"txn_id": "TXN000016", "order_id": "ORD0016", "amount_paise": 907800}}
{"timestamp": "2026-09-04T11:26:47.352209+00:00", "event": "ROWS_MATCHED", "status": "OK", "rule": "PASS1_EXACT", "confidence": 1.0, "params": {"txn_id": "TXN000017", "order_id": "ORD0017", "amount_paise": 376100}}
{"timestamp": "2026-09-04T11:26:47.352596+00:00", "event": "ROWS_MATCHED", "status": "OK", "rule": "PASS1_EXACT", "confidence": 1.0, "params": {"txn_id": "TXN000018", "order_id": "ORD0018", "amount_paise": 980400}}
{"timestamp": "2026-09-04T11:26:47.352942+00:00", "event": "ROWS_MATCHED", "status": "OK", "rule": "PASS1_EXACT", "confidence": 1.0, "params": {"txn_id": "TXN000019", "order_id": "ORD0019", "amount_paise": 1341100}}
{"timestamp": "2026-09-04T11:26:47.353454+00:00", "event": "ROWS_MATCHED", "status": "OK", "rule": "PASS1_EXACT", "confidence": 1.0, "params": {"txn_id": "TXN000020", "order_id": "ORD0020", "amount_paise": 25600}}
{"timestamp": "2026-09-04T11:26:47.353826+00:00", "event": "ROWS_MATCHED", "status": "OK", "rule": "PASS1_EXACT", "confidence": 1.0, "params": {"txn_id": "TXN000021", "order_id": "ORD0021", "amount_paise": 1335200}}
{"timestamp": "2026-09-04T11:26:47.354276+00:00", "event": "ROWS_MATCHED", "status": "OK", "rule": "PASS1_EXACT", "confidence": 1.0, "params": {"txn_id": "TXN000022", "order_id": "ORD0022", "amount_paise": 1158800}}
{"timestamp": "2026-09-04T11:26:47.354717+00:00", "event": "ROWS_MATCHED", "status": "OK", "rule": "PASS1_EXACT", "confidence": 1.0, "params": {"txn_id": "TXN000023", "order_id": "ORD0023", "amount_paise": 572400}}
{"timestamp": "2026-09-04T11:26:47.355060+00:00", "event": "ROWS_MATCHED", "status": "OK", "rule": "PASS1_EXACT", "confidence": 1.0, "params": {"txn_id": "TXN000024", "order_id": "ORD0024", "amount_paise": 269700}}
{"timestamp": "2026-09-04T11:26:47.355408+00:00", "event": "ROWS_MATCHED", "status": "OK", "rule": "PASS1_EXACT", "confidence": 1.0, "params": {"txn_id": "TXN000025", "order_id": "ORD0025", "amount_paise": 1265900}}
{"timestamp": "2026-09-04T11:26:47.355740+00:00", "event": "ROWS_MATCHED", "status": "OK", "rule": "PASS1_EXACT", "confidence": 1.0, "params": {"txn_id": "TXN000026", "order_id": "ORD0026", "amount_paise": 182400}}
{"timestamp": "2026-09-04T11:26:47.356111+00:00", "event": "ROWS_MATCHED", "status": "OK", "rule": "PASS1_EXACT", "confidence": 1.0, "params": {"txn_id": "TXN000027", "order_id": "ORD0027", "amount_paise": 637400}}
{"timestamp": "2026-09-04T11:26:47.356781+00:00", "event": "ROWS_MATCHED", "status": "OK", "rule": "PASS1_EXACT", "confidence": 1.0, "params": {"txn_id": "TXN000028", "order_id": "ORD0028", "amount_paise": 603100}}
{"timestamp": "2026-09-04T11:26:47.357551+00:00", "event": "ROWS_MATCHED", "status": "OK", "rule": "PASS1_EXACT", "confidence": 1.0, "params": {"txn_id": "TXN000029", "order_id": "ORD0029", "amount_paise": 578500}}
{"timestamp": "2026-09-04T11:26:47.358331+00:00", "event": "ROWS_MATCHED", "status": "OK", "rule": "PASS1_EXACT", "confidence": 1.0, "params": {"txn_id": "TXN000030", "order_id": "ORD0030", "amount_paise": 448300}}
{"timestamp": "2026-09-04T11:26:47.359125+00:00", "event": "ROWS_MATCHED", "status": "OK", "rule": "PASS1_EXACT", "confidence": 1.0, "params": {"txn_id": "TXN000031", "order_id": "ORD0031", "amount_paise": 86100}}
{"timestamp": "2026-09-04T11:26:47.359812+00:00", "event": "ROWS_MATCHED", "status": "OK", "rule": "PASS1_EXACT", "confidence": 1.0, "params": {"txn_id": "TXN000032", "order_id": "ORD0032", "amount_paise": 767700}}
{"timestamp": "2026-09-04T11:26:47.360667+00:00", "event": "ROWS_MATCHED", "status": "OK", "rule": "PASS1_EXACT", "confidence": 1.0, "params": {"txn_id": "TXN000033", "order_id": "ORD0033", "amount_paise": 219500}}
{"timestamp": "2026-09-04T11:26:47.361805+00:00", "event": "ROWS_MATCHED", "status": "OK", "rule": "PASS1_EXACT", "confidence": 1.0, "params": {"txn_id": "TXN000034", "order_id": "ORD0034", "amount_paise": 635100}}
{"timestamp": "2026-09-04T11:26:47.362546+00:00", "event": "ROWS_MATCHED", "status": "OK", "rule": "PASS1_EXACT", "confidence": 1.0, "params": {"txn_id": "TXN000035", "order_id": "ORD0035", "amount_paise": 919400}}
{"timestamp": "2026-09-04T11:26:47.363388+00:00", "event": "ROWS_MATCHED", "status": "OK", "rule": "PASS1_EXACT", "confidence": 1.0, "params": {"txn_id": "TXN000036", "order_id": "ORD0036", "amount_paise": 1373800}}
{"timestamp": "2026-09-04T11:26:47.364806+00:00", "event": "ROWS_MATCHED", "status": "OK", "rule": "PASS1_EXACT", "confidence": 1.0, "params": {"txn_id": "TXN000037", "order_id": "ORD0037", "amount_paise": 1028300}}
{"timestamp": "2026-09-04T11:26:47.366279+00:00", "event": "ROWS_MATCHED", "status": "OK", "rule": "PASS1_EXACT", "confidence": 1.0, "params": {"txn_id": "TXN000038", "order_id": "ORD0038", "amount_paise": 1426800}}
{"timestamp": "2026-09-04T11:26:47.367232+00:00", "event": "ROWS_MATCHED", "status": "OK", "rule": "PASS1_EXACT", "confidence": 1.0, "params": {"txn_id": "TXN000039", "order_id": "ORD0039", "amount_paise": 960900}}
{"timestamp": "2026-09-04T11:26:47.368080+00:00", "event": "ROWS_MATCHED", "status": "OK", "rule": "PASS1_EXACT", "confidence": 1.0, "params": {"txn_id": "TXN000040", "order_id": "ORD0040", "amount_paise": 1169300}}
{"timestamp": "2026-09-04T11:26:47.369075+00:00", "event": "ROWS_MATCHED", "status": "OK", "rule": "PASS1_EXACT", "confidence": 1.0, "params": {"txn_id": "TXN000041", "order_id": "ORD0041", "amount_paise": 90000}}
{"timestamp": "2026-09-04T11:26:47.370172+00:00", "event": "ROWS_MATCHED", "status": "OK", "rule": "PASS1_EXACT", "confidence": 1.0, "params": {"txn_id": "TXN000042", "order_id": "ORD0042", "amount_paise": 388300}}
{"timestamp": "2026-09-04T11:26:47.371396+00:00", "event": "ROWS_MATCHED", "status": "OK", "rule": "PASS1_EXACT", "confidence": 1.0, "params": {"txn_id": "TXN000043", "order_id": "ORD0043", "amount_paise": 489100}}
{"timestamp": "2026-09-04T11:26:47.372319+00:00", "event": "ROWS_MATCHED", "status": "OK", "rule": "PASS1_EXACT", "confidence": 1.0, "params": {"txn_id": "TXN000044", "order_id": "ORD0044", "amount_paise": 1416300}}
{"timestamp": "2026-09-04T11:26:47.373487+00:00", "event": "ROWS_MATCHED", "status": "OK", "rule": "PASS1_EXACT", "confidence": 1.0, "params": {"txn_id": "TXN000045", "order_id": "ORD0045", "amount_paise": 1434600}}
{"timestamp": "2026-09-04T11:26:47.375607+00:00", "event": "ROWS_MATCHED", "status": "OK", "rule": "PASS1_EXACT", "confidence": 1.0, "params": {"txn_id": "TXN000046", "order_id": "ORD0046", "amount_paise": 637700}}
{"timestamp": "2026-09-04T11:26:47.376901+00:00", "event": "ROWS_MATCHED", "status": "OK", "rule": "PASS1_EXACT", "confidence": 1.0, "params": {"txn_id": "TXN000047", "order_id": "ORD0047", "amount_paise": 757800}}
{"timestamp": "2026-09-04T11:26:47.377935+00:00", "event": "ROWS_MATCHED", "status": "OK", "rule": "PASS1_EXACT", "confidence": 1.0, "params": {"txn_id": "TXN000048", "order_id": "ORD0048", "amount_paise": 1381600}}
{"timestamp": "2026-09-04T11:26:47.378915+00:00", "event": "ROWS_MATCHED", "status": "OK", "rule": "PASS1_EXACT", "confidence": 1.0, "params": {"txn_id": "TXN000049", "order_id": "ORD0049", "amount_paise": 281400}}
{"timestamp": "2026-09-04T11:26:47.379680+00:00", "event": "ROWS_MATCHED", "status": "OK", "rule": "PASS1_EXACT", "confidence": 1.0, "params": {"txn_id": "TXN000050", "order_id": "ORD0050", "amount_paise": 597000}}
{"timestamp": "2026-09-04T11:26:47.380109+00:00", "event": "ROWS_MATCHED", "status": "OK", "rule": "PASS1_EXACT", "confidence": 1.0, "params": {"txn_id": "TXN000051", "order_id": "ORD0051", "amount_paise": 1113000}}
{"timestamp": "2026-09-04T11:26:47.380457+00:00", "event": "ROWS_MATCHED", "status": "OK", "rule": "PASS1_EXACT", "confidence": 1.0, "params": {"txn_id": "TXN000052", "order_id": "ORD0052", "amount_paise": 1164800}}
{"timestamp": "2026-09-04T11:26:47.380844+00:00", "event": "ROWS_MATCHED", "status": "OK", "rule": "PASS1_EXACT", "confidence": 1.0, "params": {"txn_id": "TXN000053", "order_id": "ORD0053", "amount_paise": 1076700}}
{"timestamp": "2026-09-04T11:26:47.381410+00:00", "event": "ROWS_MATCHED", "status": "OK", "rule": "PASS1_EXACT", "confidence": 1.0, "params": {"txn_id": "TXN000054", "order_id": "ORD0054", "amount_paise": 1013000}}
{"timestamp": "2026-09-04T11:26:47.382388+00:00", "event": "ROWS_MATCHED", "status": "OK", "rule": "PASS1_EXACT", "confidence": 1.0, "params": {"txn_id": "TXN000055", "order_id": "ORD0055", "amount_paise": 295300}}
{"timestamp": "2026-09-04T11:26:47.383237+00:00", "event": "ROWS_MATCHED", "status": "OK", "rule": "PASS1_EXACT", "confidence": 1.0, "params": {"txn_id": "TXN000056", "order_id": "ORD0056", "amount_paise": 1209600}}
{"timestamp": "2026-09-04T11:26:47.383978+00:00", "event": "ROWS_MATCHED", "status": "OK", "rule": "PASS1_EXACT", "confidence": 1.0, "params": {"txn_id": "TXN000057", "order_id": "ORD0057", "amount_paise": 282700}}
{"timestamp": "2026-09-04T11:26:47.384715+00:00", "event": "ROWS_MATCHED", "status": "OK", "rule": "PASS1_EXACT", "confidence": 1.0, "params": {"txn_id": "TXN000058", "order_id": "ORD0058", "amount_paise": 636600}}
{"timestamp": "2026-09-04T11:26:47.385417+00:00", "event": "ROWS_MATCHED", "status": "OK", "rule": "PASS1_EXACT", "confidence": 1.0, "params": {"txn_id": "TXN000059", "order_id": "ORD0059", "amount_paise": 1063500}}
{"timestamp": "2026-09-04T11:26:47.385744+00:00", "event": "ROWS_MATCHED", "status": "OK", "rule": "PASS1_EXACT", "confidence": 1.0, "params": {"txn_id": "TXN000060", "order_id": "ORD0060", "amount_paise": 927500}}
{"timestamp": "2026-09-04T11:26:47.386056+00:00", "event": "ROWS_MATCHED", "status": "OK", "rule": "PASS1_EXACT", "confidence": 1.0, "params": {"txn_id": "TXN000061", "order_id": "ORD0061", "amount_paise": 1136600}}
{"timestamp": "2026-09-04T11:26:47.386411+00:00", "event": "ROWS_MATCHED", "status": "OK", "rule": "PASS1_EXACT", "confidence": 1.0, "params": {"txn_id": "TXN000062", "order_id": "ORD0062", "amount_paise": 1395900}}
{"timestamp": "2026-09-04T11:26:47.386782+00:00", "event": "ROWS_MATCHED", "status": "OK", "rule": "PASS1_EXACT", "confidence": 1.0, "params": {"txn_id": "TXN000063", "order_id": "ORD0063", "amount_paise": 1286300}}
{"timestamp": "2026-09-04T11:26:47.387097+00:00", "event": "ROWS_MATCHED", "status": "OK", "rule": "PASS1_EXACT", "confidence": 1.0, "params": {"txn_id": "TXN000064", "order_id": "ORD0064", "amount_paise": 390200}}
{"timestamp": "2026-09-04T11:26:47.387408+00:00", "event": "ROWS_MATCHED", "status": "OK", "rule": "PASS1_EXACT", "confidence": 1.0, "params": {"txn_id": "TXN000065", "order_id": "ORD0065", "amount_paise": 67500}}
{"timestamp": "2026-09-04T11:26:47.387705+00:00", "event": "ROWS_MATCHED", "status": "OK", "rule": "PASS1_EXACT", "confidence": 1.0, "params": {"txn_id": "TXN000083", "order_id": "ORD0083", "amount_paise": 1464600}}
{"timestamp": "2026-09-04T11:26:47.388016+00:00", "event": "ROWS_MATCHED", "status": "OK", "rule": "PASS1_EXACT", "confidence": 1.0, "params": {"txn_id": "TXN000084", "order_id": "ORD0084", "amount_paise": 1245200}}
{"timestamp": "2026-09-04T11:26:47.388509+00:00", "event": "ROWS_MATCHED", "status": "OK", "rule": "PASS1_EXACT", "confidence": 1.0, "params": {"txn_id": "TXN000085", "order_id": "ORD0085", "amount_paise": 1274200}}
{"timestamp": "2026-09-04T11:26:47.389058+00:00", "event": "ROWS_MATCHED", "status": "OK", "rule": "PASS1_EXACT", "confidence": 1.0, "params": {"txn_id": "TXN000086", "order_id": "ORD0086", "amount_paise": 572300}}
{"timestamp": "2026-09-04T11:26:47.390145+00:00", "event": "ROWS_MATCHED", "status": "OK", "rule": "PASS1_EXACT", "confidence": 1.0, "params": {"txn_id": "TXN000087", "order_id": "ORD0087", "amount_paise": 495800}}
{"timestamp": "2026-09-04T11:26:47.391137+00:00", "event": "ROWS_MATCHED", "status": "OK", "rule": "PASS1_EXACT", "confidence": 1.0, "params": {"txn_id": "TXN000088", "order_id": "ORD0088", "amount_paise": 274100}}
{"timestamp": "2026-09-04T11:26:47.392189+00:00", "event": "ROWS_MATCHED", "status": "OK", "rule": "PASS1_EXACT", "confidence": 1.0, "params": {"txn_id": "TXN000089", "order_id": "ORD0089", "amount_paise": 20300}}
{"timestamp": "2026-09-04T11:26:47.392908+00:00", "event": "ROWS_MATCHED", "status": "OK", "rule": "PASS1_EXACT", "confidence": 1.0, "params": {"txn_id": "TXN000090", "order_id": "ORD0090", "amount_paise": 1449900}}
{"timestamp": "2026-09-04T11:26:47.393621+00:00", "event": "ROWS_MATCHED", "status": "OK", "rule": "PASS1_EXACT", "confidence": 1.0, "params": {"txn_id": "TXN000091", "order_id": "ORD0091", "amount_paise": 446500}}
{"timestamp": "2026-09-04T11:26:47.394231+00:00", "event": "ROWS_MATCHED", "status": "OK", "rule": "PASS1_EXACT", "confidence": 1.0, "params": {"txn_id": "TXN000092", "order_id": "ORD0092", "amount_paise": 1263300}}
{"timestamp": "2026-09-04T11:26:47.394779+00:00", "event": "ROWS_MATCHED", "status": "OK", "rule": "PASS1_EXACT", "confidence": 1.0, "params": {"txn_id": "TXN000093", "order_id": "ORD0093", "amount_paise": 846700}}
{"timestamp": "2026-09-04T11:26:47.395478+00:00", "event": "ROWS_MATCHED", "status": "OK", "rule": "PASS1_EXACT", "confidence": 1.0, "params": {"txn_id": "TXN000095", "order_id": "ORD0095", "amount_paise": 846700}}
{"timestamp": "2026-09-04T11:26:47.396193+00:00", "event": "ROWS_MATCHED", "status": "OK", "rule": "PASS1_EXACT", "confidence": 1.0, "params": {"txn_id": "TXN000096", "order_id": "ORD0096", "amount_paise": 627600}}
{"timestamp": "2026-09-04T11:26:47.397211+00:00", "event": "ROWS_MATCHED", "status": "OK", "rule": "PASS1_EXACT", "confidence": 1.0, "params": {"txn_id": "TXN000098", "order_id": "ORD0098", "amount_paise": 15900}}
{"timestamp": "2026-09-04T11:26:47.397902+00:00", "event": "PASS1_COMPLETE", "status": "OK", "rule": "exact", "confidence": null, "params": {"matched": 79, "remaining_gateway": 21}}
{"timestamp": "2026-09-04T11:26:47.435140+00:00", "event": "ROWS_MATCHED", "status": "OK", "rule": "PASS2_FEE_TOLERANT", "confidence": 0.95, "params": {"txn_id": "TXN000066", "order_id": "ORD0066", "amount_paise": 531800}}
{"timestamp": "2026-09-04T11:26:47.435844+00:00", "event": "ROWS_MATCHED", "status": "OK", "rule": "PASS2_FEE_TOLERANT", "confidence": 0.95, "params": {"txn_id": "TXN000067", "order_id": "ORD0067", "amount_paise": 360600}}
{"timestamp": "2026-09-04T11:26:47.436269+00:00", "event": "ROWS_MATCHED", "status": "OK", "rule": "PASS2_FEE_TOLERANT", "confidence": 0.95, "params": {"txn_id": "TXN000068", "order_id": "ORD0068", "amount_paise": 1450800}}
{"timestamp": "2026-09-04T11:26:47.436687+00:00", "event": "ROWS_MATCHED", "status": "OK", "rule": "PASS2_FEE_TOLERANT", "confidence": 0.95, "params": {"txn_id": "TXN000069", "order_id": "ORD0069", "amount_paise": 1088800}}
{"timestamp": "2026-09-04T11:26:47.437020+00:00", "event": "ROWS_MATCHED", "status": "OK", "rule": "PASS2_FEE_TOLERANT", "confidence": 0.95, "params": {"txn_id": "TXN000070", "order_id": "ORD0070", "amount_paise": 1068200}}
{"timestamp": "2026-09-04T11:26:47.437373+00:00", "event": "ROWS_MATCHED", "status": "OK", "rule": "PASS2_FEE_TOLERANT", "confidence": 0.95, "params": {"txn_id": "TXN000071", "order_id": "ORD0071", "amount_paise": 243700}}
{"timestamp": "2026-09-04T11:26:47.437697+00:00", "event": "ROWS_MATCHED", "status": "OK", "rule": "PASS2_FEE_TOLERANT", "confidence": 0.95, "params": {"txn_id": "TXN000072", "order_id": "ORD0072", "amount_paise": 898000}}
{"timestamp": "2026-09-04T11:26:47.438002+00:00", "event": "ROWS_MATCHED", "status": "OK", "rule": "PASS2_FEE_TOLERANT", "confidence": 0.95, "params": {"txn_id": "TXN000073", "order_id": "ORD0073", "amount_paise": 716900}}
{"timestamp": "2026-09-04T11:26:47.438340+00:00", "event": "ROWS_MATCHED", "status": "OK", "rule": "PASS2_FEE_TOLERANT", "confidence": 0.95, "params": {"txn_id": "TXN000074", "order_id": "ORD0074", "amount_paise": 608000}}
{"timestamp": "2026-09-04T11:26:47.438699+00:00", "event": "ROWS_MATCHED", "status": "OK", "rule": "PASS2_FEE_TOLERANT", "confidence": 0.95, "params": {"txn_id": "TXN000075", "order_id": "ORD0075", "amount_paise": 241600}}
{"timestamp": "2026-09-04T11:26:47.439032+00:00", "event": "ROWS_MATCHED", "status": "OK", "rule": "PASS2_FEE_TOLERANT", "confidence": 0.95, "params": {"txn_id": "TXN000076", "order_id": "ORD0076", "amount_paise": 1253200}}
{"timestamp": "2026-09-04T11:26:47.439394+00:00", "event": "ROWS_MATCHED", "status": "OK", "rule": "PASS2_FEE_TOLERANT", "confidence": 0.95, "params": {"txn_id": "TXN000077", "order_id": "ORD0077", "amount_paise": 265400}}
{"timestamp": "2026-09-04T11:26:47.439843+00:00", "event": "ROWS_MATCHED", "status": "OK", "rule": "PASS2_FEE_TOLERANT", "confidence": 0.95, "params": {"txn_id": "TXN000078", "order_id": "ORD0078", "amount_paise": 1129900}}
{"timestamp": "2026-09-04T11:26:47.440308+00:00", "event": "ROWS_MATCHED", "status": "OK", "rule": "PASS2_FEE_TOLERANT", "confidence": 0.95, "params": {"txn_id": "TXN000079", "order_id": "ORD0079", "amount_paise": 645400}}
{"timestamp": "2026-09-04T11:26:47.440899+00:00", "event": "ROWS_MATCHED", "status": "OK", "rule": "PASS2_FEE_TOLERANT", "confidence": 0.95, "params": {"txn_id": "TXN000080", "order_id": "ORD0080", "amount_paise": 781800}}
{"timestamp": "2026-09-04T11:26:47.441587+00:00", "event": "ROWS_MATCHED", "status": "OK", "rule": "PASS2_FEE_TOLERANT", "confidence": 0.95, "params": {"txn_id": "TXN000081", "order_id": "ORD0081", "amount_paise": 921400}}
{"timestamp": "2026-09-04T11:26:47.442274+00:00", "event": "ROWS_MATCHED", "status": "OK", "rule": "PASS2_FEE_TOLERANT", "confidence": 0.95, "params": {"txn_id": "TXN000082", "order_id": "ORD0082", "amount_paise": 1129500}}
{"timestamp": "2026-09-04T11:26:47.442792+00:00", "event": "PASS2_COMPLETE", "status": "OK", "rule": "fee_tolerant", "confidence": null, "params": {"matched": 17, "remaining_gateway": 4}}
{"timestamp": "2026-09-04T11:26:47.443355+00:00", "event": "PASS3_START", "status": "OK", "rule": "ai", "confidence": null, "params": {"residual": 4}}
{"timestamp": "2026-09-04T11:26:47.446511+00:00", "event": "DECISION_ESCALATED", "status": "ESCALATED_TO_HUMAN", "rule": "heuristic", "confidence": 0.2, "params": {"txn_id": "TXN000094", "order_id": "ORD0094", "gateway_paise": 1039400, "bank_paise": 994400, "ledger_paise": 1039400, "gateway_rupees": 10394.0, "bank_rupees": 9944.0}}
{"timestamp": "2026-09-04T11:26:47.448904+00:00", "event": "DECISION_ESCALATED", "status": "ESCALATED_TO_HUMAN", "rule": "heuristic", "confidence": 0.2, "params": {"txn_id": "TXN000097", "order_id": "ORD0097", "gateway_paise": 1290700, "bank_paise": 1245700, "ledger_paise": 1290700, "gateway_rupees": 12907.0, "bank_rupees": 12457.0}}
{"timestamp": "2026-09-04T11:26:47.450532+00:00", "event": "DECISION_ESCALATED", "status": "ESCALATED_TO_HUMAN", "rule": "heuristic", "confidence": 0.2, "params": {"txn_id": "TXN000099", "order_id": "ORD0099", "gateway_paise": 46900, "bank_paise": 1900, "ledger_paise": 46900, "gateway_rupees": 469.0, "bank_rupees": 19.0}}
{"timestamp": "2026-09-04T11:26:47.452049+00:00", "event": "DECISION_ESCALATED", "status": "ESCALATED_TO_HUMAN", "rule": "heuristic", "confidence": 0.2, "params": {"txn_id": "TXN000100", "order_id": "ORD0100", "gateway_paise": 1454600, "bank_paise": 1409600, "ledger_paise": 1454600, "gateway_rupees": 14546.0, "bank_rupees": 14096.0}}
{"timestamp": "2026-09-04T11:26:47.454397+00:00", "event": "BATCH_COMPLETE", "status": "OK", "rule": "engine", "confidence": null, "params": {"total_gateway": 100, "total_bank": 100, "total_ledger": 100, "matched_exact_pass1": 79, "matched_fee_pass2": 17, "matched_ai_pass3": 0, "total_matched": 96, "unresolved_count": 4, "match_rate_pct": 96.0, "elapsed_sec": 0.1823, "throughput_rec_sec": 526.59, "precision_pct": 100.0, "ai_settled": 0, "ai_escalated": 4}}
{"timestamp": "2026-09-04T11:37:20.750001+00:00", "event": "BATCH_START", "status": "OK", "rule": "engine", "confidence": null, "params": {"gateway": 100, "bank": 100, "ledger": 100}}
{"timestamp": "2026-09-04T11:37:20.790157+00:00", "event": "ROWS_MATCHED", "status": "OK", "rule": "PASS1_EXACT", "confidence": 1.0, "params": {"txn_id": "TXN000001", "order_id": "ORD0001", "amount_paise": 1062600}}
{"timestamp": "2026-09-04T11:37:20.790829+00:00", "event": "ROWS_MATCHED", "status": "OK", "rule": "PASS1_EXACT", "confidence": 1.0, "params": {"txn_id": "TXN000002", "order_id": "ORD0002", "amount_paise": 55900}}
{"timestamp": "2026-09-04T11:37:20.791217+00:00", "event": "ROWS_MATCHED", "status": "OK", "rule": "PASS1_EXACT", "confidence": 1.0, "params": {"txn_id": "TXN000003", "order_id": "ORD0003", "amount_paise": 465600}}
{"timestamp": "2026-09-04T11:37:20.791549+00:00", "event": "ROWS_MATCHED", "status": "OK", "rule": "PASS1_EXACT", "confidence": 1.0, "params": {"txn_id": "TXN000004", "order_id": "ORD0004", "amount_paise": 380700}}
{"timestamp": "2026-09-04T11:37:20.791872+00:00", "event": "ROWS_MATCHED", "status": "OK", "rule": "PASS1_EXACT", "confidence": 1.0, "params": {"txn_id": "TXN000005", "order_id": "ORD0005", "amount_paise": 1221600}}
{"timestamp": "2026-09-04T11:37:20.792196+00:00", "event": "ROWS_MATCHED", "status": "OK", "rule": "PASS1_EXACT", "confidence": 1.0, "params": {"txn_id": "TXN000006", "order_id": "ORD0006", "amount_paise": 1123700}}
{"timestamp": "2026-09-04T11:37:20.792509+00:00", "event": "ROWS_MATCHED", "status": "OK", "rule": "PASS1_EXACT", "confidence": 1.0, "params": {"txn_id": "TXN000007", "order_id": "ORD0007", "amount_paise": 1476700}}
{"timestamp": "2026-09-04T11:37:20.792834+00:00", "event": "ROWS_MATCHED", "status": "OK", "rule": "PASS1_EXACT", "confidence": 1.0, "params": {"txn_id": "TXN000008", "order_id": "ORD0008", "amount_paise": 157400}}
{"timestamp": "2026-09-04T11:37:20.793154+00:00", "event": "ROWS_MATCHED", "status": "OK", "rule": "PASS1_EXACT", "confidence": 1.0, "params": {"txn_id": "TXN000009", "order_id": "ORD0009", "amount_paise": 706200}}
{"timestamp": "2026-09-04T11:37:20.793463+00:00", "event": "ROWS_MATCHED", "status": "OK", "rule": "PASS1_EXACT", "confidence": 1.0, "params": {"txn_id": "TXN000010", "order_id": "ORD0010", "amount_paise": 63800}}
{"timestamp": "2026-09-04T11:37:20.793759+00:00", "event": "ROWS_MATCHED", "status": "OK", "rule": "PASS1_EXACT", "confidence": 1.0, "params": {"txn_id": "TXN000011", "order_id": "ORD0011", "amount_paise": 373200}}
{"timestamp": "2026-09-04T11:37:20.794054+00:00", "event": "ROWS_MATCHED", "status": "OK", "rule": "PASS1_EXACT", "confidence": 1.0, "params": {"txn_id": "TXN000012", "order_id": "ORD0012", "amount_paise": 842900}}
{"timestamp": "2026-09-04T11:37:20.794361+00:00", "event": "ROWS_MATCHED", "status": "OK", "rule": "PASS1_EXACT", "confidence": 1.0, "params": {"txn_id": "TXN000013", "order_id": "ORD0013", "amount_paise": 58400}}
{"timestamp": "2026-09-04T11:37:20.794674+00:00", "event": "ROWS_MATCHED", "status": "OK", "rule": "PASS1_EXACT", "confidence": 1.0, "params": {"txn_id": "TXN000014", "order_id": "ORD0014", "amount_paise": 340700}}
{"timestamp": "2026-09-04T11:37:20.794998+00:00", "event": "ROWS_MATCHED", "status": "OK", "rule": "PASS1_EXACT", "confidence": 1.0, "params": {"txn_id": "TXN000015", "order_id": "ORD0015", "amount_paise": 1079700}}
{"timestamp": "2026-09-04T11:37:20.795409+00:00", "event": "ROWS_MATCHED", "status": "OK", "rule": "PASS1_EXACT", "confidence": 1.0, "params": {"txn_id": "TXN000016", "order_id": "ORD0016", "amount_paise": 907800}}
{"timestamp": "2026-09-04T11:37:20.795736+00:00", "event": "ROWS_MATCHED", "status": "OK", "rule": "PASS1_EXACT", "confidence": 1.0, "params": {"txn_id": "TXN000017", "order_id": "ORD0017", "amount_paise": 376100}}
{"timestamp": "2026-09-04T11:37:20.796339+00:00", "event": "ROWS_MATCHED", "status": "OK", "rule": "PASS1_EXACT", "confidence": 1.0, "params": {"txn_id": "TXN000018", "order_id": "ORD0018", "amount_paise": 980400}}
{"timestamp": "2026-09-04T11:37:20.796732+00:00", "event": "ROWS_MATCHED", "status": "OK", "rule": "PASS1_EXACT", "confidence": 1.0, "params": {"txn_id": "TXN000019", "order_id": "ORD0019", "amount_paise": 1341100}}
{"timestamp": "2026-09-04T11:37:20.797078+00:00", "event": "ROWS_MATCHED", "status": "OK", "rule": "PASS1_EXACT", "confidence": 1.0, "params": {"txn_id": "TXN000020", "order_id": "ORD0020", "amount_paise": 25600}}
{"timestamp": "2026-09-04T11:37:20.797415+00:00", "event": "ROWS_MATCHED", "status": "OK", "rule": "PASS1_EXACT", "confidence": 1.0, "params": {"txn_id": "TXN000021", "order_id": "ORD0021", "amount_paise": 1335200}}
{"timestamp": "2026-09-04T11:37:20.797764+00:00", "event": "ROWS_MATCHED", "status": "OK", "rule": "PASS1_EXACT", "confidence": 1.0, "params": {"txn_id": "TXN000022", "order_id": "ORD0022", "amount_paise": 1158800}}
{"timestamp": "2026-09-04T11:37:20.798205+00:00", "event": "ROWS_MATCHED", "status": "OK", "rule": "PASS1_EXACT", "confidence": 1.0, "params": {"txn_id": "TXN000023", "order_id": "ORD0023", "amount_paise": 572400}}
{"timestamp": "2026-09-04T11:37:20.798569+00:00", "event": "ROWS_MATCHED", "status": "OK", "rule": "PASS1_EXACT", "confidence": 1.0, "params": {"txn_id": "TXN000024", "order_id": "ORD0024", "amount_paise": 269700}}
{"timestamp": "2026-09-04T11:37:20.799007+00:00", "event": "ROWS_MATCHED", "status": "OK", "rule": "PASS1_EXACT", "confidence": 1.0, "params": {"txn_id": "TXN000025", "order_id": "ORD0025", "amount_paise": 1265900}}
{"timestamp": "2026-09-04T11:37:20.799390+00:00", "event": "ROWS_MATCHED", "status": "OK", "rule": "PASS1_EXACT", "confidence": 1.0, "params": {"txn_id": "TXN000026", "order_id": "ORD0026", "amount_paise": 182400}}
{"timestamp": "2026-09-04T11:37:20.799729+00:00", "event": "ROWS_MATCHED", "status": "OK", "rule": "PASS1_EXACT", "confidence": 1.0, "params": {"txn_id": "TXN000027", "order_id": "ORD0027", "amount_paise": 637400}}
{"timestamp": "2026-09-04T11:37:20.800058+00:00", "event": "ROWS_MATCHED", "status": "OK", "rule": "PASS1_EXACT", "confidence": 1.0, "params": {"txn_id": "TXN000028", "order_id": "ORD0028", "amount_paise": 603100}}
{"timestamp": "2026-09-04T11:37:20.800378+00:00", "event": "ROWS_MATCHED", "status": "OK", "rule": "PASS1_EXACT", "confidence": 1.0, "params": {"txn_id": "TXN000029", "order_id": "ORD0029", "amount_paise": 578500}}
{"timestamp": "2026-09-04T11:37:20.800792+00:00", "event": "ROWS_MATCHED", "status": "OK", "rule": "PASS1_EXACT", "confidence": 1.0, "params": {"txn_id": "TXN000030", "order_id": "ORD0030", "amount_paise": 448300}}
{"timestamp": "2026-09-04T11:37:20.801415+00:00", "event": "ROWS_MATCHED", "status": "OK", "rule": "PASS1_EXACT", "confidence": 1.0, "params": {"txn_id": "TXN000031", "order_id": "ORD0031", "amount_paise": 86100}}
{"timestamp": "2026-09-04T11:37:20.802533+00:00", "event": "ROWS_MATCHED", "status": "OK", "rule": "PASS1_EXACT", "confidence": 1.0, "params": {"txn_id": "TXN000032", "order_id": "ORD0032", "amount_paise": 767700}}
{"timestamp": "2026-09-04T11:37:20.803569+00:00", "event": "ROWS_MATCHED", "status": "OK", "rule": "PASS1_EXACT", "confidence": 1.0, "params": {"txn_id": "TXN000033", "order_id": "ORD0033", "amount_paise": 219500}}
{"timestamp": "2026-09-04T11:37:20.804532+00:00", "event": "ROWS_MATCHED", "status": "OK", "rule": "PASS1_EXACT", "confidence": 1.0, "params": {"txn_id": "TXN000034", "order_id": "ORD0034", "amount_paise": 635100}}
{"timestamp": "2026-09-04T11:37:20.805506+00:00", "event": "ROWS_MATCHED", "status": "OK", "rule": "PASS1_EXACT", "confidence": 1.0, "params": {"txn_id": "TXN000035", "order_id": "ORD0035", "amount_paise": 919400}}
{"timestamp": "2026-09-04T11:37:20.807182+00:00", "event": "ROWS_MATCHED", "status": "OK", "rule": "PASS1_EXACT", "confidence": 1.0, "params": {"txn_id": "TXN000036", "order_id": "ORD0036", "amount_paise": 1373800}}
{"timestamp": "2026-09-04T11:37:20.808269+00:00", "event": "ROWS_MATCHED", "status": "OK", "rule": "PASS1_EXACT", "confidence": 1.0, "params": {"txn_id": "TXN000037", "order_id": "ORD0037", "amount_paise": 1028300}}
{"timestamp": "2026-09-04T11:37:20.809146+00:00", "event": "ROWS_MATCHED", "status": "OK", "rule": "PASS1_EXACT", "confidence": 1.0, "params": {"txn_id": "TXN000038", "order_id": "ORD0038", "amount_paise": 1426800}}
{"timestamp": "2026-09-04T11:37:20.810017+00:00", "event": "ROWS_MATCHED", "status": "OK", "rule": "PASS1_EXACT", "confidence": 1.0, "params": {"txn_id": "TXN000039", "order_id": "ORD0039", "amount_paise": 960900}}
{"timestamp": "2026-09-04T11:37:20.810783+00:00", "event": "ROWS_MATCHED", "status": "OK", "rule": "PASS1_EXACT", "confidence": 1.0, "params": {"txn_id": "TXN000040", "order_id": "ORD0040", "amount_paise": 1169300}}
{"timestamp": "2026-09-04T11:37:20.811799+00:00", "event": "ROWS_MATCHED", "status": "OK", "rule": "PASS1_EXACT", "confidence": 1.0, "params": {"txn_id": "TXN000041", "order_id": "ORD0041", "amount_paise": 90000}}
{"timestamp": "2026-09-04T11:37:20.813072+00:00", "event": "ROWS_MATCHED", "status": "OK", "rule": "PASS1_EXACT", "confidence": 1.0, "params": {"txn_id": "TXN000042", "order_id": "ORD0042", "amount_paise": 388300}}
{"timestamp": "2026-09-04T11:37:20.814116+00:00", "event": "ROWS_MATCHED", "status": "OK", "rule": "PASS1_EXACT", "confidence": 1.0, "params": {"txn_id": "TXN000043", "order_id": "ORD0043", "amount_paise": 489100}}
{"timestamp": "2026-09-04T11:37:20.815109+00:00", "event": "ROWS_MATCHED", "status": "OK", "rule": "PASS1_EXACT", "confidence": 1.0, "params": {"txn_id": "TXN000044", "order_id": "ORD0044", "amount_paise": 1416300}}
{"timestamp": "2026-09-04T11:37:20.816014+00:00", "event": "ROWS_MATCHED", "status": "OK", "rule": "PASS1_EXACT", "confidence": 1.0, "params": {"txn_id": "TXN000045", "order_id": "ORD0045", "amount_paise": 1434600}}
{"timestamp": "2026-09-04T11:37:20.816859+00:00", "event": "ROWS_MATCHED", "status": "OK", "rule": "PASS1_EXACT", "confidence": 1.0, "params": {"txn_id": "TXN000046", "order_id": "ORD0046", "amount_paise": 637700}}
{"timestamp": "2026-09-04T11:37:20.817669+00:00", "event": "ROWS_MATCHED", "status": "OK", "rule": "PASS1_EXACT", "confidence": 1.0, "params": {"txn_id": "TXN000047", "order_id": "ORD0047", "amount_paise": 757800}}
{"timestamp": "2026-09-04T11:37:20.818201+00:00", "event": "ROWS_MATCHED", "status": "OK", "rule": "PASS1_EXACT", "confidence": 1.0, "params": {"txn_id": "TXN000048", "order_id": "ORD0048", "amount_paise": 1381600}}
{"timestamp": "2026-09-04T11:37:20.818493+00:00", "event": "ROWS_MATCHED", "status": "OK", "rule": "PASS1_EXACT", "confidence": 1.0, "params": {"txn_id": "TXN000049", "order_id": "ORD0049", "amount_paise": 281400}}
{"timestamp": "2026-09-04T11:37:20.818832+00:00", "event": "ROWS_MATCHED", "status": "OK", "rule": "PASS1_EXACT", "confidence": 1.0, "params": {"txn_id": "TXN000050", "order_id": "ORD0050", "amount_paise": 597000}}
{"timestamp": "2026-09-04T11:37:20.819135+00:00", "event": "ROWS_MATCHED", "status": "OK", "rule": "PASS1_EXACT", "confidence": 1.0, "params": {"txn_id": "TXN000051", "order_id": "ORD0051", "amount_paise": 1113000}}
{"timestamp": "2026-09-04T11:37:20.819495+00:00", "event": "ROWS_MATCHED", "status": "OK", "rule": "PASS1_EXACT", "confidence": 1.0, "params": {"txn_id": "TXN000052", "order_id": "ORD0052", "amount_paise": 1164800}}
{"timestamp": "2026-09-04T11:37:20.819853+00:00", "event": "ROWS_MATCHED", "status": "OK", "rule": "PASS1_EXACT", "confidence": 1.0, "params": {"txn_id": "TXN000053", "order_id": "ORD0053", "amount_paise": 1076700}}
{"timestamp": "2026-09-04T11:37:20.820237+00:00", "event": "ROWS_MATCHED", "status": "OK", "rule": "PASS1_EXACT", "confidence": 1.0, "params": {"txn_id": "TXN000054", "order_id": "ORD0054", "amount_paise": 1013000}}
{"timestamp": "2026-09-04T11:37:20.820595+00:00", "event": "ROWS_MATCHED", "status": "OK", "rule": "PASS1_EXACT", "confidence": 1.0, "params": {"txn_id": "TXN000055", "order_id": "ORD0055", "amount_paise": 295300}}
{"timestamp": "2026-09-04T11:37:20.820966+00:00", "event": "ROWS_MATCHED", "status": "OK", "rule": "PASS1_EXACT", "confidence": 1.0, "params": {"txn_id": "TXN000056", "order_id": "ORD0056", "amount_paise": 1209600}}
{"timestamp": "2026-09-04T11:37:20.821297+00:00", "event": "ROWS_MATCHED", "status": "OK", "rule": "PASS1_EXACT", "confidence": 1.0, "params": {"txn_id": "TXN000057", "order_id": "ORD0057", "amount_paise": 282700}}
{"timestamp": "2026-09-04T11:37:20.821586+00:00", "event": "ROWS_MATCHED", "status": "OK", "rule": "PASS1_EXACT", "confidence": 1.0, "params": {"txn_id": "TXN000058", "order_id": "ORD0058", "amount_paise": 636600}}
{"timestamp": "2026-09-04T11:37:20.821908+00:00", "event": "ROWS_MATCHED", "status": "OK", "rule": "PASS1_EXACT", "confidence": 1.0, "params": {"txn_id": "TXN000059", "order_id": "ORD0059", "amount_paise": 1063500}}
{"timestamp": "2026-09-04T11:37:20.822202+00:00", "event": "ROWS_MATCHED", "status": "OK", "rule": "PASS1_EXACT", "confidence": 1.0, "params": {"txn_id": "TXN000060", "order_id": "ORD0060", "amount_paise": 927500}}
{"timestamp": "2026-09-04T11:37:20.822611+00:00", "event": "ROWS_MATCHED", "status": "OK", "rule": "PASS1_EXACT", "confidence": 1.0, "params": {"txn_id": "TXN000061", "order_id": "ORD0061", "amount_paise": 1136600}}
{"timestamp": "2026-09-04T11:37:20.822998+00:00", "event": "ROWS_MATCHED", "status": "OK", "rule": "PASS1_EXACT", "confidence": 1.0, "params": {"txn_id": "TXN000062", "order_id": "ORD0062", "amount_paise": 1395900}}
{"timestamp": "2026-09-04T11:37:20.823361+00:00", "event": "ROWS_MATCHED", "status": "OK", "rule": "PASS1_EXACT", "confidence": 1.0, "params": {"txn_id": "TXN000063", "order_id": "ORD0063", "amount_paise": 1286300}}
{"timestamp": "2026-09-04T11:37:20.823931+00:00", "event": "ROWS_MATCHED", "status": "OK", "rule": "PASS1_EXACT", "confidence": 1.0, "params": {"txn_id": "TXN000064", "order_id": "ORD0064", "amount_paise": 390200}}
{"timestamp": "2026-09-04T11:37:20.824567+00:00", "event": "ROWS_MATCHED", "status": "OK", "rule": "PASS1_EXACT", "confidence": 1.0, "params": {"txn_id": "TXN000065", "order_id": "ORD0065", "amount_paise": 67500}}
{"timestamp": "2026-09-04T11:37:20.825472+00:00", "event": "ROWS_MATCHED", "status": "OK", "rule": "PASS1_EXACT", "confidence": 1.0, "params": {"txn_id": "TXN000083", "order_id": "ORD0083", "amount_paise": 1464600}}
{"timestamp": "2026-09-04T11:37:20.825898+00:00", "event": "ROWS_MATCHED", "status": "OK", "rule": "PASS1_EXACT", "confidence": 1.0, "params": {"txn_id": "TXN000084", "order_id": "ORD0084", "amount_paise": 1245200}}
{"timestamp": "2026-09-04T11:37:20.826273+00:00", "event": "ROWS_MATCHED", "status": "OK", "rule": "PASS1_EXACT", "confidence": 1.0, "params": {"txn_id": "TXN000085", "order_id": "ORD0085", "amount_paise": 1274200}}
{"timestamp": "2026-09-04T11:37:20.826609+00:00", "event": "ROWS_MATCHED", "status": "OK", "rule": "PASS1_EXACT", "confidence": 1.0, "params": {"txn_id": "TXN000086", "order_id": "ORD0086", "amount_paise": 572300}}
{"timestamp": "2026-09-04T11:37:20.826932+00:00", "event": "ROWS_MATCHED", "status": "OK", "rule": "PASS1_EXACT", "confidence": 1.0, "params": {"txn_id": "TXN000087", "order_id": "ORD0087", "amount_paise": 495800}}
{"timestamp": "2026-09-04T11:37:20.827236+00:00", "event": "ROWS_MATCHED", "status": "OK", "rule": "PASS1_EXACT", "confidence": 1.0, "params": {"txn_id": "TXN000088", "order_id": "ORD0088", "amount_paise": 274100}}
{"timestamp": "2026-09-04T11:37:20.827575+00:00", "event": "ROWS_MATCHED", "status": "OK", "rule": "PASS1_EXACT", "confidence": 1.0, "params": {"txn_id": "TXN000089", "order_id": "ORD0089", "amount_paise": 20300}}
{"timestamp": "2026-09-04T11:37:20.827898+00:00", "event": "ROWS_MATCHED", "status": "OK", "rule": "PASS1_EXACT", "confidence": 1.0, "params": {"txn_id": "TXN000090", "order_id": "ORD0090", "amount_paise": 1449900}}
{"timestamp": "2026-09-04T11:37:20.828190+00:00", "event": "ROWS_MATCHED", "status": "OK", "rule": "PASS1_EXACT", "confidence": 1.0, "params": {"txn_id": "TXN000091", "order_id": "ORD0091", "amount_paise": 446500}}
{"timestamp": "2026-09-04T11:37:20.828523+00:00", "event": "ROWS_MATCHED", "status": "OK", "rule": "PASS1_EXACT", "confidence": 1.0, "params": {"txn_id": "TXN000092", "order_id": "ORD0092", "amount_paise": 1263300}}
{"timestamp": "2026-09-04T11:37:20.828832+00:00", "event": "ROWS_MATCHED", "status": "OK", "rule": "PASS1_EXACT", "confidence": 1.0, "params": {"txn_id": "TXN000093", "order_id": "ORD0093", "amount_paise": 846700}}
{"timestamp": "2026-09-04T11:37:20.829121+00:00", "event": "ROWS_MATCHED", "status": "OK", "rule": "PASS1_EXACT", "confidence": 1.0, "params": {"txn_id": "TXN000095", "order_id": "ORD0095", "amount_paise": 846700}}
{"timestamp": "2026-09-04T11:37:20.829431+00:00", "event": "ROWS_MATCHED", "status": "OK", "rule": "PASS1_EXACT", "confidence": 1.0, "params": {"txn_id": "TXN000096", "order_id": "ORD0096", "amount_paise": 627600}}
{"timestamp": "2026-09-04T11:37:20.829712+00:00", "event": "ROWS_MATCHED", "status": "OK", "rule": "PASS1_EXACT", "confidence": 1.0, "params": {"txn_id": "TXN000098", "order_id": "ORD0098", "amount_paise": 15900}}
{"timestamp": "2026-09-04T11:37:20.830010+00:00", "event": "PASS1_COMPLETE", "status": "OK", "rule": "exact", "confidence": null, "params": {"matched": 79, "remaining_gateway": 21}}
{"timestamp": "2026-09-04T11:37:20.861984+00:00", "event": "ROWS_MATCHED", "status": "OK", "rule": "PASS2_FEE_TOLERANT", "confidence": 0.95, "params": {"txn_id": "TXN000066", "order_id": "ORD0066", "amount_paise": 531800}}
{"timestamp": "2026-09-04T11:37:20.862677+00:00", "event": "ROWS_MATCHED", "status": "OK", "rule": "PASS2_FEE_TOLERANT", "confidence": 0.95, "params": {"txn_id": "TXN000067", "order_id": "ORD0067", "amount_paise": 360600}}
{"timestamp": "2026-09-04T11:37:20.863071+00:00", "event": "ROWS_MATCHED", "status": "OK", "rule": "PASS2_FEE_TOLERANT", "confidence": 0.95, "params": {"txn_id": "TXN000068", "order_id": "ORD0068", "amount_paise": 1450800}}
{"timestamp": "2026-09-04T11:37:20.863428+00:00", "event": "ROWS_MATCHED", "status": "OK", "rule": "PASS2_FEE_TOLERANT", "confidence": 0.95, "params": {"txn_id": "TXN000069", "order_id": "ORD0069", "amount_paise": 1088800}}
{"timestamp": "2026-09-04T11:37:20.863837+00:00", "event": "ROWS_MATCHED", "status": "OK", "rule": "PASS2_FEE_TOLERANT", "confidence": 0.95, "params": {"txn_id": "TXN000070", "order_id": "ORD0070", "amount_paise": 1068200}}
{"timestamp": "2026-09-04T11:37:20.864258+00:00", "event": "ROWS_MATCHED", "status": "OK", "rule": "PASS2_FEE_TOLERANT", "confidence": 0.95, "params": {"txn_id": "TXN000071", "order_id": "ORD0071", "amount_paise": 243700}}
{"timestamp": "2026-09-04T11:37:20.864738+00:00", "event": "ROWS_MATCHED", "status": "OK", "rule": "PASS2_FEE_TOLERANT", "confidence": 0.95, "params": {"txn_id": "TXN000072", "order_id": "ORD0072", "amount_paise": 898000}}
{"timestamp": "2026-09-04T11:37:20.865140+00:00", "event": "ROWS_MATCHED", "status": "OK", "rule": "PASS2_FEE_TOLERANT", "confidence": 0.95, "params": {"txn_id": "TXN000073", "order_id": "ORD0073", "amount_paise": 716900}}
{"timestamp": "2026-09-04T11:37:20.865530+00:00", "event": "ROWS_MATCHED", "status": "OK", "rule": "PASS2_FEE_TOLERANT", "confidence": 0.95, "params": {"txn_id": "TXN000074", "order_id": "ORD0074", "amount_paise": 608000}}
{"timestamp": "2026-09-04T11:37:20.865884+00:00", "event": "ROWS_MATCHED", "status": "OK", "rule": "PASS2_FEE_TOLERANT", "confidence": 0.95, "params": {"txn_id": "TXN000075", "order_id": "ORD0075", "amount_paise": 241600}}
{"timestamp": "2026-09-04T11:37:20.866427+00:00", "event": "ROWS_MATCHED", "status": "OK", "rule": "PASS2_FEE_TOLERANT", "confidence": 0.95, "params": {"txn_id": "TXN000076", "order_id": "ORD0076", "amount_paise": 1253200}}
{"timestamp": "2026-09-04T11:37:20.867130+00:00", "event": "ROWS_MATCHED", "status": "OK", "rule": "PASS2_FEE_TOLERANT", "confidence": 0.95, "params": {"txn_id": "TXN000077", "order_id": "ORD0077", "amount_paise": 265400}}
{"timestamp": "2026-09-04T11:37:20.867781+00:00", "event": "ROWS_MATCHED", "status": "OK", "rule": "PASS2_FEE_TOLERANT", "confidence": 0.95, "params": {"txn_id": "TXN000078", "order_id": "ORD0078", "amount_paise": 1129900}}
{"timestamp": "2026-09-04T11:37:20.868394+00:00", "event": "ROWS_MATCHED", "status": "OK", "rule": "PASS2_FEE_TOLERANT", "confidence": 0.95, "params": {"txn_id": "TXN000079", "order_id": "ORD0079", "amount_paise": 645400}}
{"timestamp": "2026-09-04T11:37:20.868961+00:00", "event": "ROWS_MATCHED", "status": "OK", "rule": "PASS2_FEE_TOLERANT", "confidence": 0.95, "params": {"txn_id": "TXN000080", "order_id": "ORD0080", "amount_paise": 781800}}
{"timestamp": "2026-09-04T11:37:20.869435+00:00", "event": "ROWS_MATCHED", "status": "OK", "rule": "PASS2_FEE_TOLERANT", "confidence": 0.95, "params": {"txn_id": "TXN000081", "order_id": "ORD0081", "amount_paise": 921400}}
{"timestamp": "2026-09-04T11:37:20.869835+00:00", "event": "ROWS_MATCHED", "status": "OK", "rule": "PASS2_FEE_TOLERANT", "confidence": 0.95, "params": {"txn_id": "TXN000082", "order_id": "ORD0082", "amount_paise": 1129500}}
{"timestamp": "2026-09-04T11:37:20.870145+00:00", "event": "PASS2_COMPLETE", "status": "OK", "rule": "fee_tolerant", "confidence": null, "params": {"matched": 17, "remaining_gateway": 4}}
{"timestamp": "2026-09-04T11:37:20.870441+00:00", "event": "PASS3_START", "status": "OK", "rule": "ai", "confidence": null, "params": {"residual": 4}}
{"timestamp": "2026-09-04T11:37:20.872528+00:00", "event": "DECISION_ESCALATED", "status": "ESCALATED_TO_HUMAN", "rule": "heuristic", "confidence": 0.2, "params": {"txn_id": "TXN000094", "order_id": "ORD0094", "gateway_paise": 1039400, "bank_paise": 994400, "ledger_paise": 1039400, "gateway_rupees": 10394.0, "bank_rupees": 9944.0}}
{"timestamp": "2026-09-04T11:37:20.874136+00:00", "event": "DECISION_ESCALATED", "status": "ESCALATED_TO_HUMAN", "rule": "heuristic", "confidence": 0.2, "params": {"txn_id": "TXN000097", "order_id": "ORD0097", "gateway_paise": 1290700, "bank_paise": 1245700, "ledger_paise": 1290700, "gateway_rupees": 12907.0, "bank_rupees": 12457.0}}
{"timestamp": "2026-09-04T11:37:20.876119+00:00", "event": "DECISION_ESCALATED", "status": "ESCALATED_TO_HUMAN", "rule": "heuristic", "confidence": 0.2, "params": {"txn_id": "TXN000099", "order_id": "ORD0099", "gateway_paise": 46900, "bank_paise": 1900, "ledger_paise": 46900, "gateway_rupees": 469.0, "bank_rupees": 19.0}}
{"timestamp": "2026-09-04T11:37:20.877812+00:00", "event": "DECISION_ESCALATED", "status": "ESCALATED_TO_HUMAN", "rule": "heuristic", "confidence": 0.2, "params": {"txn_id": "TXN000100", "order_id": "ORD0100", "gateway_paise": 1454600, "bank_paise": 1409600, "ledger_paise": 1454600, "gateway_rupees": 14546.0, "bank_rupees": 14096.0}}
{"timestamp": "2026-09-04T11:37:20.880024+00:00", "event": "BATCH_COMPLETE", "status": "OK", "rule": "engine", "confidence": null, "params": {"total_gateway": 100, "total_bank": 100, "total_ledger": 100, "matched_exact_pass1": 79, "matched_fee_pass2": 17, "matched_ai_pass3": 0, "total_matched": 96, "unresolved_count": 4, "match_rate_pct": 96.0, "elapsed_sec": 0.1392, "throughput_rec_sec": 689.51, "precision_pct": 100.0, "ai_settled": 0, "ai_escalated": 4}}
{"timestamp": "2026-09-04T11:37:43.341222+00:00", "event": "BATCH_START", "status": "OK", "rule": "engine", "confidence": null, "params": {"gateway": 100, "bank": 100, "ledger": 100}}
{"timestamp": "2026-09-04T11:37:43.378149+00:00", "event": "ROWS_MATCHED", "status": "OK", "rule": "PASS1_EXACT", "confidence": 1.0, "params": {"txn_id": "TXN000001", "order_id": "ORD0001", "amount_paise": 1062600}}
{"timestamp": "2026-09-04T11:37:43.380290+00:00", "event": "ROWS_MATCHED", "status": "OK", "rule": "PASS1_EXACT", "confidence": 1.0, "params": {"txn_id": "TXN000002", "order_id": "ORD0002", "amount_paise": 55900}}
{"timestamp": "2026-09-04T11:37:43.381372+00:00", "event": "ROWS_MATCHED", "status": "OK", "rule": "PASS1_EXACT", "confidence": 1.0, "params": {"txn_id": "TXN000003", "order_id": "ORD0003", "amount_paise": 465600}}
{"timestamp": "2026-09-04T11:37:43.382223+00:00", "event": "ROWS_MATCHED", "status": "OK", "rule": "PASS1_EXACT", "confidence": 1.0, "params": {"txn_id": "TXN000004", "order_id": "ORD0004", "amount_paise": 380700}}
{"timestamp": "2026-09-04T11:37:43.383077+00:00", "event": "ROWS_MATCHED", "status": "OK", "rule": "PASS1_EXACT", "confidence": 1.0, "params": {"txn_id": "TXN000005", "order_id": "ORD0005", "amount_paise": 1221600}}
{"timestamp": "2026-09-04T11:37:43.384207+00:00", "event": "ROWS_MATCHED", "status": "OK", "rule": "PASS1_EXACT", "confidence": 1.0, "params": {"txn_id": "TXN000006", "order_id": "ORD0006", "amount_paise": 1123700}}
{"timestamp": "2026-09-04T11:37:43.385342+00:00", "event": "ROWS_MATCHED", "status": "OK", "rule": "PASS1_EXACT", "confidence": 1.0, "params": {"txn_id": "TXN000007", "order_id": "ORD0007", "amount_paise": 1476700}}
{"timestamp": "2026-09-04T11:37:43.386350+00:00", "event": "ROWS_MATCHED", "status": "OK", "rule": "PASS1_EXACT", "confidence": 1.0, "params": {"txn_id": "TXN000008", "order_id": "ORD0008", "amount_paise": 157400}}
{"timestamp": "2026-09-04T11:37:43.387255+00:00", "event": "ROWS_MATCHED", "status": "OK", "rule": "PASS1_EXACT", "confidence": 1.0, "params": {"txn_id": "TXN000009", "order_id": "ORD0009", "amount_paise": 706200}}
{"timestamp": "2026-09-04T11:37:43.387563+00:00", "event": "ROWS_MATCHED", "status": "OK", "rule": "PASS1_EXACT", "confidence": 1.0, "params": {"txn_id": "TXN000010", "order_id": "ORD0010", "amount_paise": 63800}}
{"timestamp": "2026-09-04T11:37:43.387862+00:00", "event": "ROWS_MATCHED", "status": "OK", "rule": "PASS1_EXACT", "confidence": 1.0, "params": {"txn_id": "TXN000011", "order_id": "ORD0011", "amount_paise": 373200}}
{"timestamp": "2026-09-04T11:37:43.388290+00:00", "event": "ROWS_MATCHED", "status": "OK", "rule": "PASS1_EXACT", "confidence": 1.0, "params": {"txn_id": "TXN000012", "order_id": "ORD0012", "amount_paise": 842900}}
{"timestamp": "2026-09-04T11:37:43.388626+00:00", "event": "ROWS_MATCHED", "status": "OK", "rule": "PASS1_EXACT", "confidence": 1.0, "params": {"txn_id": "TXN000013", "order_id": "ORD0013", "amount_paise": 58400}}
{"timestamp": "2026-09-04T11:37:43.388934+00:00", "event": "ROWS_MATCHED", "status": "OK", "rule": "PASS1_EXACT", "confidence": 1.0, "params": {"txn_id": "TXN000014", "order_id": "ORD0014", "amount_paise": 340700}}
{"timestamp": "2026-09-04T11:37:43.389294+00:00", "event": "ROWS_MATCHED", "status": "OK", "rule": "PASS1_EXACT", "confidence": 1.0, "params": {"txn_id": "TXN000015", "order_id": "ORD0015", "amount_paise": 1079700}}
{"timestamp": "2026-09-04T11:37:43.389564+00:00", "event": "ROWS_MATCHED", "status": "OK", "rule": "PASS1_EXACT", "confidence": 1.0, "params": {"txn_id": "TXN000016", "order_id": "ORD0016", "amount_paise": 907800}}
{"timestamp": "2026-09-04T11:37:43.389813+00:00", "event": "ROWS_MATCHED", "status": "OK", "rule": "PASS1_EXACT", "confidence": 1.0, "params": {"txn_id": "TXN000017", "order_id": "ORD0017", "amount_paise": 376100}}
{"timestamp": "2026-09-04T11:37:43.390050+00:00", "event": "ROWS_MATCHED", "status": "OK", "rule": "PASS1_EXACT", "confidence": 1.0, "params": {"txn_id": "TXN000018", "order_id": "ORD0018", "amount_paise": 980400}}
{"timestamp": "2026-09-04T11:37:43.390424+00:00", "event": "ROWS_MATCHED", "status": "OK", "rule": "PASS1_EXACT", "confidence": 1.0, "params": {"txn_id": "TXN000019", "order_id": "ORD0019", "amount_paise": 1341100}}
{"timestamp": "2026-09-04T11:37:43.390800+00:00", "event": "ROWS_MATCHED", "status": "OK", "rule": "PASS1_EXACT", "confidence": 1.0, "params": {"txn_id": "TXN000020", "order_id": "ORD0020", "amount_paise": 25600}}
{"timestamp": "2026-09-04T11:37:43.391136+00:00", "event": "ROWS_MATCHED", "status": "OK", "rule": "PASS1_EXACT", "confidence": 1.0, "params": {"txn_id": "TXN000021", "order_id": "ORD0021", "amount_paise": 1335200}}
{"timestamp": "2026-09-04T11:37:43.391605+00:00", "event": "ROWS_MATCHED", "status": "OK", "rule": "PASS1_EXACT", "confidence": 1.0, "params": {"txn_id": "TXN000022", "order_id": "ORD0022", "amount_paise": 1158800}}
{"timestamp": "2026-09-04T11:37:43.392164+00:00", "event": "ROWS_MATCHED", "status": "OK", "rule": "PASS1_EXACT", "confidence": 1.0, "params": {"txn_id": "TXN000023", "order_id": "ORD0023", "amount_paise": 572400}}
{"timestamp": "2026-09-04T11:37:43.392726+00:00", "event": "ROWS_MATCHED", "status": "OK", "rule": "PASS1_EXACT", "confidence": 1.0, "params": {"txn_id": "TXN000024", "order_id": "ORD0024", "amount_paise": 269700}}
{"timestamp": "2026-09-04T11:37:43.393179+00:00", "event": "ROWS_MATCHED", "status": "OK", "rule": "PASS1_EXACT", "confidence": 1.0, "params": {"txn_id": "TXN000025", "order_id": "ORD0025", "amount_paise": 1265900}}
{"timestamp": "2026-09-04T11:37:43.393516+00:00", "event": "ROWS_MATCHED", "status": "OK", "rule": "PASS1_EXACT", "confidence": 1.0, "params": {"txn_id": "TXN000026", "order_id": "ORD0026", "amount_paise": 182400}}
{"timestamp": "2026-09-04T11:37:43.393840+00:00", "event": "ROWS_MATCHED", "status": "OK", "rule": "PASS1_EXACT", "confidence": 1.0, "params": {"txn_id": "TXN000027", "order_id": "ORD0027", "amount_paise": 637400}}
{"timestamp": "2026-09-04T11:37:43.394154+00:00", "event": "ROWS_MATCHED", "status": "OK", "rule": "PASS1_EXACT", "confidence": 1.0, "params": {"txn_id": "TXN000028", "order_id": "ORD0028", "amount_paise": 603100}}
{"timestamp": "2026-09-04T11:37:43.394654+00:00", "event": "ROWS_MATCHED", "status": "OK", "rule": "PASS1_EXACT", "confidence": 1.0, "params": {"txn_id": "TXN000029", "order_id": "ORD0029", "amount_paise": 578500}}
{"timestamp": "2026-09-04T11:37:43.395146+00:00", "event": "ROWS_MATCHED", "status": "OK", "rule": "PASS1_EXACT", "confidence": 1.0, "params": {"txn_id": "TXN000030", "order_id": "ORD0030", "amount_paise": 448300}}
{"timestamp": "2026-09-04T11:37:43.396168+00:00", "event": "ROWS_MATCHED", "status": "OK", "rule": "PASS1_EXACT", "confidence": 1.0, "params": {"txn_id": "TXN000031", "order_id": "ORD0031", "amount_paise": 86100}}
{"timestamp": "2026-09-04T11:37:43.397062+00:00", "event": "ROWS_MATCHED", "status": "OK", "rule": "PASS1_EXACT", "confidence": 1.0, "params": {"txn_id": "TXN000032", "order_id": "ORD0032", "amount_paise": 767700}}
{"timestamp": "2026-09-04T11:37:43.398064+00:00", "event": "ROWS_MATCHED", "status": "OK", "rule": "PASS1_EXACT", "confidence": 1.0, "params": {"txn_id": "TXN000033", "order_id": "ORD0033", "amount_paise": 219500}}
{"timestamp": "2026-09-04T11:37:43.399470+00:00", "event": "ROWS_MATCHED", "status": "OK", "rule": "PASS1_EXACT", "confidence": 1.0, "params": {"txn_id": "TXN000034", "order_id": "ORD0034", "amount_paise": 635100}}
{"timestamp": "2026-09-04T11:37:43.400385+00:00", "event": "ROWS_MATCHED", "status": "OK", "rule": "PASS1_EXACT", "confidence": 1.0, "params": {"txn_id": "TXN000035", "order_id": "ORD0035", "amount_paise": 919400}}
{"timestamp": "2026-09-04T11:37:43.401216+00:00", "event": "ROWS_MATCHED", "status": "OK", "rule": "PASS1_EXACT", "confidence": 1.0, "params": {"txn_id": "TXN000036", "order_id": "ORD0036", "amount_paise": 1373800}}
{"timestamp": "2026-09-04T11:37:43.402123+00:00", "event": "ROWS_MATCHED", "status": "OK", "rule": "PASS1_EXACT", "confidence": 1.0, "params": {"txn_id": "TXN000037", "order_id": "ORD0037", "amount_paise": 1028300}}
{"timestamp": "2026-09-04T11:37:43.402635+00:00", "event": "ROWS_MATCHED", "status": "OK", "rule": "PASS1_EXACT", "confidence": 1.0, "params": {"txn_id": "TXN000038", "order_id": "ORD0038", "amount_paise": 1426800}}
{"timestamp": "2026-09-04T11:37:43.403220+00:00", "event": "ROWS_MATCHED", "status": "OK", "rule": "PASS1_EXACT", "confidence": 1.0, "params": {"txn_id": "TXN000039", "order_id": "ORD0039", "amount_paise": 960900}}
{"timestamp": "2026-09-04T11:37:43.404044+00:00", "event": "ROWS_MATCHED", "status": "OK", "rule": "PASS1_EXACT", "confidence": 1.0, "params": {"txn_id": "TXN000040", "order_id": "ORD0040", "amount_paise": 1169300}}
{"timestamp": "2026-09-04T11:37:43.404873+00:00", "event": "ROWS_MATCHED", "status": "OK", "rule": "PASS1_EXACT", "confidence": 1.0, "params": {"txn_id": "TXN000041", "order_id": "ORD0041", "amount_paise": 90000}}
{"timestamp": "2026-09-04T11:37:43.405351+00:00", "event": "ROWS_MATCHED", "status": "OK", "rule": "PASS1_EXACT", "confidence": 1.0, "params": {"txn_id": "TXN000042", "order_id": "ORD0042", "amount_paise": 388300}}
{"timestamp": "2026-09-04T11:37:43.405756+00:00", "event": "ROWS_MATCHED", "status": "OK", "rule": "PASS1_EXACT", "confidence": 1.0, "params": {"txn_id": "TXN000043", "order_id": "ORD0043", "amount_paise": 489100}}
{"timestamp": "2026-09-04T11:37:43.406313+00:00", "event": "ROWS_MATCHED", "status": "OK", "rule": "PASS1_EXACT", "confidence": 1.0, "params": {"txn_id": "TXN000044", "order_id": "ORD0044", "amount_paise": 1416300}}
{"timestamp": "2026-09-04T11:37:43.406869+00:00", "event": "ROWS_MATCHED", "status": "OK", "rule": "PASS1_EXACT", "confidence": 1.0, "params": {"txn_id": "TXN000045", "order_id": "ORD0045", "amount_paise": 1434600}}
{"timestamp": "2026-09-04T11:37:43.407516+00:00", "event": "ROWS_MATCHED", "status": "OK", "rule": "PASS1_EXACT", "confidence": 1.0, "params": {"txn_id": "TXN000046", "order_id": "ORD0046", "amount_paise": 637700}}
{"timestamp": "2026-09-04T11:37:43.408569+00:00", "event": "ROWS_MATCHED", "status": "OK", "rule": "PASS1_EXACT", "confidence": 1.0, "params": {"txn_id": "TXN000047", "order_id": "ORD0047", "amount_paise": 757800}}
{"timestamp": "2026-09-04T11:37:43.409415+00:00", "event": "ROWS_MATCHED", "status": "OK", "rule": "PASS1_EXACT", "confidence": 1.0, "params": {"txn_id": "TXN000048", "order_id": "ORD0048", "amount_paise": 1381600}}
{"timestamp": "2026-09-04T11:37:43.410295+00:00", "event": "ROWS_MATCHED", "status": "OK", "rule": "PASS1_EXACT", "confidence": 1.0, "params": {"txn_id": "TXN000049", "order_id": "ORD0049", "amount_paise": 281400}}
{"timestamp": "2026-09-04T11:37:43.411116+00:00", "event": "ROWS_MATCHED", "status": "OK", "rule": "PASS1_EXACT", "confidence": 1.0, "params": {"txn_id": "TXN000050", "order_id": "ORD0050", "amount_paise": 597000}}
{"timestamp": "2026-09-04T11:37:43.412252+00:00", "event": "ROWS_MATCHED", "status": "OK", "rule": "PASS1_EXACT", "confidence": 1.0, "params": {"txn_id": "TXN000051", "order_id": "ORD0051", "amount_paise": 1113000}}
{"timestamp": "2026-09-04T11:37:43.413132+00:00", "event": "ROWS_MATCHED", "status": "OK", "rule": "PASS1_EXACT", "confidence": 1.0, "params": {"txn_id": "TXN000052", "order_id": "ORD0052", "amount_paise": 1164800}}
{"timestamp": "2026-09-04T11:37:43.414145+00:00", "event": "ROWS_MATCHED", "status": "OK", "rule": "PASS1_EXACT", "confidence": 1.0, "params": {"txn_id": "TXN000053", "order_id": "ORD0053", "amount_paise": 1076700}}
{"timestamp": "2026-09-04T11:37:43.415101+00:00", "event": "ROWS_MATCHED", "status": "OK", "rule": "PASS1_EXACT", "confidence": 1.0, "params": {"txn_id": "TXN000054", "order_id": "ORD0054", "amount_paise": 1013000}}
{"timestamp": "2026-09-04T11:37:43.415807+00:00", "event": "ROWS_MATCHED", "status": "OK", "rule": "PASS1_EXACT", "confidence": 1.0, "params": {"txn_id": "TXN000055", "order_id": "ORD0055", "amount_paise": 295300}}
{"timestamp": "2026-09-04T11:37:43.416227+00:00", "event": "ROWS_MATCHED", "status": "OK", "rule": "PASS1_EXACT", "confidence": 1.0, "params": {"txn_id": "TXN000056", "order_id": "ORD0056", "amount_paise": 1209600}}
{"timestamp": "2026-09-04T11:37:43.416569+00:00", "event": "ROWS_MATCHED", "status": "OK", "rule": "PASS1_EXACT", "confidence": 1.0, "params": {"txn_id": "TXN000057", "order_id": "ORD0057", "amount_paise": 282700}}
{"timestamp": "2026-09-04T11:37:43.416903+00:00", "event": "ROWS_MATCHED", "status": "OK", "rule": "PASS1_EXACT", "confidence": 1.0, "params": {"txn_id": "TXN000058", "order_id": "ORD0058", "amount_paise": 636600}}
{"timestamp": "2026-09-04T11:37:43.417747+00:00", "event": "ROWS_MATCHED", "status": "OK", "rule": "PASS1_EXACT", "confidence": 1.0, "params": {"txn_id": "TXN000059", "order_id": "ORD0059", "amount_paise": 1063500}}
{"timestamp": "2026-09-04T11:37:43.418741+00:00", "event": "ROWS_MATCHED", "status": "OK", "rule": "PASS1_EXACT", "confidence": 1.0, "params": {"txn_id": "TXN000060", "order_id": "ORD0060", "amount_paise": 927500}}
{"timestamp": "2026-09-04T11:37:43.419678+00:00", "event": "ROWS_MATCHED", "status": "OK", "rule": "PASS1_EXACT", "confidence": 1.0, "params": {"txn_id": "TXN000061", "order_id": "ORD0061", "amount_paise": 1136600}}
{"timestamp": "2026-09-04T11:37:43.420563+00:00", "event": "ROWS_MATCHED", "status": "OK", "rule": "PASS1_EXACT", "confidence": 1.0, "params": {"txn_id": "TXN000062", "order_id": "ORD0062", "amount_paise": 1395900}}
{"timestamp": "2026-09-04T11:37:43.421474+00:00", "event": "ROWS_MATCHED", "status": "OK", "rule": "PASS1_EXACT", "confidence": 1.0, "params": {"txn_id": "TXN000063", "order_id": "ORD0063", "amount_paise": 1286300}}
{"timestamp": "2026-09-04T11:37:43.422290+00:00", "event": "ROWS_MATCHED", "status": "OK", "rule": "PASS1_EXACT", "confidence": 1.0, "params": {"txn_id": "TXN000064", "order_id": "ORD0064", "amount_paise": 390200}}
{"timestamp": "2026-09-04T11:37:43.422973+00:00", "event": "ROWS_MATCHED", "status": "OK", "rule": "PASS1_EXACT", "confidence": 1.0, "params": {"txn_id": "TXN000065", "order_id": "ORD0065", "amount_paise": 67500}}
{"timestamp": "2026-09-04T11:37:43.423598+00:00", "event": "ROWS_MATCHED", "status": "OK", "rule": "PASS1_EXACT", "confidence": 1.0, "params": {"txn_id": "TXN000083", "order_id": "ORD0083", "amount_paise": 1464600}}
{"timestamp": "2026-09-04T11:37:43.424216+00:00", "event": "ROWS_MATCHED", "status": "OK", "rule": "PASS1_EXACT", "confidence": 1.0, "params": {"txn_id": "TXN000084", "order_id": "ORD0084", "amount_paise": 1245200}}
{"timestamp": "2026-09-04T11:37:43.424794+00:00", "event": "ROWS_MATCHED", "status": "OK", "rule": "PASS1_EXACT", "confidence": 1.0, "params": {"txn_id": "TXN000085", "order_id": "ORD0085", "amount_paise": 1274200}}
{"timestamp": "2026-09-04T11:37:43.425442+00:00", "event": "ROWS_MATCHED", "status": "OK", "rule": "PASS1_EXACT", "confidence": 1.0, "params": {"txn_id": "TXN000086", "order_id": "ORD0086", "amount_paise": 572300}}
{"timestamp": "2026-09-04T11:37:43.426068+00:00", "event": "ROWS_MATCHED", "status": "OK", "rule": "PASS1_EXACT", "confidence": 1.0, "params": {"txn_id": "TXN000087", "order_id": "ORD0087", "amount_paise": 495800}}
{"timestamp": "2026-09-04T11:37:43.426832+00:00", "event": "ROWS_MATCHED", "status": "OK", "rule": "PASS1_EXACT", "confidence": 1.0, "params": {"txn_id": "TXN000088", "order_id": "ORD0088", "amount_paise": 274100}}
{"timestamp": "2026-09-04T11:37:43.427706+00:00", "event": "ROWS_MATCHED", "status": "OK", "rule": "PASS1_EXACT", "confidence": 1.0, "params": {"txn_id": "TXN000089", "order_id": "ORD0089", "amount_paise": 20300}}
{"timestamp": "2026-09-04T11:37:43.428575+00:00", "event": "ROWS_MATCHED", "status": "OK", "rule": "PASS1_EXACT", "confidence": 1.0, "params": {"txn_id": "TXN000090", "order_id": "ORD0090", "amount_paise": 1449900}}
{"timestamp": "2026-09-04T11:37:43.429398+00:00", "event": "ROWS_MATCHED", "status": "OK", "rule": "PASS1_EXACT", "confidence": 1.0, "params": {"txn_id": "TXN000091", "order_id": "ORD0091", "amount_paise": 446500}}
{"timestamp": "2026-09-04T11:37:43.430253+00:00", "event": "ROWS_MATCHED", "status": "OK", "rule": "PASS1_EXACT", "confidence": 1.0, "params": {"txn_id": "TXN000092", "order_id": "ORD0092", "amount_paise": 1263300}}
{"timestamp": "2026-09-04T11:37:43.432050+00:00", "event": "ROWS_MATCHED", "status": "OK", "rule": "PASS1_EXACT", "confidence": 1.0, "params": {"txn_id": "TXN000093", "order_id": "ORD0093", "amount_paise": 846700}}
{"timestamp": "2026-09-04T11:37:43.433160+00:00", "event": "ROWS_MATCHED", "status": "OK", "rule": "PASS1_EXACT", "confidence": 1.0, "params": {"txn_id": "TXN000095", "order_id": "ORD0095", "amount_paise": 846700}}
{"timestamp": "2026-09-04T11:37:43.434283+00:00", "event": "ROWS_MATCHED", "status": "OK", "rule": "PASS1_EXACT", "confidence": 1.0, "params": {"txn_id": "TXN000096", "order_id": "ORD0096", "amount_paise": 627600}}
{"timestamp": "2026-09-04T11:37:43.435233+00:00", "event": "ROWS_MATCHED", "status": "OK", "rule": "PASS1_EXACT", "confidence": 1.0, "params": {"txn_id": "TXN000098", "order_id": "ORD0098", "amount_paise": 15900}}
{"timestamp": "2026-09-04T11:37:43.435948+00:00", "event": "PASS1_COMPLETE", "status": "OK", "rule": "exact", "confidence": null, "params": {"matched": 79, "remaining_gateway": 21}}
{"timestamp": "2026-09-04T11:37:43.482138+00:00", "event": "ROWS_MATCHED", "status": "OK", "rule": "PASS2_FEE_TOLERANT", "confidence": 0.95, "params": {"txn_id": "TXN000066", "order_id": "ORD0066", "amount_paise": 531800}}
{"timestamp": "2026-09-04T11:37:43.483171+00:00", "event": "ROWS_MATCHED", "status": "OK", "rule": "PASS2_FEE_TOLERANT", "confidence": 0.95, "params": {"txn_id": "TXN000067", "order_id": "ORD0067", "amount_paise": 360600}}
{"timestamp": "2026-09-04T11:37:43.483725+00:00", "event": "ROWS_MATCHED", "status": "OK", "rule": "PASS2_FEE_TOLERANT", "confidence": 0.95, "params": {"txn_id": "TXN000068", "order_id": "ORD0068", "amount_paise": 1450800}}
{"timestamp": "2026-09-04T11:37:43.484158+00:00", "event": "ROWS_MATCHED", "status": "OK", "rule": "PASS2_FEE_TOLERANT", "confidence": 0.95, "params": {"txn_id": "TXN000069", "order_id": "ORD0069", "amount_paise": 1088800}}
{"timestamp": "2026-09-04T11:37:43.484594+00:00", "event": "ROWS_MATCHED", "status": "OK", "rule": "PASS2_FEE_TOLERANT", "confidence": 0.95, "params": {"txn_id": "TXN000070", "order_id": "ORD0070", "amount_paise": 1068200}}
{"timestamp": "2026-09-04T11:37:43.485162+00:00", "event": "ROWS_MATCHED", "status": "OK", "rule": "PASS2_FEE_TOLERANT", "confidence": 0.95, "params": {"txn_id": "TXN000071", "order_id": "ORD0071", "amount_paise": 243700}}
{"timestamp": "2026-09-04T11:37:43.485680+00:00", "event": "ROWS_MATCHED", "status": "OK", "rule": "PASS2_FEE_TOLERANT", "confidence": 0.95, "params": {"txn_id": "TXN000072", "order_id": "ORD0072", "amount_paise": 898000}}
{"timestamp": "2026-09-04T11:37:43.486148+00:00", "event": "ROWS_MATCHED", "status": "OK", "rule": "PASS2_FEE_TOLERANT", "confidence": 0.95, "params": {"txn_id": "TXN000073", "order_id": "ORD0073", "amount_paise": 716900}}
{"timestamp": "2026-09-04T11:37:43.486654+00:00", "event": "ROWS_MATCHED", "status": "OK", "rule": "PASS2_FEE_TOLERANT", "confidence": 0.95, "params": {"txn_id": "TXN000074", "order_id": "ORD0074", "amount_paise": 608000}}
{"timestamp": "2026-09-04T11:37:43.487192+00:00", "event": "ROWS_MATCHED", "status": "OK", "rule": "PASS2_FEE_TOLERANT", "confidence": 0.95, "params": {"txn_id": "TXN000075", "order_id": "ORD0075", "amount_paise": 241600}}
{"timestamp": "2026-09-04T11:37:43.487637+00:00", "event": "ROWS_MATCHED", "status": "OK", "rule": "PASS2_FEE_TOLERANT", "confidence": 0.95, "params": {"txn_id": "TXN000076", "order_id": "ORD0076", "amount_paise": 1253200}}
{"timestamp": "2026-09-04T11:37:43.488014+00:00", "event": "ROWS_MATCHED", "status": "OK", "rule": "PASS2_FEE_TOLERANT", "confidence": 0.95, "params": {"txn_id": "TXN000077", "order_id": "ORD0077", "amount_paise": 265400}}
{"timestamp": "2026-09-04T11:37:43.488389+00:00", "event": "ROWS_MATCHED", "status": "OK", "rule": "PASS2_FEE_TOLERANT", "confidence": 0.95, "params": {"txn_id": "TXN000078", "order_id": "ORD0078", "amount_paise": 1129900}}
{"timestamp": "2026-09-04T11:37:43.488842+00:00", "event": "ROWS_MATCHED", "status": "OK", "rule": "PASS2_FEE_TOLERANT", "confidence": 0.95, "params": {"txn_id": "TXN000079", "order_id": "ORD0079", "amount_paise": 645400}}
{"timestamp": "2026-09-04T11:37:43.489301+00:00", "event": "ROWS_MATCHED", "status": "OK", "rule": "PASS2_FEE_TOLERANT", "confidence": 0.95, "params": {"txn_id": "TXN000080", "order_id": "ORD0080", "amount_paise": 781800}}
{"timestamp": "2026-09-04T11:37:43.489682+00:00", "event": "ROWS_MATCHED", "status": "OK", "rule": "PASS2_FEE_TOLERANT", "confidence": 0.95, "params": {"txn_id": "TXN000081", "order_id": "ORD0081", "amount_paise": 921400}}
{"timestamp": "2026-09-04T11:37:43.490061+00:00", "event": "ROWS_MATCHED", "status": "OK", "rule": "PASS2_FEE_TOLERANT", "confidence": 0.95, "params": {"txn_id": "TXN000082", "order_id": "ORD0082", "amount_paise": 1129500}}
{"timestamp": "2026-09-04T11:37:43.490354+00:00", "event": "PASS2_COMPLETE", "status": "OK", "rule": "fee_tolerant", "confidence": null, "params": {"matched": 17, "remaining_gateway": 4}}
{"timestamp": "2026-09-04T11:37:43.490651+00:00", "event": "PASS3_START", "status": "OK", "rule": "ai", "confidence": null, "params": {"residual": 4}}
{"timestamp": "2026-09-04T11:37:43.492703+00:00", "event": "DECISION_ESCALATED", "status": "ESCALATED_TO_HUMAN", "rule": "heuristic", "confidence": 0.2, "params": {"txn_id": "TXN000094", "order_id": "ORD0094", "gateway_paise": 1039400, "bank_paise": 994400, "ledger_paise": 1039400, "gateway_rupees": 10394.0, "bank_rupees": 9944.0}}
{"timestamp": "2026-09-04T11:37:43.494335+00:00", "event": "DECISION_ESCALATED", "status": "ESCALATED_TO_HUMAN", "rule": "heuristic", "confidence": 0.2, "params": {"txn_id": "TXN000097", "order_id": "ORD0097", "gateway_paise": 1290700, "bank_paise": 1245700, "ledger_paise": 1290700, "gateway_rupees": 12907.0, "bank_rupees": 12457.0}}
{"timestamp": "2026-09-04T11:37:43.496961+00:00", "event": "DECISION_ESCALATED", "status": "ESCALATED_TO_HUMAN", "rule": "heuristic", "confidence": 0.2, "params": {"txn_id": "TXN000099", "order_id": "ORD0099", "gateway_paise": 46900, "bank_paise": 1900, "ledger_paise": 46900, "gateway_rupees": 469.0, "bank_rupees": 19.0}}
{"timestamp": "2026-09-04T11:37:43.498913+00:00", "event": "DECISION_ESCALATED", "status": "ESCALATED_TO_HUMAN", "rule": "heuristic", "confidence": 0.2, "params": {"txn_id": "TXN000100", "order_id": "ORD0100", "gateway_paise": 1454600, "bank_paise": 1409600, "ledger_paise": 1454600, "gateway_rupees": 14546.0, "bank_rupees": 14096.0}}
{"timestamp": "2026-09-04T11:37:43.501653+00:00", "event": "BATCH_COMPLETE", "status": "OK", "rule": "engine", "confidence": null, "params": {"total_gateway": 100, "total_bank": 100, "total_ledger": 100, "matched_exact_pass1": 79, "matched_fee_pass2": 17, "matched_ai_pass3": 0, "total_matched": 96, "unresolved_count": 4, "match_rate_pct": 96.0, "elapsed_sec": 0.1737, "throughput_rec_sec": 552.6, "precision_pct": 100.0, "ai_settled": 0, "ai_escalated": 4}}
